{"level":"info","message":"Checking ArangoDB availability at http://localhost:8529 (try 1)","timestamp":"2026-05-11T07:42:58.227Z","namespace":"allpeep:db"}
{"level":"info","message":"ArangoDB is available at http://localhost:8529","timestamp":"2026-05-11T07:42:58.240Z","namespace":"allpeep:db"}
{"level":"info","message":"Using default database","timestamp":"2026-05-11T07:42:58.240Z","namespace":"allpeep:db"}
{"level":"info","message":"Ensuring function MERGE_CAPABILITIES","timestamp":"2026-05-11T07:42:58.242Z","namespace":"allpeep:db"}
{"level":"info","message":"Ensuring function CHECK_CAPABILITIES","timestamp":"2026-05-11T07:42:58.240Z","namespace":"allpeep:db"}
{"level":"info","message":"Ensuring functions","timestamp":"2026-05-11T07:42:58.240Z","namespace":"allpeep:db"}
{"level":"info","message":"Skipping data migration Add note type to create entries (018fa9a0-ae6a-79e5-a529-6d13f335dbc4).","timestamp":"2026-05-11T07:42:58.259Z","namespace":"db:dataMigrations"}
{"level":"info","message":"Skipping data migration Replace actor with profile in follows collection (019131ae-e429-7d15-bd25-6ed89b04952d).","timestamp":"2026-05-11T07:42:58.261Z","namespace":"db:dataMigrations"}
{"level":"info","message":"Skipping data migration Replace actor with profile in entries collection (0191942c-3931-779c-9d40-74be98aa4220).","timestamp":"2026-05-11T07:42:58.263Z","namespace":"db:dataMigrations"}
{"level":"info","message":"Skipping data migration Replace actor with profile in hasRole collection (0191942c-8280-76d1-a7a1-8caa454ea5ab).","timestamp":"2026-05-11T07:42:58.266Z","namespace":"db:dataMigrations"}
{"level":"info","message":"Skipping data migration Replace actor with profile in mentions collection (0191942c-a90e-71e6-846f-7dc882c8c00b).","timestamp":"2026-05-11T07:42:58.269Z","namespace":"db:dataMigrations"}
{"level":"info","message":"Skipping data migration Replace actor with profile in reactions collection (0191942c-e79f-7bb4-9e28-59a30519225d).","timestamp":"2026-05-11T07:42:58.272Z","namespace":"db:dataMigrations"}
{"level":"info","message":"Skipping data migration Replace actor with profile in controls collection (0191942c-e79f-7bb4-9e28-59a30519225e).","timestamp":"2026-05-11T07:42:58.273Z","namespace":"db:dataMigrations"}
{"level":"info","message":"Skipping data migration Rename actor collection to profiles (0191942f-4766-7d9c-b71f-5497a39ae774).","timestamp":"2026-05-11T07:42:58.275Z","namespace":"db:dataMigrations"}
{"level":"info","message":"Skipping data migration Remove logs collection (0191e638-ed19-721f-9aed-429714253ead).","timestamp":"2026-05-11T07:42:58.276Z","namespace":"db:dataMigrations"}
{"level":"info","message":"Skipping data migration Rename user collection to account (01920f6b-ebf7-719b-8da4-d99e4b082486).","timestamp":"2026-05-11T07:42:58.278Z","namespace":"db:dataMigrations"}
{"level":"info","message":"Skipping data migration Rename userToPushSubscription collection to accountToPushSubscription (01920f58-dcc7-7b86-b0fc-03e7536aae93).","timestamp":"2026-05-11T07:42:58.280Z","namespace":"db:dataMigrations"}
{"level":"info","message":"Skipping data migration Replace user with account in controls collection (0192057e-f212-76b1-9e54-b5518c2927c7).","timestamp":"2026-05-11T07:42:58.282Z","namespace":"db:dataMigrations"}
{"level":"info","message":"Skipping data migration Replace user with account in accountToPushSubscription collection (01920a04-a3f5-7b10-8a31-c55dfae82c6d).","timestamp":"2026-05-11T07:42:58.283Z","namespace":"db:dataMigrations"}
{"level":"info","message":"Skipping data migration Deleting index on username (01920f80-0d50-7dee-a6cc-c78dc5200c32).","timestamp":"2026-05-11T07:42:58.284Z","namespace":"db:dataMigrations"}
{"level":"info","message":"Skipping data migration Renaming username to handle (01920fb5-1afb-70e4-9f8a-f47b6b49918b).","timestamp":"2026-05-11T07:42:58.285Z","namespace":"db:dataMigrations"}
{"level":"info","message":"Skipping data migration Fixing jam events (01927134-8082-727f-9df0-1c152a020e33).","timestamp":"2026-05-11T07:42:58.286Z","namespace":"db:dataMigrations"}
{"level":"info","message":"Skipping data migration Fixing notifications (01927158-191a-7ca9-bbd3-0c6cfe505731).","timestamp":"2026-05-11T07:42:58.288Z","namespace":"db:dataMigrations"}
{"level":"info","message":"Skipping data migration Fixing jam events again (0192900c-5b17-7dd8-8afd-d6c6c160ad8e).","timestamp":"2026-05-11T07:42:58.289Z","namespace":"db:dataMigrations"}
{"level":"info","message":"Skipping data migration Fixing notification type (0194d539-06ac-750c-9577-e982464575ae).","timestamp":"2026-05-11T07:42:58.290Z","namespace":"db:dataMigrations"}
{"level":"info","message":"Skipping data migration Copy mentions content to audience for direct messages only (0194f5d4-e347-7c4c-b26c-ec712812ae74).","timestamp":"2026-05-11T07:42:58.291Z","namespace":"db:dataMigrations"}
{"level":"info","message":"Skipping data migration Generate and set createdAt and updatedAt entries for mentions (0194fc1f-13ea-72f7-8954-0609b77af91e).","timestamp":"2026-05-11T07:42:58.292Z","namespace":"db:dataMigrations"}
{"level":"info","message":"Skipping data migration Convert jams to events and remove jams collection (0196795d-274b-7c51-9095-95880f9e815e).","timestamp":"2026-05-11T07:42:58.294Z","namespace":"db:dataMigrations"}
{"level":"info","message":"Skipping data migration Fix malformed hashtags created by old regex pattern (01a19837-edf6-43db-8953-6c19ecaab122).","timestamp":"2026-05-11T07:42:58.296Z","namespace":"db:dataMigrations"}
{"level":"info","message":"Skipping data migration Adding type on existing push subcriptions (01976851-be8c-7115-a82a-27c540d5320a).","timestamp":"2026-05-11T07:42:58.298Z","namespace":"db:dataMigrations"}
{"level":"info","message":"Skipping data migration Add data to post (019802f2-b27a-72c3-9ca1-fc344b72b66b).","timestamp":"2026-05-11T07:42:58.299Z","namespace":"db:dataMigrations"}
{"level":"info","message":"Skipping data migration Setting profiles without type to \"local\" (01988a61-aa54-7b47-abc8-f0e63bf5fdd6).","timestamp":"2026-05-11T07:42:58.300Z","namespace":"db:dataMigrations"}
{"level":"info","message":"Skipping data migration Update group memeberships from capabilities to roles (019898f2-c539-7cfb-ba41-cf58f952dd62).","timestamp":"2026-05-11T07:42:58.302Z","namespace":"db:dataMigrations"}
{"level":"info","message":"Skipping data migration Update group capabilities (01989922-a9a0-7aae-8b9e-6416ed9c67b7).","timestamp":"2026-05-11T07:42:58.303Z","namespace":"db:dataMigrations"}
{"level":"info","message":"Skipping data migration Update jam events (0198a7fc-72d1-7a2f-8c15-7d1bd0f0d109).","timestamp":"2026-05-11T07:42:58.306Z","namespace":"db:dataMigrations"}
{"level":"info","message":"Skipping data migration Refactor theme for allpeep-community config to light/dark structure (8bdf3512-0649-48c8-a9af-b6bfd1f86f1a).","timestamp":"2026-05-11T07:42:58.307Z","namespace":"db:dataMigrations"}
{"level":"info","message":"Skipping data migration Add creator ids to posts for easier filtering (0199c52d-2bf0-74e8-9a2f-ff65fd5b7b6a).","timestamp":"2026-05-11T07:42:58.308Z","namespace":"db:dataMigrations"}
{"level":"info","message":"Skipping data migration Remove jam messages left without profileId because of a bad migration (0199ec4e-aed3-787c-a180-9aed9166a882).","timestamp":"2026-05-11T07:42:58.309Z","namespace":"db:dataMigrations"}
{"level":"info","message":"Skipping data migration Make current users members so they can keep posting (019a2b1f-b21c-7f69-8b24-e186bb59c6b5).","timestamp":"2026-05-11T07:42:58.310Z","namespace":"db:dataMigrations"}
{"level":"info","message":"Skipping data migration Create default profile configs for existing profiles (b1f4c3d2-5e6f-4a7b-8c9d-0e1f2a3b4c5d).","timestamp":"2026-05-11T07:42:58.311Z","namespace":"db:dataMigrations"}
{"level":"info","message":"Skipping data migration Delete guest reports and their reportedProfile edges (41c542ad-1dd5-4407-bac5-dfe2aa83edcf).","timestamp":"2026-05-11T07:42:58.312Z","namespace":"db:dataMigrations"}
{"level":"info","message":"Skipping data migration Deleting Duplicate Group Memberships (bed1669c-8487-4ab9-ba23-8aec8b6e215d).","timestamp":"2026-05-11T07:42:58.313Z","namespace":"db:dataMigrations"}
{"level":"info","message":"Skipping data migration Add reply, RSVP, and vote post capabilities for group members (019c98bd-56bf-7326-a4ea-45fd4fcd2309).","timestamp":"2026-05-11T07:42:58.314Z","namespace":"db:dataMigrations"}
{"level":"info","message":"Skipping data migration Removing all deleted accounts, their push subscriptions, and connecting edges (65c54e29-c0f7-4336-8dbb-c250d8f6c5d5).","timestamp":"2026-05-11T07:42:58.315Z","namespace":"db:dataMigrations"}
{"level":"info","message":"Skipping data migration Rename configuration document keys from allpeep-* to openpeeps-* (a1b2c3d4-e5f6-4a7b-8c9d-0e1f2a3b4c5d).","timestamp":"2026-05-11T07:42:58.316Z","namespace":"db:dataMigrations"}
{"level":"info","message":"Cleaning up dangling edges...","timestamp":"2026-05-11T07:42:58.316Z","namespace":"db:cleanup"}
{"level":"info","message":"Removed 0 dangling edges in accountToPushSubscription [30 ms])","timestamp":"2026-05-11T07:42:58.346Z","namespace":"db:cleanup"}
{"level":"info","message":"Checking ArangoDB availability at http://localhost:8529 (try 1)","timestamp":"2026-05-11T07:43:05.943Z","namespace":"allpeep:db"}
{"level":"info","message":"ArangoDB is available at http://localhost:8529","timestamp":"2026-05-11T07:43:05.955Z","namespace":"allpeep:db"}
{"level":"info","message":"Using default database","timestamp":"2026-05-11T07:43:05.955Z","namespace":"allpeep:db"}
{"level":"info","message":"Ensuring function CHECK_CAPABILITIES","timestamp":"2026-05-11T07:43:05.955Z","namespace":"allpeep:db"}
{"level":"info","message":"Ensuring functions","timestamp":"2026-05-11T07:43:05.955Z","namespace":"allpeep:db"}
{"level":"info","message":"Ensuring function MERGE_CAPABILITIES","timestamp":"2026-05-11T07:43:05.957Z","namespace":"allpeep:db"}
{"level":"info","message":"Skipping data migration Add note type to create entries (018fa9a0-ae6a-79e5-a529-6d13f335dbc4).","timestamp":"2026-05-11T07:43:05.976Z","namespace":"db:dataMigrations"}
{"level":"info","message":"Skipping data migration Replace actor with profile in follows collection (019131ae-e429-7d15-bd25-6ed89b04952d).","timestamp":"2026-05-11T07:43:05.978Z","namespace":"db:dataMigrations"}
{"level":"info","message":"Skipping data migration Replace actor with profile in entries collection (0191942c-3931-779c-9d40-74be98aa4220).","timestamp":"2026-05-11T07:43:05.980Z","namespace":"db:dataMigrations"}
{"level":"info","message":"Skipping data migration Replace actor with profile in hasRole collection (0191942c-8280-76d1-a7a1-8caa454ea5ab).","timestamp":"2026-05-11T07:43:05.983Z","namespace":"db:dataMigrations"}
{"level":"info","message":"Skipping data migration Replace actor with profile in mentions collection (0191942c-a90e-71e6-846f-7dc882c8c00b).","timestamp":"2026-05-11T07:43:05.989Z","namespace":"db:dataMigrations"}
{"level":"info","message":"Skipping data migration Replace actor with profile in reactions collection (0191942c-e79f-7bb4-9e28-59a30519225d).","timestamp":"2026-05-11T07:43:05.991Z","namespace":"db:dataMigrations"}
{"level":"info","message":"Skipping data migration Replace actor with profile in controls collection (0191942c-e79f-7bb4-9e28-59a30519225e).","timestamp":"2026-05-11T07:43:05.992Z","namespace":"db:dataMigrations"}
{"level":"info","message":"Skipping data migration Rename actor collection to profiles (0191942f-4766-7d9c-b71f-5497a39ae774).","timestamp":"2026-05-11T07:43:05.993Z","namespace":"db:dataMigrations"}
{"level":"info","message":"Skipping data migration Remove logs collection (0191e638-ed19-721f-9aed-429714253ead).","timestamp":"2026-05-11T07:43:05.995Z","namespace":"db:dataMigrations"}
{"level":"info","message":"Skipping data migration Rename user collection to account (01920f6b-ebf7-719b-8da4-d99e4b082486).","timestamp":"2026-05-11T07:43:05.997Z","namespace":"db:dataMigrations"}
{"level":"info","message":"Skipping data migration Rename userToPushSubscription collection to accountToPushSubscription (01920f58-dcc7-7b86-b0fc-03e7536aae93).","timestamp":"2026-05-11T07:43:05.998Z","namespace":"db:dataMigrations"}
{"level":"info","message":"Skipping data migration Replace user with account in controls collection (0192057e-f212-76b1-9e54-b5518c2927c7).","timestamp":"2026-05-11T07:43:05.999Z","namespace":"db:dataMigrations"}
{"level":"info","message":"Skipping data migration Replace user with account in accountToPushSubscription collection (01920a04-a3f5-7b10-8a31-c55dfae82c6d).","timestamp":"2026-05-11T07:43:06.001Z","namespace":"db:dataMigrations"}
{"level":"info","message":"Skipping data migration Deleting index on username (01920f80-0d50-7dee-a6cc-c78dc5200c32).","timestamp":"2026-05-11T07:43:06.003Z","namespace":"db:dataMigrations"}
{"level":"info","message":"Skipping data migration Renaming username to handle (01920fb5-1afb-70e4-9f8a-f47b6b49918b).","timestamp":"2026-05-11T07:43:06.004Z","namespace":"db:dataMigrations"}
{"level":"info","message":"Skipping data migration Fixing jam events (01927134-8082-727f-9df0-1c152a020e33).","timestamp":"2026-05-11T07:43:06.005Z","namespace":"db:dataMigrations"}
{"level":"info","message":"Skipping data migration Fixing notifications (01927158-191a-7ca9-bbd3-0c6cfe505731).","timestamp":"2026-05-11T07:43:06.008Z","namespace":"db:dataMigrations"}
{"level":"info","message":"Skipping data migration Fixing jam events again (0192900c-5b17-7dd8-8afd-d6c6c160ad8e).","timestamp":"2026-05-11T07:43:06.009Z","namespace":"db:dataMigrations"}
{"level":"info","message":"Skipping data migration Fixing notification type (0194d539-06ac-750c-9577-e982464575ae).","timestamp":"2026-05-11T07:43:06.010Z","namespace":"db:dataMigrations"}
{"level":"info","message":"Skipping data migration Copy mentions content to audience for direct messages only (0194f5d4-e347-7c4c-b26c-ec712812ae74).","timestamp":"2026-05-11T07:43:06.012Z","namespace":"db:dataMigrations"}
{"level":"info","message":"Skipping data migration Generate and set createdAt and updatedAt entries for mentions (0194fc1f-13ea-72f7-8954-0609b77af91e).","timestamp":"2026-05-11T07:43:06.013Z","namespace":"db:dataMigrations"}
{"level":"info","message":"Skipping data migration Convert jams to events and remove jams collection (0196795d-274b-7c51-9095-95880f9e815e).","timestamp":"2026-05-11T07:43:06.016Z","namespace":"db:dataMigrations"}
{"level":"info","message":"Skipping data migration Fix malformed hashtags created by old regex pattern (01a19837-edf6-43db-8953-6c19ecaab122).","timestamp":"2026-05-11T07:43:06.018Z","namespace":"db:dataMigrations"}
{"level":"info","message":"Skipping data migration Adding type on existing push subcriptions (01976851-be8c-7115-a82a-27c540d5320a).","timestamp":"2026-05-11T07:43:06.019Z","namespace":"db:dataMigrations"}
{"level":"info","message":"Skipping data migration Add data to post (019802f2-b27a-72c3-9ca1-fc344b72b66b).","timestamp":"2026-05-11T07:43:06.021Z","namespace":"db:dataMigrations"}
{"level":"info","message":"Skipping data migration Setting profiles without type to \"local\" (01988a61-aa54-7b47-abc8-f0e63bf5fdd6).","timestamp":"2026-05-11T07:43:06.022Z","namespace":"db:dataMigrations"}
{"level":"info","message":"Skipping data migration Update group memeberships from capabilities to roles (019898f2-c539-7cfb-ba41-cf58f952dd62).","timestamp":"2026-05-11T07:43:06.024Z","namespace":"db:dataMigrations"}
{"level":"info","message":"Skipping data migration Update group capabilities (01989922-a9a0-7aae-8b9e-6416ed9c67b7).","timestamp":"2026-05-11T07:43:06.025Z","namespace":"db:dataMigrations"}
{"level":"info","message":"Skipping data migration Update jam events (0198a7fc-72d1-7a2f-8c15-7d1bd0f0d109).","timestamp":"2026-05-11T07:43:06.027Z","namespace":"db:dataMigrations"}
{"level":"info","message":"Skipping data migration Refactor theme for allpeep-community config to light/dark structure (8bdf3512-0649-48c8-a9af-b6bfd1f86f1a).","timestamp":"2026-05-11T07:43:06.028Z","namespace":"db:dataMigrations"}
{"level":"info","message":"Skipping data migration Add creator ids to posts for easier filtering (0199c52d-2bf0-74e8-9a2f-ff65fd5b7b6a).","timestamp":"2026-05-11T07:43:06.029Z","namespace":"db:dataMigrations"}
{"level":"info","message":"Skipping data migration Remove jam messages left without profileId because of a bad migration (0199ec4e-aed3-787c-a180-9aed9166a882).","timestamp":"2026-05-11T07:43:06.030Z","namespace":"db:dataMigrations"}
{"level":"info","message":"Skipping data migration Make current users members so they can keep posting (019a2b1f-b21c-7f69-8b24-e186bb59c6b5).","timestamp":"2026-05-11T07:43:06.031Z","namespace":"db:dataMigrations"}
{"level":"info","message":"Skipping data migration Create default profile configs for existing profiles (b1f4c3d2-5e6f-4a7b-8c9d-0e1f2a3b4c5d).","timestamp":"2026-05-11T07:43:06.032Z","namespace":"db:dataMigrations"}
{"level":"info","message":"Skipping data migration Delete guest reports and their reportedProfile edges (41c542ad-1dd5-4407-bac5-dfe2aa83edcf).","timestamp":"2026-05-11T07:43:06.034Z","namespace":"db:dataMigrations"}
{"level":"info","message":"Skipping data migration Deleting Duplicate Group Memberships (bed1669c-8487-4ab9-ba23-8aec8b6e215d).","timestamp":"2026-05-11T07:43:06.035Z","namespace":"db:dataMigrations"}
{"level":"info","message":"Skipping data migration Add reply, RSVP, and vote post capabilities for group members (019c98bd-56bf-7326-a4ea-45fd4fcd2309).","timestamp":"2026-05-11T07:43:06.036Z","namespace":"db:dataMigrations"}
{"level":"info","message":"Skipping data migration Removing all deleted accounts, their push subscriptions, and connecting edges (65c54e29-c0f7-4336-8dbb-c250d8f6c5d5).","timestamp":"2026-05-11T07:43:06.038Z","namespace":"db:dataMigrations"}
{"level":"info","message":"Skipping data migration Rename configuration document keys from allpeep-* to openpeeps-* (a1b2c3d4-e5f6-4a7b-8c9d-0e1f2a3b4c5d).","timestamp":"2026-05-11T07:43:06.039Z","namespace":"db:dataMigrations"}
{"level":"info","message":"Cleaning up dangling edges...","timestamp":"2026-05-11T07:43:06.039Z","namespace":"db:cleanup"}
{"level":"info","message":"Removed 0 dangling edges in accountToPushSubscription [29 ms])","timestamp":"2026-05-11T07:43:06.068Z","namespace":"db:cleanup"}
{"level":"info","message":"Removed 0 dangling edges in createdReport [30 ms])","timestamp":"2026-05-11T07:43:06.069Z","namespace":"db:cleanup"}
{"level":"info","message":"Removed 0 dangling edges in controls [33 ms])","timestamp":"2026-05-11T07:43:06.072Z","namespace":"db:cleanup"}
{"level":"info","message":"Removed 0 dangling edges in userGroups [35 ms])","timestamp":"2026-05-11T07:43:06.074Z","namespace":"db:cleanup"}
{"level":"info","message":"Removed 0 dangling edges in follows [36 ms])","timestamp":"2026-05-11T07:43:06.075Z","namespace":"db:cleanup"}
{"level":"info","message":"Removed 0 dangling edges in entries [46 ms])","timestamp":"2026-05-11T07:43:06.085Z","namespace":"db:cleanup"}
{"level":"info","message":"Removed 0 dangling edges in repost [47 ms])","timestamp":"2026-05-11T07:43:06.086Z","namespace":"db:cleanup"}
{"level":"info","message":"Removed 0 dangling edges in hasRead [49 ms])","timestamp":"2026-05-11T07:43:06.088Z","namespace":"db:cleanup"}
{"level":"info","message":"Removed 0 dangling edges in hasRole [53 ms])","timestamp":"2026-05-11T07:43:06.092Z","namespace":"db:cleanup"}
{"level":"info","message":"Removed 0 dangling edges in requestsFollow [53 ms])","timestamp":"2026-05-11T07:43:06.092Z","namespace":"db:cleanup"}
{"level":"info","message":"Removed 0 dangling edges in isReportedObject [54 ms])","timestamp":"2026-05-11T07:43:06.093Z","namespace":"db:cleanup"}
{"level":"info","message":"Removed 0 dangling edges in postHashtags [56 ms])","timestamp":"2026-05-11T07:43:06.095Z","namespace":"db:cleanup"}
{"level":"info","message":"Removed 0 dangling edges in audience [62 ms])","timestamp":"2026-05-11T07:43:06.101Z","namespace":"db:cleanup"}
{"level":"info","message":"Removed 0 dangling edges in isReportedProfile [63 ms])","timestamp":"2026-05-11T07:43:06.102Z","namespace":"db:cleanup"}
{"level":"info","message":"Removed 0 dangling edges in mentions [64 ms])","timestamp":"2026-05-11T07:43:06.103Z","namespace":"db:cleanup"}
{"level":"info","message":"Removed 0 dangling edges in inviteLinkCreators [64 ms])","timestamp":"2026-05-11T07:43:06.103Z","namespace":"db:cleanup"}
{"level":"info","message":"Removed 0 dangling edges in inviteLinkRedeemers [65 ms])","timestamp":"2026-05-11T07:43:06.104Z","namespace":"db:cleanup"}
{"level":"info","message":"Removed 0 dangling edges in jamRecordings [66 ms])","timestamp":"2026-05-11T07:43:06.105Z","namespace":"db:cleanup"}
{"level":"info","message":"Removed 0 dangling edges in hasSeen [67 ms])","timestamp":"2026-05-11T07:43:06.106Z","namespace":"db:cleanup"}
{"level":"info","message":"Removed 0 dangling edges in bookmarks [68 ms])","timestamp":"2026-05-11T07:43:06.107Z","namespace":"db:cleanup"}
{"level":"info","message":"Removed 0 dangling edges in reactions [70 ms])","timestamp":"2026-05-11T07:43:06.109Z","namespace":"db:cleanup"}
{"level":"info","message":"Removed 0 dangling edges in postGroups [71 ms])","timestamp":"2026-05-11T07:43:06.110Z","namespace":"db:cleanup"}
{"level":"info","message":"Removed 0 dangling edges in postSeen [72 ms])","timestamp":"2026-05-11T07:43:06.111Z","namespace":"db:cleanup"}
{"level":"info","message":"Ensuring collections","timestamp":"2026-05-11T07:43:06.114Z","namespace":"allpeep:db"}
{"level":"info","message":"Removed 0 dangling edges in replyTo [75 ms])","timestamp":"2026-05-11T07:43:06.114Z","namespace":"db:cleanup"}
{"level":"info","message":"Ensuring collection dataMigrations","timestamp":"2026-05-11T07:43:06.114Z","namespace":"allpeep:db"}
{"level":"info","message":"Ensuring collection i18n","timestamp":"2026-05-11T07:43:06.116Z","namespace":"allpeep:db"}
{"level":"info","message":"Ensuring collection configs","timestamp":"2026-05-11T07:43:06.117Z","namespace":"allpeep:db"}
{"level":"info","message":"Ensuring collection accounts","timestamp":"2026-05-11T07:43:06.119Z","namespace":"allpeep:db"}
{"level":"info","message":"ensuring index unique-emails","timestamp":"2026-05-11T07:43:06.120Z","namespace":"allpeep:db"}
{"level":"info","message":"Ensuring collection profiles","timestamp":"2026-05-11T07:43:06.121Z","namespace":"allpeep:db"}
{"level":"info","message":"ensuring index unique-activityPub-identifiers","timestamp":"2026-05-11T07:43:06.122Z","namespace":"allpeep:db"}
{"level":"info","message":"ensuring index search-profiles","timestamp":"2026-05-11T07:43:06.123Z","namespace":"allpeep:db"}
{"level":"info","message":"Ensuring collection follows","timestamp":"2026-05-11T07:43:06.125Z","namespace":"allpeep:db"}
{"level":"info","message":"ensuring index unique-follows","timestamp":"2026-05-11T07:43:06.126Z","namespace":"allpeep:db"}
{"level":"info","message":"Ensuring collection requestsFollow","timestamp":"2026-05-11T07:43:06.127Z","namespace":"allpeep:db"}
{"level":"info","message":"Ensuring collection controls","timestamp":"2026-05-11T07:43:06.128Z","namespace":"allpeep:db"}
{"level":"info","message":"Ensuring collection posts","timestamp":"2026-05-11T07:43:06.130Z","namespace":"allpeep:db"}
{"level":"info","message":"ensuring index search-posts","timestamp":"2026-05-11T07:43:06.131Z","namespace":"allpeep:db"}
{"level":"info","message":"Ensuring collection mentions","timestamp":"2026-05-11T07:43:06.133Z","namespace":"allpeep:db"}
{"level":"info","message":"Ensuring collection audience","timestamp":"2026-05-11T07:43:06.135Z","namespace":"allpeep:db"}
{"level":"info","message":"Ensuring collection hashtags","timestamp":"2026-05-11T07:43:06.136Z","namespace":"allpeep:db"}
{"level":"info","message":"Ensuring collection postHashtags","timestamp":"2026-05-11T07:43:06.138Z","namespace":"allpeep:db"}
{"level":"info","message":"Ensuring collection reports","timestamp":"2026-05-11T07:43:06.139Z","namespace":"allpeep:db"}
{"level":"info","message":"Ensuring collection createdReport","timestamp":"2026-05-11T07:43:06.141Z","namespace":"allpeep:db"}
{"level":"info","message":"Ensuring collection isReportedProfile","timestamp":"2026-05-11T07:43:06.142Z","namespace":"allpeep:db"}
{"level":"info","message":"Ensuring collection isReportedObject","timestamp":"2026-05-11T07:43:06.143Z","namespace":"allpeep:db"}
{"level":"info","message":"Ensuring collection entries","timestamp":"2026-05-11T07:43:06.145Z","namespace":"allpeep:db"}
{"level":"info","message":"ensuring index search-entries","timestamp":"2026-05-11T07:43:06.146Z","namespace":"allpeep:db"}
{"level":"info","message":"Ensuring collection reactions","timestamp":"2026-05-11T07:43:06.148Z","namespace":"allpeep:db"}
{"level":"info","message":"ensuring index unique-reactions","timestamp":"2026-05-11T07:43:06.149Z","namespace":"allpeep:db"}
{"level":"info","message":"Ensuring collection replyTo","timestamp":"2026-05-11T07:43:06.150Z","namespace":"allpeep:db"}
{"level":"info","message":"ensuring index unique-replies","timestamp":"2026-05-11T07:43:06.152Z","namespace":"allpeep:db"}
{"level":"info","message":"Ensuring collection repost","timestamp":"2026-05-11T07:43:06.152Z","namespace":"allpeep:db"}
{"level":"info","message":"ensuring index unique-reposts","timestamp":"2026-05-11T07:43:06.154Z","namespace":"allpeep:db"}
{"level":"info","message":"Ensuring collection mediaAttachments","timestamp":"2026-05-11T07:43:06.155Z","namespace":"allpeep:db"}
{"level":"info","message":"Ensuring collection roles","timestamp":"2026-05-11T07:43:06.156Z","namespace":"allpeep:db"}
{"level":"info","message":"Ensuring collection accessTokens","timestamp":"2026-05-11T07:43:06.157Z","namespace":"allpeep:db"}
{"level":"info","message":"Ensuring collection profileAccessTokens","timestamp":"2026-05-11T07:43:06.161Z","namespace":"allpeep:db"}
{"level":"info","message":"ensuring index unique-profile-access-tokens","timestamp":"2026-05-11T07:43:06.163Z","namespace":"allpeep:db"}
{"level":"info","message":"Ensuring collection hasRole","timestamp":"2026-05-11T07:43:06.164Z","namespace":"allpeep:db"}
{"level":"info","message":"Ensuring collection notifications","timestamp":"2026-05-11T07:43:06.166Z","namespace":"allpeep:db"}
{"level":"info","message":"Ensuring collection pushSubscriptions","timestamp":"2026-05-11T07:43:06.167Z","namespace":"allpeep:db"}
{"level":"info","message":"Ensuring collection accountToPushSubscription","timestamp":"2026-05-11T07:43:06.169Z","namespace":"allpeep:db"}
{"level":"info","message":"Ensuring collection jamEvents","timestamp":"2026-05-11T07:43:06.170Z","namespace":"allpeep:db"}
{"level":"info","message":"Ensuring collection inviteLinks","timestamp":"2026-05-11T07:43:06.171Z","namespace":"allpeep:db"}
{"level":"info","message":"ensuring index unique-invite-link-slugs","timestamp":"2026-05-11T07:43:06.173Z","namespace":"allpeep:db"}
{"level":"info","message":"Ensuring collection inviteLinkCreators","timestamp":"2026-05-11T07:43:06.174Z","namespace":"allpeep:db"}
{"level":"info","message":"Ensuring collection inviteLinkRedeemers","timestamp":"2026-05-11T07:43:06.175Z","namespace":"allpeep:db"}
{"level":"info","message":"Ensuring collection groups","timestamp":"2026-05-11T07:43:06.176Z","namespace":"allpeep:db"}
{"level":"info","message":"ensuring index unique-group-handles","timestamp":"2026-05-11T07:43:06.178Z","namespace":"allpeep:db"}
{"level":"info","message":"ensuring index search-groups","timestamp":"2026-05-11T07:43:06.178Z","namespace":"allpeep:db"}
{"level":"info","message":"Ensuring collection postGroups","timestamp":"2026-05-11T07:43:06.180Z","namespace":"allpeep:db"}
{"level":"info","message":"Ensuring collection userGroups","timestamp":"2026-05-11T07:43:06.181Z","namespace":"allpeep:db"}
{"level":"info","message":"Ensuring collection hasSeen","timestamp":"2026-05-11T07:43:06.183Z","namespace":"allpeep:db"}
{"level":"info","message":"Ensuring collection hasRead","timestamp":"2026-05-11T07:43:06.184Z","namespace":"allpeep:db"}
{"level":"info","message":"Ensuring collection bookmarks","timestamp":"2026-05-11T07:43:06.186Z","namespace":"allpeep:db"}
{"level":"info","message":"Ensuring collection profileSettings","timestamp":"2026-05-11T07:43:06.187Z","namespace":"allpeep:db"}
{"level":"info","message":"Ensuring collection jamRecordings","timestamp":"2026-05-11T07:43:06.191Z","namespace":"allpeep:db"}
{"level":"info","message":"Ensuring views","timestamp":"2026-05-11T07:43:06.193Z","namespace":"allpeep:db"}
{"level":"info","message":"Ensuring view postSearch","timestamp":"2026-05-11T07:43:06.193Z","namespace":"allpeep:db"}
{"level":"info","message":"Ensuring view groupSearch","timestamp":"2026-05-11T07:43:06.195Z","namespace":"allpeep:db"}
{"level":"info","message":"Ensuring view profileSearch","timestamp":"2026-05-11T07:43:06.196Z","namespace":"allpeep:db"}
{"level":"info","message":"Server initialized.","timestamp":"2026-05-11T07:43:06.212Z","namespace":"server:init"}
{"level":"info","message":"Checking ArangoDB availability at http://localhost:8529 (try 1)","timestamp":"2026-05-11T07:43:35.569Z","namespace":"allpeep:db"}
{"level":"info","message":"ArangoDB is available at http://localhost:8529","timestamp":"2026-05-11T07:43:35.582Z","namespace":"allpeep:db"}
{"level":"info","message":"Ensuring functions","timestamp":"2026-05-11T07:43:35.582Z","namespace":"allpeep:db"}
{"level":"info","message":"Ensuring function CHECK_CAPABILITIES","timestamp":"2026-05-11T07:43:35.582Z","namespace":"allpeep:db"}
{"level":"info","message":"Ensuring function MERGE_CAPABILITIES","timestamp":"2026-05-11T07:43:35.584Z","namespace":"allpeep:db"}
{"level":"info","message":"Using default database","timestamp":"2026-05-11T07:43:35.582Z","namespace":"allpeep:db"}
{"level":"info","message":"Skipping data migration Add note type to create entries (018fa9a0-ae6a-79e5-a529-6d13f335dbc4).","timestamp":"2026-05-11T07:43:35.597Z","namespace":"db:dataMigrations"}
{"level":"info","message":"Skipping data migration Replace actor with profile in follows collection (019131ae-e429-7d15-bd25-6ed89b04952d).","timestamp":"2026-05-11T07:43:35.599Z","namespace":"db:dataMigrations"}
{"level":"info","message":"Skipping data migration Replace actor with profile in entries collection (0191942c-3931-779c-9d40-74be98aa4220).","timestamp":"2026-05-11T07:43:35.602Z","namespace":"db:dataMigrations"}
{"level":"info","message":"Skipping data migration Replace actor with profile in hasRole collection (0191942c-8280-76d1-a7a1-8caa454ea5ab).","timestamp":"2026-05-11T07:43:35.604Z","namespace":"db:dataMigrations"}
{"level":"info","message":"Skipping data migration Replace actor with profile in mentions collection (0191942c-a90e-71e6-846f-7dc882c8c00b).","timestamp":"2026-05-11T07:43:35.606Z","namespace":"db:dataMigrations"}
{"level":"info","message":"Skipping data migration Replace actor with profile in reactions collection (0191942c-e79f-7bb4-9e28-59a30519225d).","timestamp":"2026-05-11T07:43:35.607Z","namespace":"db:dataMigrations"}
{"level":"info","message":"Skipping data migration Replace actor with profile in controls collection (0191942c-e79f-7bb4-9e28-59a30519225e).","timestamp":"2026-05-11T07:43:35.609Z","namespace":"db:dataMigrations"}
{"level":"info","message":"Skipping data migration Rename actor collection to profiles (0191942f-4766-7d9c-b71f-5497a39ae774).","timestamp":"2026-05-11T07:43:35.611Z","namespace":"db:dataMigrations"}
{"level":"info","message":"Skipping data migration Remove logs collection (0191e638-ed19-721f-9aed-429714253ead).","timestamp":"2026-05-11T07:43:35.612Z","namespace":"db:dataMigrations"}
{"level":"info","message":"Skipping data migration Rename user collection to account (01920f6b-ebf7-719b-8da4-d99e4b082486).","timestamp":"2026-05-11T07:43:35.614Z","namespace":"db:dataMigrations"}
{"level":"info","message":"Skipping data migration Rename userToPushSubscription collection to accountToPushSubscription (01920f58-dcc7-7b86-b0fc-03e7536aae93).","timestamp":"2026-05-11T07:43:35.615Z","namespace":"db:dataMigrations"}
{"level":"info","message":"Skipping data migration Replace user with account in controls collection (0192057e-f212-76b1-9e54-b5518c2927c7).","timestamp":"2026-05-11T07:43:35.617Z","namespace":"db:dataMigrations"}
{"level":"info","message":"Skipping data migration Replace user with account in accountToPushSubscription collection (01920a04-a3f5-7b10-8a31-c55dfae82c6d).","timestamp":"2026-05-11T07:43:35.619Z","namespace":"db:dataMigrations"}
{"level":"info","message":"Skipping data migration Deleting index on username (01920f80-0d50-7dee-a6cc-c78dc5200c32).","timestamp":"2026-05-11T07:43:35.621Z","namespace":"db:dataMigrations"}
{"level":"info","message":"Skipping data migration Renaming username to handle (01920fb5-1afb-70e4-9f8a-f47b6b49918b).","timestamp":"2026-05-11T07:43:35.622Z","namespace":"db:dataMigrations"}
{"level":"info","message":"Skipping data migration Fixing jam events (01927134-8082-727f-9df0-1c152a020e33).","timestamp":"2026-05-11T07:43:35.623Z","namespace":"db:dataMigrations"}
{"level":"info","message":"Skipping data migration Fixing notifications (01927158-191a-7ca9-bbd3-0c6cfe505731).","timestamp":"2026-05-11T07:43:35.625Z","namespace":"db:dataMigrations"}
{"level":"info","message":"Skipping data migration Fixing jam events again (0192900c-5b17-7dd8-8afd-d6c6c160ad8e).","timestamp":"2026-05-11T07:43:35.626Z","namespace":"db:dataMigrations"}
{"level":"info","message":"Skipping data migration Fixing notification type (0194d539-06ac-750c-9577-e982464575ae).","timestamp":"2026-05-11T07:43:35.627Z","namespace":"db:dataMigrations"}
{"level":"info","message":"Skipping data migration Copy mentions content to audience for direct messages only (0194f5d4-e347-7c4c-b26c-ec712812ae74).","timestamp":"2026-05-11T07:43:35.628Z","namespace":"db:dataMigrations"}
{"level":"info","message":"Skipping data migration Generate and set createdAt and updatedAt entries for mentions (0194fc1f-13ea-72f7-8954-0609b77af91e).","timestamp":"2026-05-11T07:43:35.630Z","namespace":"db:dataMigrations"}
{"level":"info","message":"Skipping data migration Convert jams to events and remove jams collection (0196795d-274b-7c51-9095-95880f9e815e).","timestamp":"2026-05-11T07:43:35.631Z","namespace":"db:dataMigrations"}
{"level":"info","message":"Skipping data migration Fix malformed hashtags created by old regex pattern (01a19837-edf6-43db-8953-6c19ecaab122).","timestamp":"2026-05-11T07:43:35.633Z","namespace":"db:dataMigrations"}
{"level":"info","message":"Skipping data migration Adding type on existing push subcriptions (01976851-be8c-7115-a82a-27c540d5320a).","timestamp":"2026-05-11T07:43:35.634Z","namespace":"db:dataMigrations"}
{"level":"info","message":"Skipping data migration Add data to post (019802f2-b27a-72c3-9ca1-fc344b72b66b).","timestamp":"2026-05-11T07:43:35.635Z","namespace":"db:dataMigrations"}
{"level":"info","message":"Skipping data migration Setting profiles without type to \"local\" (01988a61-aa54-7b47-abc8-f0e63bf5fdd6).","timestamp":"2026-05-11T07:43:35.636Z","namespace":"db:dataMigrations"}
{"level":"info","message":"Skipping data migration Update group memeberships from capabilities to roles (019898f2-c539-7cfb-ba41-cf58f952dd62).","timestamp":"2026-05-11T07:43:35.637Z","namespace":"db:dataMigrations"}
{"level":"info","message":"Skipping data migration Update group capabilities (01989922-a9a0-7aae-8b9e-6416ed9c67b7).","timestamp":"2026-05-11T07:43:35.639Z","namespace":"db:dataMigrations"}
{"level":"info","message":"Skipping data migration Update jam events (0198a7fc-72d1-7a2f-8c15-7d1bd0f0d109).","timestamp":"2026-05-11T07:43:35.640Z","namespace":"db:dataMigrations"}
{"level":"info","message":"Skipping data migration Refactor theme for allpeep-community config to light/dark structure (8bdf3512-0649-48c8-a9af-b6bfd1f86f1a).","timestamp":"2026-05-11T07:43:35.642Z","namespace":"db:dataMigrations"}
{"level":"info","message":"Skipping data migration Add creator ids to posts for easier filtering (0199c52d-2bf0-74e8-9a2f-ff65fd5b7b6a).","timestamp":"2026-05-11T07:43:35.643Z","namespace":"db:dataMigrations"}
{"level":"info","message":"Skipping data migration Remove jam messages left without profileId because of a bad migration (0199ec4e-aed3-787c-a180-9aed9166a882).","timestamp":"2026-05-11T07:43:35.644Z","namespace":"db:dataMigrations"}
{"level":"info","message":"Skipping data migration Make current users members so they can keep posting (019a2b1f-b21c-7f69-8b24-e186bb59c6b5).","timestamp":"2026-05-11T07:43:35.645Z","namespace":"db:dataMigrations"}
{"level":"info","message":"Skipping data migration Create default profile configs for existing profiles (b1f4c3d2-5e6f-4a7b-8c9d-0e1f2a3b4c5d).","timestamp":"2026-05-11T07:43:35.646Z","namespace":"db:dataMigrations"}
{"level":"info","message":"Skipping data migration Delete guest reports and their reportedProfile edges (41c542ad-1dd5-4407-bac5-dfe2aa83edcf).","timestamp":"2026-05-11T07:43:35.647Z","namespace":"db:dataMigrations"}
{"level":"info","message":"Skipping data migration Deleting Duplicate Group Memberships (bed1669c-8487-4ab9-ba23-8aec8b6e215d).","timestamp":"2026-05-11T07:43:35.649Z","namespace":"db:dataMigrations"}
{"level":"info","message":"Skipping data migration Add reply, RSVP, and vote post capabilities for group members (019c98bd-56bf-7326-a4ea-45fd4fcd2309).","timestamp":"2026-05-11T07:43:35.650Z","namespace":"db:dataMigrations"}
{"level":"info","message":"Skipping data migration Removing all deleted accounts, their push subscriptions, and connecting edges (65c54e29-c0f7-4336-8dbb-c250d8f6c5d5).","timestamp":"2026-05-11T07:43:35.651Z","namespace":"db:dataMigrations"}
{"level":"info","message":"Skipping data migration Rename configuration document keys from allpeep-* to openpeeps-* (a1b2c3d4-e5f6-4a7b-8c9d-0e1f2a3b4c5d).","timestamp":"2026-05-11T07:43:35.653Z","namespace":"db:dataMigrations"}
{"level":"info","message":"Cleaning up dangling edges...","timestamp":"2026-05-11T07:43:35.653Z","namespace":"db:cleanup"}
{"level":"info","message":"Removed 0 dangling edges in accountToPushSubscription [35 ms])","timestamp":"2026-05-11T07:43:35.688Z","namespace":"db:cleanup"}
{"level":"info","message":"Removed 0 dangling edges in createdReport [36 ms])","timestamp":"2026-05-11T07:43:35.689Z","namespace":"db:cleanup"}
{"level":"info","message":"Removed 0 dangling edges in controls [39 ms])","timestamp":"2026-05-11T07:43:35.692Z","namespace":"db:cleanup"}
{"level":"info","message":"Removed 0 dangling edges in userGroups [41 ms])","timestamp":"2026-05-11T07:43:35.694Z","namespace":"db:cleanup"}
{"level":"info","message":"Removed 0 dangling edges in follows [42 ms])","timestamp":"2026-05-11T07:43:35.695Z","namespace":"db:cleanup"}
{"level":"info","message":"Removed 0 dangling edges in entries [51 ms])","timestamp":"2026-05-11T07:43:35.704Z","namespace":"db:cleanup"}
{"level":"info","message":"Removed 0 dangling edges in repost [53 ms])","timestamp":"2026-05-11T07:43:35.706Z","namespace":"db:cleanup"}
{"level":"info","message":"Removed 0 dangling edges in profileAccessTokens [54 ms])","timestamp":"2026-05-11T07:43:35.707Z","namespace":"db:cleanup"}
{"level":"info","message":"Removed 0 dangling edges in hasRead [56 ms])","timestamp":"2026-05-11T07:43:35.709Z","namespace":"db:cleanup"}
{"level":"info","message":"Removed 0 dangling edges in hasRole [60 ms])","timestamp":"2026-05-11T07:43:35.713Z","namespace":"db:cleanup"}
{"level":"info","message":"Removed 0 dangling edges in requestsFollow [61 ms])","timestamp":"2026-05-11T07:43:35.714Z","namespace":"db:cleanup"}
{"level":"info","message":"Removed 0 dangling edges in isReportedObject [63 ms])","timestamp":"2026-05-11T07:43:35.716Z","namespace":"db:cleanup"}
{"level":"info","message":"Removed 0 dangling edges in postHashtags [65 ms])","timestamp":"2026-05-11T07:43:35.718Z","namespace":"db:cleanup"}
{"level":"info","message":"Removed 0 dangling edges in audience [70 ms])","timestamp":"2026-05-11T07:43:35.723Z","namespace":"db:cleanup"}
{"level":"info","message":"Removed 0 dangling edges in isReportedProfile [72 ms])","timestamp":"2026-05-11T07:43:35.725Z","namespace":"db:cleanup"}
{"level":"info","message":"Removed 0 dangling edges in mentions [74 ms])","timestamp":"2026-05-11T07:43:35.727Z","namespace":"db:cleanup"}
{"level":"info","message":"Removed 0 dangling edges in inviteLinkCreators [75 ms])","timestamp":"2026-05-11T07:43:35.728Z","namespace":"db:cleanup"}
{"level":"info","message":"Removed 0 dangling edges in inviteLinkRedeemers [76 ms])","timestamp":"2026-05-11T07:43:35.729Z","namespace":"db:cleanup"}
{"level":"info","message":"Removed 0 dangling edges in jamRecordings [77 ms])","timestamp":"2026-05-11T07:43:35.730Z","namespace":"db:cleanup"}
{"level":"info","message":"Removed 0 dangling edges in hasSeen [77 ms])","timestamp":"2026-05-11T07:43:35.730Z","namespace":"db:cleanup"}
{"level":"info","message":"Removed 0 dangling edges in bookmarks [78 ms])","timestamp":"2026-05-11T07:43:35.731Z","namespace":"db:cleanup"}
{"level":"info","message":"Removed 0 dangling edges in reactions [80 ms])","timestamp":"2026-05-11T07:43:35.733Z","namespace":"db:cleanup"}
{"level":"info","message":"Removed 0 dangling edges in postGroups [82 ms])","timestamp":"2026-05-11T07:43:35.735Z","namespace":"db:cleanup"}
{"level":"info","message":"Removed 0 dangling edges in postSeen [83 ms])","timestamp":"2026-05-11T07:43:35.736Z","namespace":"db:cleanup"}
{"level":"info","message":"Removed 0 dangling edges in replyTo [86 ms])","timestamp":"2026-05-11T07:43:35.739Z","namespace":"db:cleanup"}
{"level":"info","message":"Ensuring collections","timestamp":"2026-05-11T07:43:35.739Z","namespace":"allpeep:db"}
{"level":"info","message":"Ensuring collection dataMigrations","timestamp":"2026-05-11T07:43:35.739Z","namespace":"allpeep:db"}
{"level":"info","message":"Ensuring collection i18n","timestamp":"2026-05-11T07:43:35.741Z","namespace":"allpeep:db"}
{"level":"info","message":"Ensuring collection configs","timestamp":"2026-05-11T07:43:35.743Z","namespace":"allpeep:db"}
{"level":"info","message":"Ensuring collection accounts","timestamp":"2026-05-11T07:43:35.744Z","namespace":"allpeep:db"}
{"level":"info","message":"ensuring index unique-emails","timestamp":"2026-05-11T07:43:35.746Z","namespace":"allpeep:db"}
{"level":"info","message":"Ensuring collection profiles","timestamp":"2026-05-11T07:43:35.747Z","namespace":"allpeep:db"}
{"level":"info","message":"ensuring index unique-activityPub-identifiers","timestamp":"2026-05-11T07:43:35.748Z","namespace":"allpeep:db"}
{"level":"info","message":"ensuring index search-profiles","timestamp":"2026-05-11T07:43:35.749Z","namespace":"allpeep:db"}
{"level":"info","message":"Ensuring collection follows","timestamp":"2026-05-11T07:43:35.750Z","namespace":"allpeep:db"}
{"level":"info","message":"ensuring index unique-follows","timestamp":"2026-05-11T07:43:35.752Z","namespace":"allpeep:db"}
{"level":"info","message":"Ensuring collection requestsFollow","timestamp":"2026-05-11T07:43:35.753Z","namespace":"allpeep:db"}
{"level":"info","message":"Ensuring collection controls","timestamp":"2026-05-11T07:43:35.754Z","namespace":"allpeep:db"}
{"level":"info","message":"Ensuring collection posts","timestamp":"2026-05-11T07:43:35.755Z","namespace":"allpeep:db"}
{"level":"info","message":"ensuring index search-posts","timestamp":"2026-05-11T07:43:35.757Z","namespace":"allpeep:db"}
{"level":"info","message":"Ensuring collection mentions","timestamp":"2026-05-11T07:43:35.758Z","namespace":"allpeep:db"}
{"level":"info","message":"Ensuring collection audience","timestamp":"2026-05-11T07:43:35.760Z","namespace":"allpeep:db"}
{"level":"info","message":"Ensuring collection hashtags","timestamp":"2026-05-11T07:43:35.761Z","namespace":"allpeep:db"}
{"level":"info","message":"Ensuring collection postHashtags","timestamp":"2026-05-11T07:43:35.762Z","namespace":"allpeep:db"}
{"level":"info","message":"Ensuring collection reports","timestamp":"2026-05-11T07:43:35.763Z","namespace":"allpeep:db"}
{"level":"info","message":"Ensuring collection createdReport","timestamp":"2026-05-11T07:43:35.765Z","namespace":"allpeep:db"}
{"level":"info","message":"Ensuring collection isReportedProfile","timestamp":"2026-05-11T07:43:35.767Z","namespace":"allpeep:db"}
{"level":"info","message":"Ensuring collection isReportedObject","timestamp":"2026-05-11T07:43:35.768Z","namespace":"allpeep:db"}
{"level":"info","message":"Ensuring collection entries","timestamp":"2026-05-11T07:43:35.769Z","namespace":"allpeep:db"}
{"level":"info","message":"ensuring index search-entries","timestamp":"2026-05-11T07:43:35.771Z","namespace":"allpeep:db"}
{"level":"info","message":"Ensuring collection reactions","timestamp":"2026-05-11T07:43:35.772Z","namespace":"allpeep:db"}
{"level":"info","message":"ensuring index unique-reactions","timestamp":"2026-05-11T07:43:35.773Z","namespace":"allpeep:db"}
{"level":"info","message":"Ensuring collection replyTo","timestamp":"2026-05-11T07:43:35.774Z","namespace":"allpeep:db"}
{"level":"info","message":"ensuring index unique-replies","timestamp":"2026-05-11T07:43:35.775Z","namespace":"allpeep:db"}
{"level":"info","message":"Ensuring collection repost","timestamp":"2026-05-11T07:43:35.776Z","namespace":"allpeep:db"}
{"level":"info","message":"ensuring index unique-reposts","timestamp":"2026-05-11T07:43:35.777Z","namespace":"allpeep:db"}
{"level":"info","message":"Ensuring collection mediaAttachments","timestamp":"2026-05-11T07:43:35.778Z","namespace":"allpeep:db"}
{"level":"info","message":"Ensuring collection roles","timestamp":"2026-05-11T07:43:35.780Z","namespace":"allpeep:db"}
{"level":"info","message":"Ensuring collection accessTokens","timestamp":"2026-05-11T07:43:35.781Z","namespace":"allpeep:db"}
{"level":"info","message":"Ensuring collection profileAccessTokens","timestamp":"2026-05-11T07:43:35.783Z","namespace":"allpeep:db"}
{"level":"info","message":"ensuring index unique-profile-access-tokens","timestamp":"2026-05-11T07:43:35.784Z","namespace":"allpeep:db"}
{"level":"info","message":"Ensuring collection hasRole","timestamp":"2026-05-11T07:43:35.785Z","namespace":"allpeep:db"}
{"level":"info","message":"Ensuring collection notifications","timestamp":"2026-05-11T07:43:35.787Z","namespace":"allpeep:db"}
{"level":"info","message":"Ensuring collection pushSubscriptions","timestamp":"2026-05-11T07:43:35.788Z","namespace":"allpeep:db"}
{"level":"info","message":"Ensuring collection accountToPushSubscription","timestamp":"2026-05-11T07:43:35.789Z","namespace":"allpeep:db"}
{"level":"info","message":"Ensuring collection jamEvents","timestamp":"2026-05-11T07:43:35.790Z","namespace":"allpeep:db"}
{"level":"info","message":"Ensuring collection inviteLinks","timestamp":"2026-05-11T07:43:35.792Z","namespace":"allpeep:db"}
{"level":"info","message":"ensuring index unique-invite-link-slugs","timestamp":"2026-05-11T07:43:35.793Z","namespace":"allpeep:db"}
{"level":"info","message":"Ensuring collection inviteLinkCreators","timestamp":"2026-05-11T07:43:35.794Z","namespace":"allpeep:db"}
{"level":"info","message":"Ensuring collection inviteLinkRedeemers","timestamp":"2026-05-11T07:43:35.795Z","namespace":"allpeep:db"}
{"level":"info","message":"Ensuring collection groups","timestamp":"2026-05-11T07:43:35.797Z","namespace":"allpeep:db"}
{"level":"info","message":"ensuring index unique-group-handles","timestamp":"2026-05-11T07:43:35.798Z","namespace":"allpeep:db"}
{"level":"info","message":"ensuring index search-groups","timestamp":"2026-05-11T07:43:35.799Z","namespace":"allpeep:db"}
{"level":"info","message":"Ensuring collection postGroups","timestamp":"2026-05-11T07:43:35.803Z","namespace":"allpeep:db"}
{"level":"info","message":"Ensuring collection userGroups","timestamp":"2026-05-11T07:43:35.805Z","namespace":"allpeep:db"}
{"level":"info","message":"Ensuring collection hasSeen","timestamp":"2026-05-11T07:43:35.806Z","namespace":"allpeep:db"}
{"level":"info","message":"Ensuring collection hasRead","timestamp":"2026-05-11T07:43:35.808Z","namespace":"allpeep:db"}
{"level":"info","message":"Ensuring collection bookmarks","timestamp":"2026-05-11T07:43:35.809Z","namespace":"allpeep:db"}
{"level":"info","message":"Ensuring collection profileSettings","timestamp":"2026-05-11T07:43:35.811Z","namespace":"allpeep:db"}
{"level":"info","message":"Ensuring collection jamRecordings","timestamp":"2026-05-11T07:43:35.812Z","namespace":"allpeep:db"}
{"level":"info","message":"Ensuring views","timestamp":"2026-05-11T07:43:35.813Z","namespace":"allpeep:db"}
{"level":"info","message":"Ensuring view postSearch","timestamp":"2026-05-11T07:43:35.813Z","namespace":"allpeep:db"}
{"level":"info","message":"Ensuring view groupSearch","timestamp":"2026-05-11T07:43:35.815Z","namespace":"allpeep:db"}
{"level":"info","message":"Ensuring view profileSearch","timestamp":"2026-05-11T07:43:35.816Z","namespace":"allpeep:db"}
{"level":"info","message":"Server initialized.","timestamp":"2026-05-11T07:43:35.835Z","namespace":"server:init"}
{"level":"info","message":"Checking ArangoDB availability at http://localhost:8529 (try 1)","timestamp":"2026-05-11T07:44:25.712Z","namespace":"allpeep:db"}
{"level":"info","message":"ArangoDB is available at http://localhost:8529","timestamp":"2026-05-11T07:44:25.724Z","namespace":"allpeep:db"}
{"level":"info","message":"Using default database","timestamp":"2026-05-11T07:44:25.725Z","namespace":"allpeep:db"}
{"level":"info","message":"Ensuring functions","timestamp":"2026-05-11T07:44:25.725Z","namespace":"allpeep:db"}
{"level":"info","message":"Ensuring function CHECK_CAPABILITIES","timestamp":"2026-05-11T07:44:25.725Z","namespace":"allpeep:db"}
{"level":"info","message":"Ensuring function MERGE_CAPABILITIES","timestamp":"2026-05-11T07:44:25.727Z","namespace":"allpeep:db"}
{"level":"info","message":"Skipping data migration Add note type to create entries (018fa9a0-ae6a-79e5-a529-6d13f335dbc4).","timestamp":"2026-05-11T07:44:25.740Z","namespace":"db:dataMigrations"}
{"level":"info","message":"Skipping data migration Replace actor with profile in follows collection (019131ae-e429-7d15-bd25-6ed89b04952d).","timestamp":"2026-05-11T07:44:25.741Z","namespace":"db:dataMigrations"}
{"level":"info","message":"Skipping data migration Replace actor with profile in entries collection (0191942c-3931-779c-9d40-74be98aa4220).","timestamp":"2026-05-11T07:44:25.743Z","namespace":"db:dataMigrations"}
{"level":"info","message":"Skipping data migration Replace actor with profile in hasRole collection (0191942c-8280-76d1-a7a1-8caa454ea5ab).","timestamp":"2026-05-11T07:44:25.745Z","namespace":"db:dataMigrations"}
{"level":"info","message":"Skipping data migration Replace actor with profile in mentions collection (0191942c-a90e-71e6-846f-7dc882c8c00b).","timestamp":"2026-05-11T07:44:25.749Z","namespace":"db:dataMigrations"}
{"level":"info","message":"Skipping data migration Replace actor with profile in reactions collection (0191942c-e79f-7bb4-9e28-59a30519225d).","timestamp":"2026-05-11T07:44:25.751Z","namespace":"db:dataMigrations"}
{"level":"info","message":"Skipping data migration Replace actor with profile in controls collection (0191942c-e79f-7bb4-9e28-59a30519225e).","timestamp":"2026-05-11T07:44:25.753Z","namespace":"db:dataMigrations"}
{"level":"info","message":"Skipping data migration Rename actor collection to profiles (0191942f-4766-7d9c-b71f-5497a39ae774).","timestamp":"2026-05-11T07:44:25.755Z","namespace":"db:dataMigrations"}
{"level":"info","message":"Skipping data migration Remove logs collection (0191e638-ed19-721f-9aed-429714253ead).","timestamp":"2026-05-11T07:44:25.758Z","namespace":"db:dataMigrations"}
{"level":"info","message":"Skipping data migration Rename user collection to account (01920f6b-ebf7-719b-8da4-d99e4b082486).","timestamp":"2026-05-11T07:44:25.759Z","namespace":"db:dataMigrations"}
{"level":"info","message":"Skipping data migration Rename userToPushSubscription collection to accountToPushSubscription (01920f58-dcc7-7b86-b0fc-03e7536aae93).","timestamp":"2026-05-11T07:44:25.761Z","namespace":"db:dataMigrations"}
{"level":"info","message":"Skipping data migration Replace user with account in controls collection (0192057e-f212-76b1-9e54-b5518c2927c7).","timestamp":"2026-05-11T07:44:25.763Z","namespace":"db:dataMigrations"}
{"level":"info","message":"Skipping data migration Replace user with account in accountToPushSubscription collection (01920a04-a3f5-7b10-8a31-c55dfae82c6d).","timestamp":"2026-05-11T07:44:25.765Z","namespace":"db:dataMigrations"}
{"level":"info","message":"Skipping data migration Deleting index on username (01920f80-0d50-7dee-a6cc-c78dc5200c32).","timestamp":"2026-05-11T07:44:25.767Z","namespace":"db:dataMigrations"}
{"level":"info","message":"Skipping data migration Renaming username to handle (01920fb5-1afb-70e4-9f8a-f47b6b49918b).","timestamp":"2026-05-11T07:44:25.768Z","namespace":"db:dataMigrations"}
{"level":"info","message":"Skipping data migration Fixing jam events (01927134-8082-727f-9df0-1c152a020e33).","timestamp":"2026-05-11T07:44:25.770Z","namespace":"db:dataMigrations"}
{"level":"info","message":"Skipping data migration Fixing notifications (01927158-191a-7ca9-bbd3-0c6cfe505731).","timestamp":"2026-05-11T07:44:25.772Z","namespace":"db:dataMigrations"}
{"level":"info","message":"Skipping data migration Fixing jam events again (0192900c-5b17-7dd8-8afd-d6c6c160ad8e).","timestamp":"2026-05-11T07:44:25.773Z","namespace":"db:dataMigrations"}
{"level":"info","message":"Skipping data migration Fixing notification type (0194d539-06ac-750c-9577-e982464575ae).","timestamp":"2026-05-11T07:44:25.775Z","namespace":"db:dataMigrations"}
{"level":"info","message":"Skipping data migration Copy mentions content to audience for direct messages only (0194f5d4-e347-7c4c-b26c-ec712812ae74).","timestamp":"2026-05-11T07:44:25.776Z","namespace":"db:dataMigrations"}
{"level":"info","message":"Skipping data migration Generate and set createdAt and updatedAt entries for mentions (0194fc1f-13ea-72f7-8954-0609b77af91e).","timestamp":"2026-05-11T07:44:25.778Z","namespace":"db:dataMigrations"}
{"level":"info","message":"Skipping data migration Convert jams to events and remove jams collection (0196795d-274b-7c51-9095-95880f9e815e).","timestamp":"2026-05-11T07:44:25.779Z","namespace":"db:dataMigrations"}
{"level":"info","message":"Skipping data migration Fix malformed hashtags created by old regex pattern (01a19837-edf6-43db-8953-6c19ecaab122).","timestamp":"2026-05-11T07:44:25.781Z","namespace":"db:dataMigrations"}
{"level":"info","message":"Skipping data migration Adding type on existing push subcriptions (01976851-be8c-7115-a82a-27c540d5320a).","timestamp":"2026-05-11T07:44:25.783Z","namespace":"db:dataMigrations"}
{"level":"info","message":"Skipping data migration Add data to post (019802f2-b27a-72c3-9ca1-fc344b72b66b).","timestamp":"2026-05-11T07:44:25.785Z","namespace":"db:dataMigrations"}
{"level":"info","message":"Skipping data migration Setting profiles without type to \"local\" (01988a61-aa54-7b47-abc8-f0e63bf5fdd6).","timestamp":"2026-05-11T07:44:25.786Z","namespace":"db:dataMigrations"}
{"level":"info","message":"Skipping data migration Update group memeberships from capabilities to roles (019898f2-c539-7cfb-ba41-cf58f952dd62).","timestamp":"2026-05-11T07:44:25.787Z","namespace":"db:dataMigrations"}
{"level":"info","message":"Skipping data migration Update group capabilities (01989922-a9a0-7aae-8b9e-6416ed9c67b7).","timestamp":"2026-05-11T07:44:25.788Z","namespace":"db:dataMigrations"}
{"level":"info","message":"Skipping data migration Update jam events (0198a7fc-72d1-7a2f-8c15-7d1bd0f0d109).","timestamp":"2026-05-11T07:44:25.789Z","namespace":"db:dataMigrations"}
{"level":"info","message":"Skipping data migration Refactor theme for allpeep-community config to light/dark structure (8bdf3512-0649-48c8-a9af-b6bfd1f86f1a).","timestamp":"2026-05-11T07:44:25.792Z","namespace":"db:dataMigrations"}
{"level":"info","message":"Skipping data migration Add creator ids to posts for easier filtering (0199c52d-2bf0-74e8-9a2f-ff65fd5b7b6a).","timestamp":"2026-05-11T07:44:25.793Z","namespace":"db:dataMigrations"}
{"level":"info","message":"Skipping data migration Remove jam messages left without profileId because of a bad migration (0199ec4e-aed3-787c-a180-9aed9166a882).","timestamp":"2026-05-11T07:44:25.794Z","namespace":"db:dataMigrations"}
{"level":"info","message":"Skipping data migration Make current users members so they can keep posting (019a2b1f-b21c-7f69-8b24-e186bb59c6b5).","timestamp":"2026-05-11T07:44:25.795Z","namespace":"db:dataMigrations"}
{"level":"info","message":"Skipping data migration Create default profile configs for existing profiles (b1f4c3d2-5e6f-4a7b-8c9d-0e1f2a3b4c5d).","timestamp":"2026-05-11T07:44:25.796Z","namespace":"db:dataMigrations"}
{"level":"info","message":"Skipping data migration Delete guest reports and their reportedProfile edges (41c542ad-1dd5-4407-bac5-dfe2aa83edcf).","timestamp":"2026-05-11T07:44:25.797Z","namespace":"db:dataMigrations"}
{"level":"info","message":"Skipping data migration Deleting Duplicate Group Memberships (bed1669c-8487-4ab9-ba23-8aec8b6e215d).","timestamp":"2026-05-11T07:44:25.799Z","namespace":"db:dataMigrations"}
{"level":"info","message":"Skipping data migration Add reply, RSVP, and vote post capabilities for group members (019c98bd-56bf-7326-a4ea-45fd4fcd2309).","timestamp":"2026-05-11T07:44:25.800Z","namespace":"db:dataMigrations"}
{"level":"info","message":"Skipping data migration Removing all deleted accounts, their push subscriptions, and connecting edges (65c54e29-c0f7-4336-8dbb-c250d8f6c5d5).","timestamp":"2026-05-11T07:44:25.801Z","namespace":"db:dataMigrations"}
{"level":"info","message":"Skipping data migration Rename configuration document keys from allpeep-* to openpeeps-* (a1b2c3d4-e5f6-4a7b-8c9d-0e1f2a3b4c5d).","timestamp":"2026-05-11T07:44:25.802Z","namespace":"db:dataMigrations"}
{"level":"info","message":"Cleaning up dangling edges...","timestamp":"2026-05-11T07:44:25.802Z","namespace":"db:cleanup"}
{"level":"info","message":"Removed 0 dangling edges in accountToPushSubscription [33 ms])","timestamp":"2026-05-11T07:44:25.835Z","namespace":"db:cleanup"}
{"level":"info","message":"Removed 0 dangling edges in createdReport [35 ms])","timestamp":"2026-05-11T07:44:25.837Z","namespace":"db:cleanup"}
{"level":"info","message":"Removed 0 dangling edges in controls [37 ms])","timestamp":"2026-05-11T07:44:25.839Z","namespace":"db:cleanup"}
{"level":"info","message":"Removed 0 dangling edges in userGroups [39 ms])","timestamp":"2026-05-11T07:44:25.841Z","namespace":"db:cleanup"}
{"level":"info","message":"Removed 0 dangling edges in follows [40 ms])","timestamp":"2026-05-11T07:44:25.842Z","namespace":"db:cleanup"}
{"level":"info","message":"Removed 0 dangling edges in entries [48 ms])","timestamp":"2026-05-11T07:44:25.850Z","namespace":"db:cleanup"}
{"level":"info","message":"Removed 0 dangling edges in repost [50 ms])","timestamp":"2026-05-11T07:44:25.852Z","namespace":"db:cleanup"}
{"level":"info","message":"Removed 0 dangling edges in profileAccessTokens [51 ms])","timestamp":"2026-05-11T07:44:25.853Z","namespace":"db:cleanup"}
{"level":"info","message":"Removed 0 dangling edges in hasRead [52 ms])","timestamp":"2026-05-11T07:44:25.854Z","namespace":"db:cleanup"}
{"level":"info","message":"Removed 0 dangling edges in hasRole [56 ms])","timestamp":"2026-05-11T07:44:25.858Z","namespace":"db:cleanup"}
{"level":"info","message":"Removed 0 dangling edges in requestsFollow [57 ms])","timestamp":"2026-05-11T07:44:25.859Z","namespace":"db:cleanup"}
{"level":"info","message":"Removed 0 dangling edges in isReportedObject [58 ms])","timestamp":"2026-05-11T07:44:25.860Z","namespace":"db:cleanup"}
{"level":"info","message":"Removed 0 dangling edges in postHashtags [60 ms])","timestamp":"2026-05-11T07:44:25.862Z","namespace":"db:cleanup"}
{"level":"info","message":"Removed 0 dangling edges in audience [66 ms])","timestamp":"2026-05-11T07:44:25.868Z","namespace":"db:cleanup"}
{"level":"info","message":"Removed 0 dangling edges in isReportedProfile [67 ms])","timestamp":"2026-05-11T07:44:25.869Z","namespace":"db:cleanup"}
{"level":"info","message":"Removed 0 dangling edges in mentions [68 ms])","timestamp":"2026-05-11T07:44:25.870Z","namespace":"db:cleanup"}
{"level":"info","message":"Removed 0 dangling edges in inviteLinkCreators [69 ms])","timestamp":"2026-05-11T07:44:25.871Z","namespace":"db:cleanup"}
{"level":"info","message":"Removed 0 dangling edges in inviteLinkRedeemers [70 ms])","timestamp":"2026-05-11T07:44:25.872Z","namespace":"db:cleanup"}
{"level":"info","message":"Removed 0 dangling edges in jamRecordings [71 ms])","timestamp":"2026-05-11T07:44:25.873Z","namespace":"db:cleanup"}
{"level":"info","message":"Removed 0 dangling edges in hasSeen [72 ms])","timestamp":"2026-05-11T07:44:25.874Z","namespace":"db:cleanup"}
{"level":"info","message":"Removed 0 dangling edges in bookmarks [73 ms])","timestamp":"2026-05-11T07:44:25.875Z","namespace":"db:cleanup"}
{"level":"info","message":"Removed 0 dangling edges in reactions [74 ms])","timestamp":"2026-05-11T07:44:25.876Z","namespace":"db:cleanup"}
{"level":"info","message":"Removed 0 dangling edges in postGroups [75 ms])","timestamp":"2026-05-11T07:44:25.877Z","namespace":"db:cleanup"}
{"level":"info","message":"Removed 0 dangling edges in postSeen [76 ms])","timestamp":"2026-05-11T07:44:25.878Z","namespace":"db:cleanup"}
{"level":"info","message":"Removed 0 dangling edges in replyTo [79 ms])","timestamp":"2026-05-11T07:44:25.881Z","namespace":"db:cleanup"}
{"level":"info","message":"Ensuring collections","timestamp":"2026-05-11T07:44:25.882Z","namespace":"allpeep:db"}
{"level":"info","message":"Ensuring collection dataMigrations","timestamp":"2026-05-11T07:44:25.882Z","namespace":"allpeep:db"}
{"level":"info","message":"Ensuring collection i18n","timestamp":"2026-05-11T07:44:25.884Z","namespace":"allpeep:db"}
{"level":"info","message":"Ensuring collection configs","timestamp":"2026-05-11T07:44:25.885Z","namespace":"allpeep:db"}
{"level":"info","message":"Ensuring collection accounts","timestamp":"2026-05-11T07:44:25.886Z","namespace":"allpeep:db"}
{"level":"info","message":"ensuring index unique-emails","timestamp":"2026-05-11T07:44:25.888Z","namespace":"allpeep:db"}
{"level":"info","message":"Ensuring collection profiles","timestamp":"2026-05-11T07:44:25.889Z","namespace":"allpeep:db"}
{"level":"info","message":"ensuring index unique-activityPub-identifiers","timestamp":"2026-05-11T07:44:25.890Z","namespace":"allpeep:db"}
{"level":"info","message":"ensuring index search-profiles","timestamp":"2026-05-11T07:44:25.891Z","namespace":"allpeep:db"}
{"level":"info","message":"Ensuring collection follows","timestamp":"2026-05-11T07:44:25.892Z","namespace":"allpeep:db"}
{"level":"info","message":"ensuring index unique-follows","timestamp":"2026-05-11T07:44:25.893Z","namespace":"allpeep:db"}
{"level":"info","message":"Ensuring collection requestsFollow","timestamp":"2026-05-11T07:44:25.894Z","namespace":"allpeep:db"}
{"level":"info","message":"Ensuring collection controls","timestamp":"2026-05-11T07:44:25.895Z","namespace":"allpeep:db"}
{"level":"info","message":"Ensuring collection posts","timestamp":"2026-05-11T07:44:25.897Z","namespace":"allpeep:db"}
{"level":"info","message":"ensuring index search-posts","timestamp":"2026-05-11T07:44:25.898Z","namespace":"allpeep:db"}
{"level":"info","message":"Ensuring collection mentions","timestamp":"2026-05-11T07:44:25.900Z","namespace":"allpeep:db"}
{"level":"info","message":"Ensuring collection audience","timestamp":"2026-05-11T07:44:25.901Z","namespace":"allpeep:db"}
{"level":"info","message":"Ensuring collection hashtags","timestamp":"2026-05-11T07:44:25.902Z","namespace":"allpeep:db"}
{"level":"info","message":"Ensuring collection postHashtags","timestamp":"2026-05-11T07:44:25.903Z","namespace":"allpeep:db"}
{"level":"info","message":"Ensuring collection reports","timestamp":"2026-05-11T07:44:25.905Z","namespace":"allpeep:db"}
{"level":"info","message":"Ensuring collection createdReport","timestamp":"2026-05-11T07:44:25.906Z","namespace":"allpeep:db"}
{"level":"info","message":"Ensuring collection isReportedProfile","timestamp":"2026-05-11T07:44:25.907Z","namespace":"allpeep:db"}
{"level":"info","message":"Ensuring collection isReportedObject","timestamp":"2026-05-11T07:44:25.908Z","namespace":"allpeep:db"}
{"level":"info","message":"Ensuring collection entries","timestamp":"2026-05-11T07:44:25.909Z","namespace":"allpeep:db"}
{"level":"info","message":"ensuring index search-entries","timestamp":"2026-05-11T07:44:25.911Z","namespace":"allpeep:db"}
{"level":"info","message":"Ensuring collection reactions","timestamp":"2026-05-11T07:44:25.912Z","namespace":"allpeep:db"}
{"level":"info","message":"ensuring index unique-reactions","timestamp":"2026-05-11T07:44:25.913Z","namespace":"allpeep:db"}
{"level":"info","message":"Ensuring collection replyTo","timestamp":"2026-05-11T07:44:25.914Z","namespace":"allpeep:db"}
{"level":"info","message":"ensuring index unique-replies","timestamp":"2026-05-11T07:44:25.916Z","namespace":"allpeep:db"}
{"level":"info","message":"Ensuring collection repost","timestamp":"2026-05-11T07:44:25.916Z","namespace":"allpeep:db"}
{"level":"info","message":"ensuring index unique-reposts","timestamp":"2026-05-11T07:44:25.918Z","namespace":"allpeep:db"}
{"level":"info","message":"Ensuring collection mediaAttachments","timestamp":"2026-05-11T07:44:25.918Z","namespace":"allpeep:db"}
{"level":"info","message":"Ensuring collection roles","timestamp":"2026-05-11T07:44:25.920Z","namespace":"allpeep:db"}
{"level":"info","message":"Ensuring collection accessTokens","timestamp":"2026-05-11T07:44:25.921Z","namespace":"allpeep:db"}
{"level":"info","message":"Ensuring collection profileAccessTokens","timestamp":"2026-05-11T07:44:25.922Z","namespace":"allpeep:db"}
{"level":"info","message":"ensuring index unique-profile-access-tokens","timestamp":"2026-05-11T07:44:25.923Z","namespace":"allpeep:db"}
{"level":"info","message":"Ensuring collection hasRole","timestamp":"2026-05-11T07:44:25.924Z","namespace":"allpeep:db"}
{"level":"info","message":"Ensuring collection notifications","timestamp":"2026-05-11T07:44:25.925Z","namespace":"allpeep:db"}
{"level":"info","message":"Ensuring collection pushSubscriptions","timestamp":"2026-05-11T07:44:25.926Z","namespace":"allpeep:db"}
{"level":"info","message":"Ensuring collection accountToPushSubscription","timestamp":"2026-05-11T07:44:25.928Z","namespace":"allpeep:db"}
{"level":"info","message":"Ensuring collection jamEvents","timestamp":"2026-05-11T07:44:25.929Z","namespace":"allpeep:db"}
{"level":"info","message":"Ensuring collection inviteLinks","timestamp":"2026-05-11T07:44:25.932Z","namespace":"allpeep:db"}
{"level":"info","message":"ensuring index unique-invite-link-slugs","timestamp":"2026-05-11T07:44:25.934Z","namespace":"allpeep:db"}
{"level":"info","message":"Ensuring collection inviteLinkCreators","timestamp":"2026-05-11T07:44:25.935Z","namespace":"allpeep:db"}
{"level":"info","message":"Ensuring collection inviteLinkRedeemers","timestamp":"2026-05-11T07:44:25.936Z","namespace":"allpeep:db"}
{"level":"info","message":"Ensuring collection groups","timestamp":"2026-05-11T07:44:25.938Z","namespace":"allpeep:db"}
{"level":"info","message":"ensuring index unique-group-handles","timestamp":"2026-05-11T07:44:25.939Z","namespace":"allpeep:db"}
{"level":"info","message":"ensuring index search-groups","timestamp":"2026-05-11T07:44:25.940Z","namespace":"allpeep:db"}
{"level":"info","message":"Ensuring collection postGroups","timestamp":"2026-05-11T07:44:25.941Z","namespace":"allpeep:db"}
{"level":"info","message":"Ensuring collection userGroups","timestamp":"2026-05-11T07:44:25.943Z","namespace":"allpeep:db"}
{"level":"info","message":"Ensuring collection hasSeen","timestamp":"2026-05-11T07:44:25.946Z","namespace":"allpeep:db"}
{"level":"info","message":"Ensuring collection hasRead","timestamp":"2026-05-11T07:44:25.949Z","namespace":"allpeep:db"}
{"level":"info","message":"Ensuring collection bookmarks","timestamp":"2026-05-11T07:44:25.950Z","namespace":"allpeep:db"}
{"level":"info","message":"Ensuring collection profileSettings","timestamp":"2026-05-11T07:44:25.951Z","namespace":"allpeep:db"}
{"level":"info","message":"Ensuring collection jamRecordings","timestamp":"2026-05-11T07:44:25.952Z","namespace":"allpeep:db"}
{"level":"info","message":"Ensuring views","timestamp":"2026-05-11T07:44:25.954Z","namespace":"allpeep:db"}
{"level":"info","message":"Ensuring view postSearch","timestamp":"2026-05-11T07:44:25.954Z","namespace":"allpeep:db"}
{"level":"info","message":"Ensuring view groupSearch","timestamp":"2026-05-11T07:44:25.955Z","namespace":"allpeep:db"}
{"level":"info","message":"Ensuring view profileSearch","timestamp":"2026-05-11T07:44:25.956Z","namespace":"allpeep:db"}
{"level":"info","message":"Server initialized.","timestamp":"2026-05-11T07:44:25.972Z","namespace":"server:init"}
{"level":"info","message":"Checking ArangoDB availability at http://localhost:8529 (try 1)","timestamp":"2026-05-11T07:45:00.997Z","namespace":"allpeep:db"}
{"level":"info","message":"ArangoDB is available at http://localhost:8529","timestamp":"2026-05-11T07:45:01.010Z","namespace":"allpeep:db"}
{"level":"info","message":"Ensuring functions","timestamp":"2026-05-11T07:45:01.010Z","namespace":"allpeep:db"}
{"level":"info","message":"Ensuring function MERGE_CAPABILITIES","timestamp":"2026-05-11T07:45:01.012Z","namespace":"allpeep:db"}
{"level":"info","message":"Ensuring function CHECK_CAPABILITIES","timestamp":"2026-05-11T07:45:01.010Z","namespace":"allpeep:db"}
{"level":"info","message":"Using default database","timestamp":"2026-05-11T07:45:01.010Z","namespace":"allpeep:db"}
{"level":"info","message":"Skipping data migration Add note type to create entries (018fa9a0-ae6a-79e5-a529-6d13f335dbc4).","timestamp":"2026-05-11T07:45:01.027Z","namespace":"db:dataMigrations"}
{"level":"info","message":"Skipping data migration Replace actor with profile in follows collection (019131ae-e429-7d15-bd25-6ed89b04952d).","timestamp":"2026-05-11T07:45:01.029Z","namespace":"db:dataMigrations"}
{"level":"info","message":"Skipping data migration Replace actor with profile in entries collection (0191942c-3931-779c-9d40-74be98aa4220).","timestamp":"2026-05-11T07:45:01.031Z","namespace":"db:dataMigrations"}
{"level":"info","message":"Skipping data migration Replace actor with profile in hasRole collection (0191942c-8280-76d1-a7a1-8caa454ea5ab).","timestamp":"2026-05-11T07:45:01.034Z","namespace":"db:dataMigrations"}
{"level":"info","message":"Skipping data migration Replace actor with profile in mentions collection (0191942c-a90e-71e6-846f-7dc882c8c00b).","timestamp":"2026-05-11T07:45:01.037Z","namespace":"db:dataMigrations"}
{"level":"info","message":"Skipping data migration Replace actor with profile in reactions collection (0191942c-e79f-7bb4-9e28-59a30519225d).","timestamp":"2026-05-11T07:45:01.039Z","namespace":"db:dataMigrations"}
{"level":"info","message":"Skipping data migration Replace actor with profile in controls collection (0191942c-e79f-7bb4-9e28-59a30519225e).","timestamp":"2026-05-11T07:45:01.040Z","namespace":"db:dataMigrations"}
{"level":"info","message":"Skipping data migration Rename actor collection to profiles (0191942f-4766-7d9c-b71f-5497a39ae774).","timestamp":"2026-05-11T07:45:01.043Z","namespace":"db:dataMigrations"}
{"level":"info","message":"Skipping data migration Remove logs collection (0191e638-ed19-721f-9aed-429714253ead).","timestamp":"2026-05-11T07:45:01.045Z","namespace":"db:dataMigrations"}
{"level":"info","message":"Skipping data migration Rename user collection to account (01920f6b-ebf7-719b-8da4-d99e4b082486).","timestamp":"2026-05-11T07:45:01.047Z","namespace":"db:dataMigrations"}
{"level":"info","message":"Skipping data migration Rename userToPushSubscription collection to accountToPushSubscription (01920f58-dcc7-7b86-b0fc-03e7536aae93).","timestamp":"2026-05-11T07:45:01.049Z","namespace":"db:dataMigrations"}
{"level":"info","message":"Skipping data migration Replace user with account in controls collection (0192057e-f212-76b1-9e54-b5518c2927c7).","timestamp":"2026-05-11T07:45:01.051Z","namespace":"db:dataMigrations"}
{"level":"info","message":"Skipping data migration Replace user with account in accountToPushSubscription collection (01920a04-a3f5-7b10-8a31-c55dfae82c6d).","timestamp":"2026-05-11T07:45:01.054Z","namespace":"db:dataMigrations"}
{"level":"info","message":"Skipping data migration Deleting index on username (01920f80-0d50-7dee-a6cc-c78dc5200c32).","timestamp":"2026-05-11T07:45:01.055Z","namespace":"db:dataMigrations"}
{"level":"info","message":"Skipping data migration Renaming username to handle (01920fb5-1afb-70e4-9f8a-f47b6b49918b).","timestamp":"2026-05-11T07:45:01.057Z","namespace":"db:dataMigrations"}
{"level":"info","message":"Skipping data migration Fixing jam events (01927134-8082-727f-9df0-1c152a020e33).","timestamp":"2026-05-11T07:45:01.058Z","namespace":"db:dataMigrations"}
{"level":"info","message":"Skipping data migration Fixing notifications (01927158-191a-7ca9-bbd3-0c6cfe505731).","timestamp":"2026-05-11T07:45:01.059Z","namespace":"db:dataMigrations"}
{"level":"info","message":"Skipping data migration Fixing jam events again (0192900c-5b17-7dd8-8afd-d6c6c160ad8e).","timestamp":"2026-05-11T07:45:01.061Z","namespace":"db:dataMigrations"}
{"level":"info","message":"Skipping data migration Fixing notification type (0194d539-06ac-750c-9577-e982464575ae).","timestamp":"2026-05-11T07:45:01.062Z","namespace":"db:dataMigrations"}
{"level":"info","message":"Skipping data migration Copy mentions content to audience for direct messages only (0194f5d4-e347-7c4c-b26c-ec712812ae74).","timestamp":"2026-05-11T07:45:01.065Z","namespace":"db:dataMigrations"}
{"level":"info","message":"Skipping data migration Generate and set createdAt and updatedAt entries for mentions (0194fc1f-13ea-72f7-8954-0609b77af91e).","timestamp":"2026-05-11T07:45:01.066Z","namespace":"db:dataMigrations"}
{"level":"info","message":"Skipping data migration Convert jams to events and remove jams collection (0196795d-274b-7c51-9095-95880f9e815e).","timestamp":"2026-05-11T07:45:01.067Z","namespace":"db:dataMigrations"}
{"level":"info","message":"Skipping data migration Fix malformed hashtags created by old regex pattern (01a19837-edf6-43db-8953-6c19ecaab122).","timestamp":"2026-05-11T07:45:01.068Z","namespace":"db:dataMigrations"}
{"level":"info","message":"Skipping data migration Adding type on existing push subcriptions (01976851-be8c-7115-a82a-27c540d5320a).","timestamp":"2026-05-11T07:45:01.069Z","namespace":"db:dataMigrations"}
{"level":"info","message":"Skipping data migration Add data to post (019802f2-b27a-72c3-9ca1-fc344b72b66b).","timestamp":"2026-05-11T07:45:01.070Z","namespace":"db:dataMigrations"}
{"level":"info","message":"Skipping data migration Setting profiles without type to \"local\" (01988a61-aa54-7b47-abc8-f0e63bf5fdd6).","timestamp":"2026-05-11T07:45:01.071Z","namespace":"db:dataMigrations"}
{"level":"info","message":"Skipping data migration Update group memeberships from capabilities to roles (019898f2-c539-7cfb-ba41-cf58f952dd62).","timestamp":"2026-05-11T07:45:01.072Z","namespace":"db:dataMigrations"}
{"level":"info","message":"Skipping data migration Update group capabilities (01989922-a9a0-7aae-8b9e-6416ed9c67b7).","timestamp":"2026-05-11T07:45:01.073Z","namespace":"db:dataMigrations"}
{"level":"info","message":"Skipping data migration Update jam events (0198a7fc-72d1-7a2f-8c15-7d1bd0f0d109).","timestamp":"2026-05-11T07:45:01.074Z","namespace":"db:dataMigrations"}
{"level":"info","message":"Skipping data migration Refactor theme for allpeep-community config to light/dark structure (8bdf3512-0649-48c8-a9af-b6bfd1f86f1a).","timestamp":"2026-05-11T07:45:01.075Z","namespace":"db:dataMigrations"}
{"level":"info","message":"Skipping data migration Add creator ids to posts for easier filtering (0199c52d-2bf0-74e8-9a2f-ff65fd5b7b6a).","timestamp":"2026-05-11T07:45:01.076Z","namespace":"db:dataMigrations"}
{"level":"info","message":"Skipping data migration Remove jam messages left without profileId because of a bad migration (0199ec4e-aed3-787c-a180-9aed9166a882).","timestamp":"2026-05-11T07:45:01.077Z","namespace":"db:dataMigrations"}
{"level":"info","message":"Skipping data migration Make current users members so they can keep posting (019a2b1f-b21c-7f69-8b24-e186bb59c6b5).","timestamp":"2026-05-11T07:45:01.079Z","namespace":"db:dataMigrations"}
{"level":"info","message":"Skipping data migration Create default profile configs for existing profiles (b1f4c3d2-5e6f-4a7b-8c9d-0e1f2a3b4c5d).","timestamp":"2026-05-11T07:45:01.080Z","namespace":"db:dataMigrations"}
{"level":"info","message":"Skipping data migration Delete guest reports and their reportedProfile edges (41c542ad-1dd5-4407-bac5-dfe2aa83edcf).","timestamp":"2026-05-11T07:45:01.081Z","namespace":"db:dataMigrations"}
{"level":"info","message":"Skipping data migration Deleting Duplicate Group Memberships (bed1669c-8487-4ab9-ba23-8aec8b6e215d).","timestamp":"2026-05-11T07:45:01.082Z","namespace":"db:dataMigrations"}
{"level":"info","message":"Skipping data migration Add reply, RSVP, and vote post capabilities for group members (019c98bd-56bf-7326-a4ea-45fd4fcd2309).","timestamp":"2026-05-11T07:45:01.084Z","namespace":"db:dataMigrations"}
{"level":"info","message":"Skipping data migration Removing all deleted accounts, their push subscriptions, and connecting edges (65c54e29-c0f7-4336-8dbb-c250d8f6c5d5).","timestamp":"2026-05-11T07:45:01.085Z","namespace":"db:dataMigrations"}
{"level":"info","message":"Skipping data migration Rename configuration document keys from allpeep-* to openpeeps-* (a1b2c3d4-e5f6-4a7b-8c9d-0e1f2a3b4c5d).","timestamp":"2026-05-11T07:45:01.086Z","namespace":"db:dataMigrations"}
{"level":"info","message":"Cleaning up dangling edges...","timestamp":"2026-05-11T07:45:01.086Z","namespace":"db:cleanup"}
{"level":"info","message":"Removed 0 dangling edges in accountToPushSubscription [37 ms])","timestamp":"2026-05-11T07:45:01.123Z","namespace":"db:cleanup"}
{"level":"info","message":"Removed 0 dangling edges in createdReport [39 ms])","timestamp":"2026-05-11T07:45:01.125Z","namespace":"db:cleanup"}
{"level":"info","message":"Removed 0 dangling edges in controls [44 ms])","timestamp":"2026-05-11T07:45:01.130Z","namespace":"db:cleanup"}
{"level":"info","message":"Removed 0 dangling edges in userGroups [46 ms])","timestamp":"2026-05-11T07:45:01.132Z","namespace":"db:cleanup"}
{"level":"info","message":"Removed 0 dangling edges in follows [47 ms])","timestamp":"2026-05-11T07:45:01.133Z","namespace":"db:cleanup"}
{"level":"info","message":"Removed 0 dangling edges in entries [56 ms])","timestamp":"2026-05-11T07:45:01.142Z","namespace":"db:cleanup"}
{"level":"info","message":"Removed 0 dangling edges in repost [58 ms])","timestamp":"2026-05-11T07:45:01.144Z","namespace":"db:cleanup"}
{"level":"info","message":"Removed 0 dangling edges in profileAccessTokens [59 ms])","timestamp":"2026-05-11T07:45:01.145Z","namespace":"db:cleanup"}
{"level":"info","message":"Removed 0 dangling edges in hasRead [60 ms])","timestamp":"2026-05-11T07:45:01.146Z","namespace":"db:cleanup"}
{"level":"info","message":"Removed 0 dangling edges in hasRole [65 ms])","timestamp":"2026-05-11T07:45:01.151Z","namespace":"db:cleanup"}
{"level":"info","message":"Removed 0 dangling edges in requestsFollow [66 ms])","timestamp":"2026-05-11T07:45:01.152Z","namespace":"db:cleanup"}
{"level":"info","message":"Removed 0 dangling edges in isReportedObject [67 ms])","timestamp":"2026-05-11T07:45:01.153Z","namespace":"db:cleanup"}
{"level":"info","message":"Removed 0 dangling edges in postHashtags [69 ms])","timestamp":"2026-05-11T07:45:01.155Z","namespace":"db:cleanup"}
{"level":"info","message":"Removed 0 dangling edges in audience [76 ms])","timestamp":"2026-05-11T07:45:01.162Z","namespace":"db:cleanup"}
{"level":"info","message":"Removed 0 dangling edges in isReportedProfile [77 ms])","timestamp":"2026-05-11T07:45:01.163Z","namespace":"db:cleanup"}
{"level":"info","message":"Removed 0 dangling edges in mentions [79 ms])","timestamp":"2026-05-11T07:45:01.165Z","namespace":"db:cleanup"}
{"level":"info","message":"Removed 0 dangling edges in inviteLinkCreators [80 ms])","timestamp":"2026-05-11T07:45:01.166Z","namespace":"db:cleanup"}
{"level":"info","message":"Removed 0 dangling edges in inviteLinkRedeemers [81 ms])","timestamp":"2026-05-11T07:45:01.167Z","namespace":"db:cleanup"}
{"level":"info","message":"Removed 0 dangling edges in jamRecordings [82 ms])","timestamp":"2026-05-11T07:45:01.168Z","namespace":"db:cleanup"}
{"level":"info","message":"Removed 0 dangling edges in hasSeen [83 ms])","timestamp":"2026-05-11T07:45:01.169Z","namespace":"db:cleanup"}
{"level":"info","message":"Removed 0 dangling edges in bookmarks [84 ms])","timestamp":"2026-05-11T07:45:01.170Z","namespace":"db:cleanup"}
{"level":"info","message":"Removed 0 dangling edges in reactions [86 ms])","timestamp":"2026-05-11T07:45:01.172Z","namespace":"db:cleanup"}
{"level":"info","message":"Removed 0 dangling edges in postGroups [87 ms])","timestamp":"2026-05-11T07:45:01.173Z","namespace":"db:cleanup"}
{"level":"info","message":"Removed 0 dangling edges in postSeen [88 ms])","timestamp":"2026-05-11T07:45:01.174Z","namespace":"db:cleanup"}
{"level":"info","message":"Removed 0 dangling edges in replyTo [91 ms])","timestamp":"2026-05-11T07:45:01.177Z","namespace":"db:cleanup"}
{"level":"info","message":"Ensuring collections","timestamp":"2026-05-11T07:45:01.177Z","namespace":"allpeep:db"}
{"level":"info","message":"Ensuring collection dataMigrations","timestamp":"2026-05-11T07:45:01.177Z","namespace":"allpeep:db"}
{"level":"info","message":"Ensuring collection i18n","timestamp":"2026-05-11T07:45:01.179Z","namespace":"allpeep:db"}
{"level":"info","message":"Ensuring collection configs","timestamp":"2026-05-11T07:45:01.181Z","namespace":"allpeep:db"}
{"level":"info","message":"Ensuring collection accounts","timestamp":"2026-05-11T07:45:01.182Z","namespace":"allpeep:db"}
{"level":"info","message":"ensuring index unique-emails","timestamp":"2026-05-11T07:45:01.183Z","namespace":"allpeep:db"}
{"level":"info","message":"Ensuring collection profiles","timestamp":"2026-05-11T07:45:01.184Z","namespace":"allpeep:db"}
{"level":"info","message":"ensuring index unique-activityPub-identifiers","timestamp":"2026-05-11T07:45:01.186Z","namespace":"allpeep:db"}
{"level":"info","message":"ensuring index search-profiles","timestamp":"2026-05-11T07:45:01.187Z","namespace":"allpeep:db"}
{"level":"info","message":"Ensuring collection follows","timestamp":"2026-05-11T07:45:01.188Z","namespace":"allpeep:db"}
{"level":"info","message":"ensuring index unique-follows","timestamp":"2026-05-11T07:45:01.190Z","namespace":"allpeep:db"}
{"level":"info","message":"Ensuring collection requestsFollow","timestamp":"2026-05-11T07:45:01.191Z","namespace":"allpeep:db"}
{"level":"info","message":"Ensuring collection controls","timestamp":"2026-05-11T07:45:01.192Z","namespace":"allpeep:db"}
{"level":"info","message":"Ensuring collection posts","timestamp":"2026-05-11T07:45:01.194Z","namespace":"allpeep:db"}
{"level":"info","message":"ensuring index search-posts","timestamp":"2026-05-11T07:45:01.195Z","namespace":"allpeep:db"}
{"level":"info","message":"Ensuring collection mentions","timestamp":"2026-05-11T07:45:01.197Z","namespace":"allpeep:db"}
{"level":"info","message":"Ensuring collection audience","timestamp":"2026-05-11T07:45:01.198Z","namespace":"allpeep:db"}
{"level":"info","message":"Ensuring collection hashtags","timestamp":"2026-05-11T07:45:01.199Z","namespace":"allpeep:db"}
{"level":"info","message":"Ensuring collection postHashtags","timestamp":"2026-05-11T07:45:01.201Z","namespace":"allpeep:db"}
{"level":"info","message":"Ensuring collection reports","timestamp":"2026-05-11T07:45:01.203Z","namespace":"allpeep:db"}
{"level":"info","message":"Ensuring collection createdReport","timestamp":"2026-05-11T07:45:01.204Z","namespace":"allpeep:db"}
{"level":"info","message":"Ensuring collection isReportedProfile","timestamp":"2026-05-11T07:45:01.205Z","namespace":"allpeep:db"}
{"level":"info","message":"Ensuring collection isReportedObject","timestamp":"2026-05-11T07:45:01.206Z","namespace":"allpeep:db"}
{"level":"info","message":"Ensuring collection entries","timestamp":"2026-05-11T07:45:01.212Z","namespace":"allpeep:db"}
{"level":"info","message":"ensuring index search-entries","timestamp":"2026-05-11T07:45:01.214Z","namespace":"allpeep:db"}
{"level":"info","message":"Ensuring collection reactions","timestamp":"2026-05-11T07:45:01.215Z","namespace":"allpeep:db"}
{"level":"info","message":"ensuring index unique-reactions","timestamp":"2026-05-11T07:45:01.216Z","namespace":"allpeep:db"}
{"level":"info","message":"Ensuring collection replyTo","timestamp":"2026-05-11T07:45:01.217Z","namespace":"allpeep:db"}
{"level":"info","message":"ensuring index unique-replies","timestamp":"2026-05-11T07:45:01.219Z","namespace":"allpeep:db"}
{"level":"info","message":"Ensuring collection repost","timestamp":"2026-05-11T07:45:01.220Z","namespace":"allpeep:db"}
{"level":"info","message":"ensuring index unique-reposts","timestamp":"2026-05-11T07:45:01.221Z","namespace":"allpeep:db"}
{"level":"info","message":"Ensuring collection mediaAttachments","timestamp":"2026-05-11T07:45:01.222Z","namespace":"allpeep:db"}
{"level":"info","message":"Ensuring collection roles","timestamp":"2026-05-11T07:45:01.223Z","namespace":"allpeep:db"}
{"level":"info","message":"Ensuring collection accessTokens","timestamp":"2026-05-11T07:45:01.224Z","namespace":"allpeep:db"}
{"level":"info","message":"Ensuring collection profileAccessTokens","timestamp":"2026-05-11T07:45:01.226Z","namespace":"allpeep:db"}
{"level":"info","message":"ensuring index unique-profile-access-tokens","timestamp":"2026-05-11T07:45:01.227Z","namespace":"allpeep:db"}
{"level":"info","message":"Ensuring collection hasRole","timestamp":"2026-05-11T07:45:01.228Z","namespace":"allpeep:db"}
{"level":"info","message":"Ensuring collection notifications","timestamp":"2026-05-11T07:45:01.229Z","namespace":"allpeep:db"}
{"level":"info","message":"Ensuring collection pushSubscriptions","timestamp":"2026-05-11T07:45:01.231Z","namespace":"allpeep:db"}
{"level":"info","message":"Ensuring collection accountToPushSubscription","timestamp":"2026-05-11T07:45:01.232Z","namespace":"allpeep:db"}
{"level":"info","message":"Ensuring collection jamEvents","timestamp":"2026-05-11T07:45:01.233Z","namespace":"allpeep:db"}
{"level":"info","message":"Ensuring collection inviteLinks","timestamp":"2026-05-11T07:45:01.234Z","namespace":"allpeep:db"}
{"level":"info","message":"ensuring index unique-invite-link-slugs","timestamp":"2026-05-11T07:45:01.236Z","namespace":"allpeep:db"}
{"level":"info","message":"Ensuring collection inviteLinkCreators","timestamp":"2026-05-11T07:45:01.237Z","namespace":"allpeep:db"}
{"level":"info","message":"Ensuring collection inviteLinkRedeemers","timestamp":"2026-05-11T07:45:01.238Z","namespace":"allpeep:db"}
{"level":"info","message":"Ensuring collection groups","timestamp":"2026-05-11T07:45:01.239Z","namespace":"allpeep:db"}
{"level":"info","message":"ensuring index unique-group-handles","timestamp":"2026-05-11T07:45:01.240Z","namespace":"allpeep:db"}
{"level":"info","message":"ensuring index search-groups","timestamp":"2026-05-11T07:45:01.241Z","namespace":"allpeep:db"}
{"level":"info","message":"Ensuring collection postGroups","timestamp":"2026-05-11T07:45:01.242Z","namespace":"allpeep:db"}
{"level":"info","message":"Ensuring collection userGroups","timestamp":"2026-05-11T07:45:01.244Z","namespace":"allpeep:db"}
{"level":"info","message":"Ensuring collection hasSeen","timestamp":"2026-05-11T07:45:01.245Z","namespace":"allpeep:db"}
{"level":"info","message":"Ensuring collection hasRead","timestamp":"2026-05-11T07:45:01.246Z","namespace":"allpeep:db"}
{"level":"info","message":"Ensuring collection bookmarks","timestamp":"2026-05-11T07:45:01.248Z","namespace":"allpeep:db"}
{"level":"info","message":"Ensuring collection profileSettings","timestamp":"2026-05-11T07:45:01.249Z","namespace":"allpeep:db"}
{"level":"info","message":"Ensuring collection jamRecordings","timestamp":"2026-05-11T07:45:01.250Z","namespace":"allpeep:db"}
{"level":"info","message":"Ensuring views","timestamp":"2026-05-11T07:45:01.251Z","namespace":"allpeep:db"}
{"level":"info","message":"Ensuring view postSearch","timestamp":"2026-05-11T07:45:01.252Z","namespace":"allpeep:db"}
{"level":"info","message":"Ensuring view groupSearch","timestamp":"2026-05-11T07:45:01.253Z","namespace":"allpeep:db"}
{"level":"info","message":"Ensuring view profileSearch","timestamp":"2026-05-11T07:45:01.254Z","namespace":"allpeep:db"}
{"level":"info","message":"Server initialized.","timestamp":"2026-05-11T07:45:01.272Z","namespace":"server:init"}
{"level":"error","message":"Failed to start server {\"code\":\"ERR_CLOSED_SERVER\"}","timestamp":"2026-05-11T07:45:01.936Z","namespace":"server"}
{"level":"info","message":"Checking ArangoDB availability at http://localhost:8529 (try 1)","timestamp":"2026-05-11T07:51:01.568Z","namespace":"allpeep:db"}
{"level":"info","message":"ArangoDB is available at http://localhost:8529","timestamp":"2026-05-11T07:51:01.581Z","namespace":"allpeep:db"}
{"level":"info","message":"Ensuring functions","timestamp":"2026-05-11T07:51:01.581Z","namespace":"allpeep:db"}
{"level":"info","message":"Ensuring function MERGE_CAPABILITIES","timestamp":"2026-05-11T07:51:01.583Z","namespace":"allpeep:db"}
{"level":"info","message":"Using default database","timestamp":"2026-05-11T07:51:01.581Z","namespace":"allpeep:db"}
{"level":"info","message":"Ensuring function CHECK_CAPABILITIES","timestamp":"2026-05-11T07:51:01.581Z","namespace":"allpeep:db"}
{"level":"info","message":"Skipping data migration Add note type to create entries (018fa9a0-ae6a-79e5-a529-6d13f335dbc4).","timestamp":"2026-05-11T07:51:01.602Z","namespace":"db:dataMigrations"}
{"level":"info","message":"Skipping data migration Replace actor with profile in follows collection (019131ae-e429-7d15-bd25-6ed89b04952d).","timestamp":"2026-05-11T07:51:01.603Z","namespace":"db:dataMigrations"}
{"level":"info","message":"Skipping data migration Replace actor with profile in entries collection (0191942c-3931-779c-9d40-74be98aa4220).","timestamp":"2026-05-11T07:51:01.605Z","namespace":"db:dataMigrations"}
{"level":"info","message":"Skipping data migration Replace actor with profile in hasRole collection (0191942c-8280-76d1-a7a1-8caa454ea5ab).","timestamp":"2026-05-11T07:51:01.608Z","namespace":"db:dataMigrations"}
{"level":"info","message":"Skipping data migration Replace actor with profile in mentions collection (0191942c-a90e-71e6-846f-7dc882c8c00b).","timestamp":"2026-05-11T07:51:01.611Z","namespace":"db:dataMigrations"}
{"level":"info","message":"Skipping data migration Replace actor with profile in reactions collection (0191942c-e79f-7bb4-9e28-59a30519225d).","timestamp":"2026-05-11T07:51:01.612Z","namespace":"db:dataMigrations"}
{"level":"info","message":"Skipping data migration Replace actor with profile in controls collection (0191942c-e79f-7bb4-9e28-59a30519225e).","timestamp":"2026-05-11T07:51:01.614Z","namespace":"db:dataMigrations"}
{"level":"info","message":"Skipping data migration Rename actor collection to profiles (0191942f-4766-7d9c-b71f-5497a39ae774).","timestamp":"2026-05-11T07:51:01.617Z","namespace":"db:dataMigrations"}
{"level":"info","message":"Skipping data migration Remove logs collection (0191e638-ed19-721f-9aed-429714253ead).","timestamp":"2026-05-11T07:51:01.618Z","namespace":"db:dataMigrations"}
{"level":"info","message":"Skipping data migration Rename user collection to account (01920f6b-ebf7-719b-8da4-d99e4b082486).","timestamp":"2026-05-11T07:51:01.620Z","namespace":"db:dataMigrations"}
{"level":"info","message":"Skipping data migration Rename userToPushSubscription collection to accountToPushSubscription (01920f58-dcc7-7b86-b0fc-03e7536aae93).","timestamp":"2026-05-11T07:51:01.621Z","namespace":"db:dataMigrations"}
{"level":"info","message":"Skipping data migration Replace user with account in controls collection (0192057e-f212-76b1-9e54-b5518c2927c7).","timestamp":"2026-05-11T07:51:01.622Z","namespace":"db:dataMigrations"}
{"level":"info","message":"Skipping data migration Replace user with account in accountToPushSubscription collection (01920a04-a3f5-7b10-8a31-c55dfae82c6d).","timestamp":"2026-05-11T07:51:01.624Z","namespace":"db:dataMigrations"}
{"level":"info","message":"Skipping data migration Deleting index on username (01920f80-0d50-7dee-a6cc-c78dc5200c32).","timestamp":"2026-05-11T07:51:01.626Z","namespace":"db:dataMigrations"}
{"level":"info","message":"Skipping data migration Renaming username to handle (01920fb5-1afb-70e4-9f8a-f47b6b49918b).","timestamp":"2026-05-11T07:51:01.627Z","namespace":"db:dataMigrations"}
{"level":"info","message":"Skipping data migration Fixing jam events (01927134-8082-727f-9df0-1c152a020e33).","timestamp":"2026-05-11T07:51:01.629Z","namespace":"db:dataMigrations"}
{"level":"info","message":"Skipping data migration Fixing notifications (01927158-191a-7ca9-bbd3-0c6cfe505731).","timestamp":"2026-05-11T07:51:01.632Z","namespace":"db:dataMigrations"}
{"level":"info","message":"Skipping data migration Fixing jam events again (0192900c-5b17-7dd8-8afd-d6c6c160ad8e).","timestamp":"2026-05-11T07:51:01.634Z","namespace":"db:dataMigrations"}
{"level":"info","message":"Skipping data migration Fixing notification type (0194d539-06ac-750c-9577-e982464575ae).","timestamp":"2026-05-11T07:51:01.636Z","namespace":"db:dataMigrations"}
{"level":"info","message":"Skipping data migration Copy mentions content to audience for direct messages only (0194f5d4-e347-7c4c-b26c-ec712812ae74).","timestamp":"2026-05-11T07:51:01.637Z","namespace":"db:dataMigrations"}
{"level":"info","message":"Skipping data migration Generate and set createdAt and updatedAt entries for mentions (0194fc1f-13ea-72f7-8954-0609b77af91e).","timestamp":"2026-05-11T07:51:01.639Z","namespace":"db:dataMigrations"}
{"level":"info","message":"Skipping data migration Convert jams to events and remove jams collection (0196795d-274b-7c51-9095-95880f9e815e).","timestamp":"2026-05-11T07:51:01.641Z","namespace":"db:dataMigrations"}
{"level":"info","message":"Skipping data migration Fix malformed hashtags created by old regex pattern (01a19837-edf6-43db-8953-6c19ecaab122).","timestamp":"2026-05-11T07:51:01.642Z","namespace":"db:dataMigrations"}
{"level":"info","message":"Skipping data migration Adding type on existing push subcriptions (01976851-be8c-7115-a82a-27c540d5320a).","timestamp":"2026-05-11T07:51:01.644Z","namespace":"db:dataMigrations"}
{"level":"info","message":"Skipping data migration Add data to post (019802f2-b27a-72c3-9ca1-fc344b72b66b).","timestamp":"2026-05-11T07:51:01.645Z","namespace":"db:dataMigrations"}
{"level":"info","message":"Skipping data migration Setting profiles without type to \"local\" (01988a61-aa54-7b47-abc8-f0e63bf5fdd6).","timestamp":"2026-05-11T07:51:01.647Z","namespace":"db:dataMigrations"}
{"level":"info","message":"Skipping data migration Update group memeberships from capabilities to roles (019898f2-c539-7cfb-ba41-cf58f952dd62).","timestamp":"2026-05-11T07:51:01.651Z","namespace":"db:dataMigrations"}
{"level":"info","message":"Skipping data migration Update group capabilities (01989922-a9a0-7aae-8b9e-6416ed9c67b7).","timestamp":"2026-05-11T07:51:01.653Z","namespace":"db:dataMigrations"}
{"level":"info","message":"Skipping data migration Update jam events (0198a7fc-72d1-7a2f-8c15-7d1bd0f0d109).","timestamp":"2026-05-11T07:51:01.654Z","namespace":"db:dataMigrations"}
{"level":"info","message":"Skipping data migration Refactor theme for allpeep-community config to light/dark structure (8bdf3512-0649-48c8-a9af-b6bfd1f86f1a).","timestamp":"2026-05-11T07:51:01.656Z","namespace":"db:dataMigrations"}
{"level":"info","message":"Skipping data migration Add creator ids to posts for easier filtering (0199c52d-2bf0-74e8-9a2f-ff65fd5b7b6a).","timestamp":"2026-05-11T07:51:01.658Z","namespace":"db:dataMigrations"}
{"level":"info","message":"Skipping data migration Remove jam messages left without profileId because of a bad migration (0199ec4e-aed3-787c-a180-9aed9166a882).","timestamp":"2026-05-11T07:51:01.660Z","namespace":"db:dataMigrations"}
{"level":"info","message":"Skipping data migration Make current users members so they can keep posting (019a2b1f-b21c-7f69-8b24-e186bb59c6b5).","timestamp":"2026-05-11T07:51:01.661Z","namespace":"db:dataMigrations"}
{"level":"info","message":"Skipping data migration Create default profile configs for existing profiles (b1f4c3d2-5e6f-4a7b-8c9d-0e1f2a3b4c5d).","timestamp":"2026-05-11T07:51:01.665Z","namespace":"db:dataMigrations"}
{"level":"info","message":"Skipping data migration Delete guest reports and their reportedProfile edges (41c542ad-1dd5-4407-bac5-dfe2aa83edcf).","timestamp":"2026-05-11T07:51:01.666Z","namespace":"db:dataMigrations"}
{"level":"info","message":"Skipping data migration Deleting Duplicate Group Memberships (bed1669c-8487-4ab9-ba23-8aec8b6e215d).","timestamp":"2026-05-11T07:51:01.668Z","namespace":"db:dataMigrations"}
{"level":"info","message":"Skipping data migration Add reply, RSVP, and vote post capabilities for group members (019c98bd-56bf-7326-a4ea-45fd4fcd2309).","timestamp":"2026-05-11T07:51:01.669Z","namespace":"db:dataMigrations"}
{"level":"info","message":"Skipping data migration Removing all deleted accounts, their push subscriptions, and connecting edges (65c54e29-c0f7-4336-8dbb-c250d8f6c5d5).","timestamp":"2026-05-11T07:51:01.670Z","namespace":"db:dataMigrations"}
{"level":"info","message":"Skipping data migration Rename configuration document keys from allpeep-* to openpeeps-* (a1b2c3d4-e5f6-4a7b-8c9d-0e1f2a3b4c5d).","timestamp":"2026-05-11T07:51:01.671Z","namespace":"db:dataMigrations"}
{"level":"info","message":"Cleaning up dangling edges...","timestamp":"2026-05-11T07:51:01.672Z","namespace":"db:cleanup"}
{"level":"info","message":"Removed 0 dangling edges in accountToPushSubscription [38 ms])","timestamp":"2026-05-11T07:51:01.710Z","namespace":"db:cleanup"}
{"level":"info","message":"Removed 0 dangling edges in createdReport [39 ms])","timestamp":"2026-05-11T07:51:01.711Z","namespace":"db:cleanup"}
{"level":"info","message":"Removed 0 dangling edges in controls [41 ms])","timestamp":"2026-05-11T07:51:01.713Z","namespace":"db:cleanup"}
{"level":"info","message":"Removed 0 dangling edges in userGroups [43 ms])","timestamp":"2026-05-11T07:51:01.715Z","namespace":"db:cleanup"}
{"level":"info","message":"Removed 0 dangling edges in follows [44 ms])","timestamp":"2026-05-11T07:51:01.716Z","namespace":"db:cleanup"}
{"level":"info","message":"Removed 0 dangling edges in entries [52 ms])","timestamp":"2026-05-11T07:51:01.724Z","namespace":"db:cleanup"}
{"level":"info","message":"Removed 0 dangling edges in repost [54 ms])","timestamp":"2026-05-11T07:51:01.726Z","namespace":"db:cleanup"}
{"level":"info","message":"Removed 0 dangling edges in profileAccessTokens [55 ms])","timestamp":"2026-05-11T07:51:01.727Z","namespace":"db:cleanup"}
{"level":"info","message":"Removed 0 dangling edges in hasRead [56 ms])","timestamp":"2026-05-11T07:51:01.728Z","namespace":"db:cleanup"}
{"level":"info","message":"Removed 0 dangling edges in hasRole [60 ms])","timestamp":"2026-05-11T07:51:01.732Z","namespace":"db:cleanup"}
{"level":"info","message":"Removed 0 dangling edges in requestsFollow [62 ms])","timestamp":"2026-05-11T07:51:01.734Z","namespace":"db:cleanup"}
{"level":"info","message":"Removed 0 dangling edges in isReportedObject [63 ms])","timestamp":"2026-05-11T07:51:01.735Z","namespace":"db:cleanup"}
{"level":"info","message":"Removed 0 dangling edges in postHashtags [64 ms])","timestamp":"2026-05-11T07:51:01.736Z","namespace":"db:cleanup"}
{"level":"info","message":"Removed 0 dangling edges in audience [70 ms])","timestamp":"2026-05-11T07:51:01.742Z","namespace":"db:cleanup"}
{"level":"info","message":"Removed 0 dangling edges in isReportedProfile [71 ms])","timestamp":"2026-05-11T07:51:01.743Z","namespace":"db:cleanup"}
{"level":"info","message":"Removed 0 dangling edges in mentions [72 ms])","timestamp":"2026-05-11T07:51:01.744Z","namespace":"db:cleanup"}
{"level":"info","message":"Removed 0 dangling edges in inviteLinkCreators [73 ms])","timestamp":"2026-05-11T07:51:01.745Z","namespace":"db:cleanup"}
{"level":"info","message":"Removed 0 dangling edges in inviteLinkRedeemers [74 ms])","timestamp":"2026-05-11T07:51:01.746Z","namespace":"db:cleanup"}
{"level":"info","message":"Removed 0 dangling edges in jamRecordings [75 ms])","timestamp":"2026-05-11T07:51:01.747Z","namespace":"db:cleanup"}
{"level":"info","message":"Removed 0 dangling edges in hasSeen [76 ms])","timestamp":"2026-05-11T07:51:01.748Z","namespace":"db:cleanup"}
{"level":"info","message":"Removed 0 dangling edges in bookmarks [76 ms])","timestamp":"2026-05-11T07:51:01.748Z","namespace":"db:cleanup"}
{"level":"info","message":"Removed 0 dangling edges in reactions [78 ms])","timestamp":"2026-05-11T07:51:01.750Z","namespace":"db:cleanup"}
{"level":"info","message":"Removed 0 dangling edges in postGroups [80 ms])","timestamp":"2026-05-11T07:51:01.752Z","namespace":"db:cleanup"}
{"level":"info","message":"Removed 0 dangling edges in postSeen [81 ms])","timestamp":"2026-05-11T07:51:01.753Z","namespace":"db:cleanup"}
{"level":"info","message":"Ensuring collections","timestamp":"2026-05-11T07:51:01.755Z","namespace":"allpeep:db"}
{"level":"info","message":"Removed 0 dangling edges in replyTo [83 ms])","timestamp":"2026-05-11T07:51:01.755Z","namespace":"db:cleanup"}
{"level":"info","message":"Ensuring collection dataMigrations","timestamp":"2026-05-11T07:51:01.755Z","namespace":"allpeep:db"}
{"level":"info","message":"Ensuring collection i18n","timestamp":"2026-05-11T07:51:01.757Z","namespace":"allpeep:db"}
{"level":"info","message":"Ensuring collection configs","timestamp":"2026-05-11T07:51:01.758Z","namespace":"allpeep:db"}
{"level":"info","message":"Ensuring collection accounts","timestamp":"2026-05-11T07:51:01.760Z","namespace":"allpeep:db"}
{"level":"info","message":"ensuring index unique-emails","timestamp":"2026-05-11T07:51:01.761Z","namespace":"allpeep:db"}
{"level":"info","message":"Ensuring collection profiles","timestamp":"2026-05-11T07:51:01.762Z","namespace":"allpeep:db"}
{"level":"info","message":"ensuring index unique-activityPub-identifiers","timestamp":"2026-05-11T07:51:01.763Z","namespace":"allpeep:db"}
{"level":"info","message":"ensuring index search-profiles","timestamp":"2026-05-11T07:51:01.764Z","namespace":"allpeep:db"}
{"level":"info","message":"Ensuring collection follows","timestamp":"2026-05-11T07:51:01.765Z","namespace":"allpeep:db"}
{"level":"info","message":"ensuring index unique-follows","timestamp":"2026-05-11T07:51:01.767Z","namespace":"allpeep:db"}
{"level":"info","message":"Ensuring collection requestsFollow","timestamp":"2026-05-11T07:51:01.767Z","namespace":"allpeep:db"}
{"level":"info","message":"Ensuring collection controls","timestamp":"2026-05-11T07:51:01.769Z","namespace":"allpeep:db"}
{"level":"info","message":"Ensuring collection posts","timestamp":"2026-05-11T07:51:01.770Z","namespace":"allpeep:db"}
{"level":"info","message":"ensuring index search-posts","timestamp":"2026-05-11T07:51:01.771Z","namespace":"allpeep:db"}
{"level":"info","message":"Ensuring collection mentions","timestamp":"2026-05-11T07:51:01.772Z","namespace":"allpeep:db"}
{"level":"info","message":"Ensuring collection audience","timestamp":"2026-05-11T07:51:01.774Z","namespace":"allpeep:db"}
{"level":"info","message":"Ensuring collection hashtags","timestamp":"2026-05-11T07:51:01.775Z","namespace":"allpeep:db"}
{"level":"info","message":"Ensuring collection postHashtags","timestamp":"2026-05-11T07:51:01.776Z","namespace":"allpeep:db"}
{"level":"info","message":"Ensuring collection reports","timestamp":"2026-05-11T07:51:01.778Z","namespace":"allpeep:db"}
{"level":"info","message":"Ensuring collection createdReport","timestamp":"2026-05-11T07:51:01.779Z","namespace":"allpeep:db"}
{"level":"info","message":"Ensuring collection isReportedProfile","timestamp":"2026-05-11T07:51:01.780Z","namespace":"allpeep:db"}
{"level":"info","message":"Ensuring collection isReportedObject","timestamp":"2026-05-11T07:51:01.781Z","namespace":"allpeep:db"}
{"level":"info","message":"Ensuring collection entries","timestamp":"2026-05-11T07:51:01.782Z","namespace":"allpeep:db"}
{"level":"info","message":"ensuring index search-entries","timestamp":"2026-05-11T07:51:01.783Z","namespace":"allpeep:db"}
{"level":"info","message":"Ensuring collection reactions","timestamp":"2026-05-11T07:51:01.784Z","namespace":"allpeep:db"}
{"level":"info","message":"ensuring index unique-reactions","timestamp":"2026-05-11T07:51:01.786Z","namespace":"allpeep:db"}
{"level":"info","message":"Ensuring collection replyTo","timestamp":"2026-05-11T07:51:01.786Z","namespace":"allpeep:db"}
{"level":"info","message":"ensuring index unique-replies","timestamp":"2026-05-11T07:51:01.787Z","namespace":"allpeep:db"}
{"level":"info","message":"Ensuring collection repost","timestamp":"2026-05-11T07:51:01.788Z","namespace":"allpeep:db"}
{"level":"info","message":"ensuring index unique-reposts","timestamp":"2026-05-11T07:51:01.789Z","namespace":"allpeep:db"}
{"level":"info","message":"Ensuring collection mediaAttachments","timestamp":"2026-05-11T07:51:01.790Z","namespace":"allpeep:db"}
{"level":"info","message":"Ensuring collection roles","timestamp":"2026-05-11T07:51:01.791Z","namespace":"allpeep:db"}
{"level":"info","message":"Ensuring collection accessTokens","timestamp":"2026-05-11T07:51:01.792Z","namespace":"allpeep:db"}
{"level":"info","message":"Ensuring collection profileAccessTokens","timestamp":"2026-05-11T07:51:01.794Z","namespace":"allpeep:db"}
{"level":"info","message":"ensuring index unique-profile-access-tokens","timestamp":"2026-05-11T07:51:01.795Z","namespace":"allpeep:db"}
{"level":"info","message":"Ensuring collection hasRole","timestamp":"2026-05-11T07:51:01.796Z","namespace":"allpeep:db"}
{"level":"info","message":"Ensuring collection notifications","timestamp":"2026-05-11T07:51:01.797Z","namespace":"allpeep:db"}
{"level":"info","message":"Ensuring collection pushSubscriptions","timestamp":"2026-05-11T07:51:01.798Z","namespace":"allpeep:db"}
{"level":"info","message":"Ensuring collection accountToPushSubscription","timestamp":"2026-05-11T07:51:01.799Z","namespace":"allpeep:db"}
{"level":"info","message":"Ensuring collection jamEvents","timestamp":"2026-05-11T07:51:01.800Z","namespace":"allpeep:db"}
{"level":"info","message":"Ensuring collection inviteLinks","timestamp":"2026-05-11T07:51:01.801Z","namespace":"allpeep:db"}
{"level":"info","message":"ensuring index unique-invite-link-slugs","timestamp":"2026-05-11T07:51:01.802Z","namespace":"allpeep:db"}
{"level":"info","message":"Ensuring collection inviteLinkCreators","timestamp":"2026-05-11T07:51:01.803Z","namespace":"allpeep:db"}
{"level":"info","message":"Ensuring collection inviteLinkRedeemers","timestamp":"2026-05-11T07:51:01.804Z","namespace":"allpeep:db"}
{"level":"info","message":"Ensuring collection groups","timestamp":"2026-05-11T07:51:01.805Z","namespace":"allpeep:db"}
{"level":"info","message":"ensuring index unique-group-handles","timestamp":"2026-05-11T07:51:01.807Z","namespace":"allpeep:db"}
{"level":"info","message":"ensuring index search-groups","timestamp":"2026-05-11T07:51:01.807Z","namespace":"allpeep:db"}
{"level":"info","message":"Ensuring collection postGroups","timestamp":"2026-05-11T07:51:01.808Z","namespace":"allpeep:db"}
{"level":"info","message":"Ensuring collection userGroups","timestamp":"2026-05-11T07:51:01.810Z","namespace":"allpeep:db"}
{"level":"info","message":"Ensuring collection hasSeen","timestamp":"2026-05-11T07:51:01.811Z","namespace":"allpeep:db"}
{"level":"info","message":"Ensuring collection hasRead","timestamp":"2026-05-11T07:51:01.812Z","namespace":"allpeep:db"}
{"level":"info","message":"Ensuring collection bookmarks","timestamp":"2026-05-11T07:51:01.813Z","namespace":"allpeep:db"}
{"level":"info","message":"Ensuring collection profileSettings","timestamp":"2026-05-11T07:51:01.815Z","namespace":"allpeep:db"}
{"level":"info","message":"Ensuring collection jamRecordings","timestamp":"2026-05-11T07:51:01.816Z","namespace":"allpeep:db"}
{"level":"info","message":"Ensuring views","timestamp":"2026-05-11T07:51:01.818Z","namespace":"allpeep:db"}
{"level":"info","message":"Ensuring view postSearch","timestamp":"2026-05-11T07:51:01.818Z","namespace":"allpeep:db"}
{"level":"info","message":"Ensuring view groupSearch","timestamp":"2026-05-11T07:51:01.819Z","namespace":"allpeep:db"}
{"level":"info","message":"Ensuring view profileSearch","timestamp":"2026-05-11T07:51:01.820Z","namespace":"allpeep:db"}
{"level":"info","message":"Server initialized.","timestamp":"2026-05-11T07:51:01.841Z","namespace":"server:init"}
{"level":"info","message":"Loaded 155 route module(s).","timestamp":"2026-05-11T07:51:01.842Z","namespace":"server"}
{"level":"info","message":"Server listening on http://localhost:5173","timestamp":"2026-05-11T07:51:01.851Z","namespace":"server"}
{"level":"info","message":"Checking ArangoDB availability at http://localhost:8529 (try 1)","timestamp":"2026-05-11T07:52:05.870Z","namespace":"allpeep:db"}
{"level":"info","message":"ArangoDB is available at http://localhost:8529","timestamp":"2026-05-11T07:52:05.882Z","namespace":"allpeep:db"}
{"level":"info","message":"Ensuring function CHECK_CAPABILITIES","timestamp":"2026-05-11T07:52:05.883Z","namespace":"allpeep:db"}
{"level":"info","message":"Ensuring functions","timestamp":"2026-05-11T07:52:05.883Z","namespace":"allpeep:db"}
{"level":"info","message":"Ensuring function MERGE_CAPABILITIES","timestamp":"2026-05-11T07:52:05.885Z","namespace":"allpeep:db"}
{"level":"info","message":"Using default database","timestamp":"2026-05-11T07:52:05.882Z","namespace":"allpeep:db"}
{"level":"info","message":"Skipping data migration Add note type to create entries (018fa9a0-ae6a-79e5-a529-6d13f335dbc4).","timestamp":"2026-05-11T07:52:05.900Z","namespace":"db:dataMigrations"}
{"level":"info","message":"Skipping data migration Replace actor with profile in follows collection (019131ae-e429-7d15-bd25-6ed89b04952d).","timestamp":"2026-05-11T07:52:05.901Z","namespace":"db:dataMigrations"}
{"level":"info","message":"Skipping data migration Replace actor with profile in entries collection (0191942c-3931-779c-9d40-74be98aa4220).","timestamp":"2026-05-11T07:52:05.903Z","namespace":"db:dataMigrations"}
{"level":"info","message":"Skipping data migration Replace actor with profile in hasRole collection (0191942c-8280-76d1-a7a1-8caa454ea5ab).","timestamp":"2026-05-11T07:52:05.906Z","namespace":"db:dataMigrations"}
{"level":"info","message":"Skipping data migration Replace actor with profile in mentions collection (0191942c-a90e-71e6-846f-7dc882c8c00b).","timestamp":"2026-05-11T07:52:05.908Z","namespace":"db:dataMigrations"}
{"level":"info","message":"Skipping data migration Replace actor with profile in reactions collection (0191942c-e79f-7bb4-9e28-59a30519225d).","timestamp":"2026-05-11T07:52:05.910Z","namespace":"db:dataMigrations"}
{"level":"info","message":"Skipping data migration Replace actor with profile in controls collection (0191942c-e79f-7bb4-9e28-59a30519225e).","timestamp":"2026-05-11T07:52:05.913Z","namespace":"db:dataMigrations"}
{"level":"info","message":"Skipping data migration Rename actor collection to profiles (0191942f-4766-7d9c-b71f-5497a39ae774).","timestamp":"2026-05-11T07:52:05.915Z","namespace":"db:dataMigrations"}
{"level":"info","message":"Skipping data migration Remove logs collection (0191e638-ed19-721f-9aed-429714253ead).","timestamp":"2026-05-11T07:52:05.917Z","namespace":"db:dataMigrations"}
{"level":"info","message":"Skipping data migration Rename user collection to account (01920f6b-ebf7-719b-8da4-d99e4b082486).","timestamp":"2026-05-11T07:52:05.919Z","namespace":"db:dataMigrations"}
{"level":"info","message":"Skipping data migration Rename userToPushSubscription collection to accountToPushSubscription (01920f58-dcc7-7b86-b0fc-03e7536aae93).","timestamp":"2026-05-11T07:52:05.920Z","namespace":"db:dataMigrations"}
{"level":"info","message":"Skipping data migration Replace user with account in controls collection (0192057e-f212-76b1-9e54-b5518c2927c7).","timestamp":"2026-05-11T07:52:05.922Z","namespace":"db:dataMigrations"}
{"level":"info","message":"Skipping data migration Replace user with account in accountToPushSubscription collection (01920a04-a3f5-7b10-8a31-c55dfae82c6d).","timestamp":"2026-05-11T07:52:05.924Z","namespace":"db:dataMigrations"}
{"level":"info","message":"Skipping data migration Deleting index on username (01920f80-0d50-7dee-a6cc-c78dc5200c32).","timestamp":"2026-05-11T07:52:05.926Z","namespace":"db:dataMigrations"}
{"level":"info","message":"Skipping data migration Renaming username to handle (01920fb5-1afb-70e4-9f8a-f47b6b49918b).","timestamp":"2026-05-11T07:52:05.928Z","namespace":"db:dataMigrations"}
{"level":"info","message":"Skipping data migration Fixing jam events (01927134-8082-727f-9df0-1c152a020e33).","timestamp":"2026-05-11T07:52:05.931Z","namespace":"db:dataMigrations"}
{"level":"info","message":"Skipping data migration Fixing notifications (01927158-191a-7ca9-bbd3-0c6cfe505731).","timestamp":"2026-05-11T07:52:05.933Z","namespace":"db:dataMigrations"}
{"level":"info","message":"Skipping data migration Fixing jam events again (0192900c-5b17-7dd8-8afd-d6c6c160ad8e).","timestamp":"2026-05-11T07:52:05.935Z","namespace":"db:dataMigrations"}
{"level":"info","message":"Skipping data migration Fixing notification type (0194d539-06ac-750c-9577-e982464575ae).","timestamp":"2026-05-11T07:52:05.937Z","namespace":"db:dataMigrations"}
{"level":"info","message":"Skipping data migration Copy mentions content to audience for direct messages only (0194f5d4-e347-7c4c-b26c-ec712812ae74).","timestamp":"2026-05-11T07:52:05.939Z","namespace":"db:dataMigrations"}
{"level":"info","message":"Skipping data migration Generate and set createdAt and updatedAt entries for mentions (0194fc1f-13ea-72f7-8954-0609b77af91e).","timestamp":"2026-05-11T07:52:05.940Z","namespace":"db:dataMigrations"}
{"level":"info","message":"Skipping data migration Convert jams to events and remove jams collection (0196795d-274b-7c51-9095-95880f9e815e).","timestamp":"2026-05-11T07:52:05.942Z","namespace":"db:dataMigrations"}
{"level":"info","message":"Skipping data migration Fix malformed hashtags created by old regex pattern (01a19837-edf6-43db-8953-6c19ecaab122).","timestamp":"2026-05-11T07:52:05.943Z","namespace":"db:dataMigrations"}
{"level":"info","message":"Skipping data migration Adding type on existing push subcriptions (01976851-be8c-7115-a82a-27c540d5320a).","timestamp":"2026-05-11T07:52:05.946Z","namespace":"db:dataMigrations"}
{"level":"info","message":"Skipping data migration Add data to post (019802f2-b27a-72c3-9ca1-fc344b72b66b).","timestamp":"2026-05-11T07:52:05.947Z","namespace":"db:dataMigrations"}
{"level":"info","message":"Skipping data migration Setting profiles without type to \"local\" (01988a61-aa54-7b47-abc8-f0e63bf5fdd6).","timestamp":"2026-05-11T07:52:05.948Z","namespace":"db:dataMigrations"}
{"level":"info","message":"Skipping data migration Update group memeberships from capabilities to roles (019898f2-c539-7cfb-ba41-cf58f952dd62).","timestamp":"2026-05-11T07:52:05.950Z","namespace":"db:dataMigrations"}
{"level":"info","message":"Skipping data migration Update group capabilities (01989922-a9a0-7aae-8b9e-6416ed9c67b7).","timestamp":"2026-05-11T07:52:05.951Z","namespace":"db:dataMigrations"}
{"level":"info","message":"Skipping data migration Update jam events (0198a7fc-72d1-7a2f-8c15-7d1bd0f0d109).","timestamp":"2026-05-11T07:52:05.952Z","namespace":"db:dataMigrations"}
{"level":"info","message":"Skipping data migration Refactor theme for allpeep-community config to light/dark structure (8bdf3512-0649-48c8-a9af-b6bfd1f86f1a).","timestamp":"2026-05-11T07:52:05.954Z","namespace":"db:dataMigrations"}
{"level":"info","message":"Skipping data migration Add creator ids to posts for easier filtering (0199c52d-2bf0-74e8-9a2f-ff65fd5b7b6a).","timestamp":"2026-05-11T07:52:05.955Z","namespace":"db:dataMigrations"}
{"level":"info","message":"Skipping data migration Remove jam messages left without profileId because of a bad migration (0199ec4e-aed3-787c-a180-9aed9166a882).","timestamp":"2026-05-11T07:52:05.957Z","namespace":"db:dataMigrations"}
{"level":"info","message":"Skipping data migration Make current users members so they can keep posting (019a2b1f-b21c-7f69-8b24-e186bb59c6b5).","timestamp":"2026-05-11T07:52:05.959Z","namespace":"db:dataMigrations"}
{"level":"info","message":"Skipping data migration Create default profile configs for existing profiles (b1f4c3d2-5e6f-4a7b-8c9d-0e1f2a3b4c5d).","timestamp":"2026-05-11T07:52:05.960Z","namespace":"db:dataMigrations"}
{"level":"info","message":"Skipping data migration Delete guest reports and their reportedProfile edges (41c542ad-1dd5-4407-bac5-dfe2aa83edcf).","timestamp":"2026-05-11T07:52:05.962Z","namespace":"db:dataMigrations"}
{"level":"info","message":"Skipping data migration Deleting Duplicate Group Memberships (bed1669c-8487-4ab9-ba23-8aec8b6e215d).","timestamp":"2026-05-11T07:52:05.963Z","namespace":"db:dataMigrations"}
{"level":"info","message":"Skipping data migration Add reply, RSVP, and vote post capabilities for group members (019c98bd-56bf-7326-a4ea-45fd4fcd2309).","timestamp":"2026-05-11T07:52:05.965Z","namespace":"db:dataMigrations"}
{"level":"info","message":"Skipping data migration Removing all deleted accounts, their push subscriptions, and connecting edges (65c54e29-c0f7-4336-8dbb-c250d8f6c5d5).","timestamp":"2026-05-11T07:52:05.966Z","namespace":"db:dataMigrations"}
{"level":"info","message":"Skipping data migration Rename configuration document keys from allpeep-* to openpeeps-* (a1b2c3d4-e5f6-4a7b-8c9d-0e1f2a3b4c5d).","timestamp":"2026-05-11T07:52:05.968Z","namespace":"db:dataMigrations"}
{"level":"info","message":"Cleaning up dangling edges...","timestamp":"2026-05-11T07:52:05.968Z","namespace":"db:cleanup"}
{"level":"info","message":"Removed 0 dangling edges in accountToPushSubscription [43 ms])","timestamp":"2026-05-11T07:52:06.011Z","namespace":"db:cleanup"}
{"level":"info","message":"Removed 0 dangling edges in createdReport [44 ms])","timestamp":"2026-05-11T07:52:06.012Z","namespace":"db:cleanup"}
{"level":"info","message":"Removed 0 dangling edges in controls [47 ms])","timestamp":"2026-05-11T07:52:06.015Z","namespace":"db:cleanup"}
{"level":"info","message":"Removed 0 dangling edges in userGroups [49 ms])","timestamp":"2026-05-11T07:52:06.017Z","namespace":"db:cleanup"}
{"level":"info","message":"Removed 0 dangling edges in follows [51 ms])","timestamp":"2026-05-11T07:52:06.019Z","namespace":"db:cleanup"}
{"level":"info","message":"Removed 0 dangling edges in entries [61 ms])","timestamp":"2026-05-11T07:52:06.029Z","namespace":"db:cleanup"}
{"level":"info","message":"Removed 0 dangling edges in repost [64 ms])","timestamp":"2026-05-11T07:52:06.032Z","namespace":"db:cleanup"}
{"level":"info","message":"Removed 0 dangling edges in profileAccessTokens [64 ms])","timestamp":"2026-05-11T07:52:06.032Z","namespace":"db:cleanup"}
{"level":"info","message":"Removed 0 dangling edges in hasRead [65 ms])","timestamp":"2026-05-11T07:52:06.033Z","namespace":"db:cleanup"}
{"level":"info","message":"Removed 0 dangling edges in hasRole [70 ms])","timestamp":"2026-05-11T07:52:06.038Z","namespace":"db:cleanup"}
{"level":"info","message":"Removed 0 dangling edges in requestsFollow [71 ms])","timestamp":"2026-05-11T07:52:06.039Z","namespace":"db:cleanup"}
{"level":"info","message":"Removed 0 dangling edges in isReportedObject [71 ms])","timestamp":"2026-05-11T07:52:06.039Z","namespace":"db:cleanup"}
{"level":"info","message":"Removed 0 dangling edges in postHashtags [73 ms])","timestamp":"2026-05-11T07:52:06.041Z","namespace":"db:cleanup"}
{"level":"info","message":"Removed 0 dangling edges in audience [78 ms])","timestamp":"2026-05-11T07:52:06.046Z","namespace":"db:cleanup"}
{"level":"info","message":"Removed 0 dangling edges in isReportedProfile [79 ms])","timestamp":"2026-05-11T07:52:06.047Z","namespace":"db:cleanup"}
{"level":"info","message":"Removed 0 dangling edges in mentions [81 ms])","timestamp":"2026-05-11T07:52:06.049Z","namespace":"db:cleanup"}
{"level":"info","message":"Removed 0 dangling edges in inviteLinkCreators [82 ms])","timestamp":"2026-05-11T07:52:06.050Z","namespace":"db:cleanup"}
{"level":"info","message":"Removed 0 dangling edges in inviteLinkRedeemers [83 ms])","timestamp":"2026-05-11T07:52:06.051Z","namespace":"db:cleanup"}
{"level":"info","message":"Removed 0 dangling edges in jamRecordings [83 ms])","timestamp":"2026-05-11T07:52:06.051Z","namespace":"db:cleanup"}
{"level":"info","message":"Removed 0 dangling edges in hasSeen [84 ms])","timestamp":"2026-05-11T07:52:06.052Z","namespace":"db:cleanup"}
{"level":"info","message":"Removed 0 dangling edges in bookmarks [85 ms])","timestamp":"2026-05-11T07:52:06.053Z","namespace":"db:cleanup"}
{"level":"info","message":"Removed 0 dangling edges in reactions [87 ms])","timestamp":"2026-05-11T07:52:06.055Z","namespace":"db:cleanup"}
{"level":"info","message":"Removed 0 dangling edges in postGroups [89 ms])","timestamp":"2026-05-11T07:52:06.057Z","namespace":"db:cleanup"}
{"level":"info","message":"Removed 0 dangling edges in postSeen [90 ms])","timestamp":"2026-05-11T07:52:06.058Z","namespace":"db:cleanup"}
{"level":"info","message":"Removed 0 dangling edges in replyTo [92 ms])","timestamp":"2026-05-11T07:52:06.060Z","namespace":"db:cleanup"}
{"level":"info","message":"Ensuring collections","timestamp":"2026-05-11T07:52:06.061Z","namespace":"allpeep:db"}
{"level":"info","message":"Ensuring collection dataMigrations","timestamp":"2026-05-11T07:52:06.061Z","namespace":"allpeep:db"}
{"level":"info","message":"Ensuring collection i18n","timestamp":"2026-05-11T07:52:06.062Z","namespace":"allpeep:db"}
{"level":"info","message":"Ensuring collection configs","timestamp":"2026-05-11T07:52:06.063Z","namespace":"allpeep:db"}
{"level":"info","message":"Ensuring collection accounts","timestamp":"2026-05-11T07:52:06.064Z","namespace":"allpeep:db"}
{"level":"info","message":"ensuring index unique-emails","timestamp":"2026-05-11T07:52:06.066Z","namespace":"allpeep:db"}
{"level":"info","message":"Ensuring collection profiles","timestamp":"2026-05-11T07:52:06.067Z","namespace":"allpeep:db"}
{"level":"info","message":"ensuring index unique-activityPub-identifiers","timestamp":"2026-05-11T07:52:06.068Z","namespace":"allpeep:db"}
{"level":"info","message":"ensuring index search-profiles","timestamp":"2026-05-11T07:52:06.069Z","namespace":"allpeep:db"}
{"level":"info","message":"Ensuring collection follows","timestamp":"2026-05-11T07:52:06.070Z","namespace":"allpeep:db"}
{"level":"info","message":"ensuring index unique-follows","timestamp":"2026-05-11T07:52:06.071Z","namespace":"allpeep:db"}
{"level":"info","message":"Ensuring collection requestsFollow","timestamp":"2026-05-11T07:52:06.071Z","namespace":"allpeep:db"}
{"level":"info","message":"Ensuring collection controls","timestamp":"2026-05-11T07:52:06.073Z","namespace":"allpeep:db"}
{"level":"info","message":"Ensuring collection posts","timestamp":"2026-05-11T07:52:06.074Z","namespace":"allpeep:db"}
{"level":"info","message":"ensuring index search-posts","timestamp":"2026-05-11T07:52:06.075Z","namespace":"allpeep:db"}
{"level":"info","message":"Ensuring collection mentions","timestamp":"2026-05-11T07:52:06.076Z","namespace":"allpeep:db"}
{"level":"info","message":"Ensuring collection audience","timestamp":"2026-05-11T07:52:06.077Z","namespace":"allpeep:db"}
{"level":"info","message":"Ensuring collection hashtags","timestamp":"2026-05-11T07:52:06.078Z","namespace":"allpeep:db"}
{"level":"info","message":"Ensuring collection postHashtags","timestamp":"2026-05-11T07:52:06.079Z","namespace":"allpeep:db"}
{"level":"info","message":"Ensuring collection reports","timestamp":"2026-05-11T07:52:06.080Z","namespace":"allpeep:db"}
{"level":"info","message":"Ensuring collection createdReport","timestamp":"2026-05-11T07:52:06.081Z","namespace":"allpeep:db"}
{"level":"info","message":"Ensuring collection isReportedProfile","timestamp":"2026-05-11T07:52:06.083Z","namespace":"allpeep:db"}
{"level":"info","message":"Ensuring collection isReportedObject","timestamp":"2026-05-11T07:52:06.084Z","namespace":"allpeep:db"}
{"level":"info","message":"Ensuring collection entries","timestamp":"2026-05-11T07:52:06.085Z","namespace":"allpeep:db"}
{"level":"info","message":"ensuring index search-entries","timestamp":"2026-05-11T07:52:06.086Z","namespace":"allpeep:db"}
{"level":"info","message":"Ensuring collection reactions","timestamp":"2026-05-11T07:52:06.087Z","namespace":"allpeep:db"}
{"level":"info","message":"ensuring index unique-reactions","timestamp":"2026-05-11T07:52:06.088Z","namespace":"allpeep:db"}
{"level":"info","message":"Ensuring collection replyTo","timestamp":"2026-05-11T07:52:06.089Z","namespace":"allpeep:db"}
{"level":"info","message":"ensuring index unique-replies","timestamp":"2026-05-11T07:52:06.090Z","namespace":"allpeep:db"}
{"level":"info","message":"Ensuring collection repost","timestamp":"2026-05-11T07:52:06.091Z","namespace":"allpeep:db"}
{"level":"info","message":"ensuring index unique-reposts","timestamp":"2026-05-11T07:52:06.092Z","namespace":"allpeep:db"}
{"level":"info","message":"Ensuring collection mediaAttachments","timestamp":"2026-05-11T07:52:06.093Z","namespace":"allpeep:db"}
{"level":"info","message":"Ensuring collection roles","timestamp":"2026-05-11T07:52:06.094Z","namespace":"allpeep:db"}
{"level":"info","message":"Ensuring collection accessTokens","timestamp":"2026-05-11T07:52:06.096Z","namespace":"allpeep:db"}
{"level":"info","message":"Ensuring collection profileAccessTokens","timestamp":"2026-05-11T07:52:06.097Z","namespace":"allpeep:db"}
{"level":"info","message":"ensuring index unique-profile-access-tokens","timestamp":"2026-05-11T07:52:06.098Z","namespace":"allpeep:db"}
{"level":"info","message":"Ensuring collection hasRole","timestamp":"2026-05-11T07:52:06.099Z","namespace":"allpeep:db"}
{"level":"info","message":"Ensuring collection notifications","timestamp":"2026-05-11T07:52:06.101Z","namespace":"allpeep:db"}
{"level":"info","message":"Ensuring collection pushSubscriptions","timestamp":"2026-05-11T07:52:06.102Z","namespace":"allpeep:db"}
{"level":"info","message":"Ensuring collection accountToPushSubscription","timestamp":"2026-05-11T07:52:06.103Z","namespace":"allpeep:db"}
{"level":"info","message":"Ensuring collection jamEvents","timestamp":"2026-05-11T07:52:06.104Z","namespace":"allpeep:db"}
{"level":"info","message":"Ensuring collection inviteLinks","timestamp":"2026-05-11T07:52:06.105Z","namespace":"allpeep:db"}
{"level":"info","message":"ensuring index unique-invite-link-slugs","timestamp":"2026-05-11T07:52:06.106Z","namespace":"allpeep:db"}
{"level":"info","message":"Ensuring collection inviteLinkCreators","timestamp":"2026-05-11T07:52:06.107Z","namespace":"allpeep:db"}
{"level":"info","message":"Ensuring collection inviteLinkRedeemers","timestamp":"2026-05-11T07:52:06.108Z","namespace":"allpeep:db"}
{"level":"info","message":"Ensuring collection groups","timestamp":"2026-05-11T07:52:06.110Z","namespace":"allpeep:db"}
{"level":"info","message":"ensuring index unique-group-handles","timestamp":"2026-05-11T07:52:06.111Z","namespace":"allpeep:db"}
{"level":"info","message":"ensuring index search-groups","timestamp":"2026-05-11T07:52:06.112Z","namespace":"allpeep:db"}
{"level":"info","message":"Ensuring collection postGroups","timestamp":"2026-05-11T07:52:06.113Z","namespace":"allpeep:db"}
{"level":"info","message":"Ensuring collection userGroups","timestamp":"2026-05-11T07:52:06.114Z","namespace":"allpeep:db"}
{"level":"info","message":"Ensuring collection hasSeen","timestamp":"2026-05-11T07:52:06.116Z","namespace":"allpeep:db"}
{"level":"info","message":"Ensuring collection hasRead","timestamp":"2026-05-11T07:52:06.117Z","namespace":"allpeep:db"}
{"level":"info","message":"Ensuring collection bookmarks","timestamp":"2026-05-11T07:52:06.118Z","namespace":"allpeep:db"}
{"level":"info","message":"Ensuring collection profileSettings","timestamp":"2026-05-11T07:52:06.119Z","namespace":"allpeep:db"}
{"level":"info","message":"Ensuring collection jamRecordings","timestamp":"2026-05-11T07:52:06.120Z","namespace":"allpeep:db"}
{"level":"info","message":"Ensuring views","timestamp":"2026-05-11T07:52:06.122Z","namespace":"allpeep:db"}
{"level":"info","message":"Ensuring view postSearch","timestamp":"2026-05-11T07:52:06.122Z","namespace":"allpeep:db"}
{"level":"info","message":"Ensuring view groupSearch","timestamp":"2026-05-11T07:52:06.123Z","namespace":"allpeep:db"}
{"level":"info","message":"Ensuring view profileSearch","timestamp":"2026-05-11T07:52:06.125Z","namespace":"allpeep:db"}
{"level":"info","message":"Server initialized.","timestamp":"2026-05-11T07:52:06.144Z","namespace":"server:init"}
{"level":"info","message":"Loaded 155 route module(s).","timestamp":"2026-05-11T07:52:06.145Z","namespace":"server"}
{"level":"info","message":"Server listening on http://localhost:5173","timestamp":"2026-05-11T07:52:06.155Z","namespace":"server"}
{"level":"info","message":"GET    | 500 | /openapi.json | 5ms","timestamp":"2026-05-11T07:52:15.862Z","namespace":"server:request"}
{"level":"info","message":"GET    | 404 | /api/openpeeps/core/v1/server/info | 2ms","timestamp":"2026-05-11T07:52:15.874Z","namespace":"server:request"}
{"level":"info","message":"Checking ArangoDB availability at http://localhost:8529 (try 1)","timestamp":"2026-05-11T07:54:47.760Z","namespace":"allpeep:db"}
{"level":"info","message":"ArangoDB is available at http://localhost:8529","timestamp":"2026-05-11T07:54:47.772Z","namespace":"allpeep:db"}
{"level":"info","message":"Using default database","timestamp":"2026-05-11T07:54:47.772Z","namespace":"allpeep:db"}
{"level":"info","message":"Ensuring functions","timestamp":"2026-05-11T07:54:47.772Z","namespace":"allpeep:db"}
{"level":"info","message":"Ensuring function MERGE_CAPABILITIES","timestamp":"2026-05-11T07:54:47.774Z","namespace":"allpeep:db"}
{"level":"info","message":"Ensuring function CHECK_CAPABILITIES","timestamp":"2026-05-11T07:54:47.772Z","namespace":"allpeep:db"}
{"level":"info","message":"Skipping data migration Add note type to create entries (018fa9a0-ae6a-79e5-a529-6d13f335dbc4).","timestamp":"2026-05-11T07:54:47.787Z","namespace":"db:dataMigrations"}
{"level":"info","message":"Skipping data migration Replace actor with profile in follows collection (019131ae-e429-7d15-bd25-6ed89b04952d).","timestamp":"2026-05-11T07:54:47.789Z","namespace":"db:dataMigrations"}
{"level":"info","message":"Skipping data migration Replace actor with profile in entries collection (0191942c-3931-779c-9d40-74be98aa4220).","timestamp":"2026-05-11T07:54:47.793Z","namespace":"db:dataMigrations"}
{"level":"info","message":"Skipping data migration Replace actor with profile in hasRole collection (0191942c-8280-76d1-a7a1-8caa454ea5ab).","timestamp":"2026-05-11T07:54:47.795Z","namespace":"db:dataMigrations"}
{"level":"info","message":"Skipping data migration Replace actor with profile in mentions collection (0191942c-a90e-71e6-846f-7dc882c8c00b).","timestamp":"2026-05-11T07:54:47.798Z","namespace":"db:dataMigrations"}
{"level":"info","message":"Skipping data migration Replace actor with profile in reactions collection (0191942c-e79f-7bb4-9e28-59a30519225d).","timestamp":"2026-05-11T07:54:47.800Z","namespace":"db:dataMigrations"}
{"level":"info","message":"Skipping data migration Replace actor with profile in controls collection (0191942c-e79f-7bb4-9e28-59a30519225e).","timestamp":"2026-05-11T07:54:47.802Z","namespace":"db:dataMigrations"}
{"level":"info","message":"Skipping data migration Rename actor collection to profiles (0191942f-4766-7d9c-b71f-5497a39ae774).","timestamp":"2026-05-11T07:54:47.805Z","namespace":"db:dataMigrations"}
{"level":"info","message":"Skipping data migration Remove logs collection (0191e638-ed19-721f-9aed-429714253ead).","timestamp":"2026-05-11T07:54:47.808Z","namespace":"db:dataMigrations"}
{"level":"info","message":"Skipping data migration Rename user collection to account (01920f6b-ebf7-719b-8da4-d99e4b082486).","timestamp":"2026-05-11T07:54:47.816Z","namespace":"db:dataMigrations"}
{"level":"info","message":"Skipping data migration Rename userToPushSubscription collection to accountToPushSubscription (01920f58-dcc7-7b86-b0fc-03e7536aae93).","timestamp":"2026-05-11T07:54:47.818Z","namespace":"db:dataMigrations"}
{"level":"info","message":"Skipping data migration Replace user with account in controls collection (0192057e-f212-76b1-9e54-b5518c2927c7).","timestamp":"2026-05-11T07:54:47.820Z","namespace":"db:dataMigrations"}
{"level":"info","message":"Skipping data migration Replace user with account in accountToPushSubscription collection (01920a04-a3f5-7b10-8a31-c55dfae82c6d).","timestamp":"2026-05-11T07:54:47.821Z","namespace":"db:dataMigrations"}
{"level":"info","message":"Skipping data migration Deleting index on username (01920f80-0d50-7dee-a6cc-c78dc5200c32).","timestamp":"2026-05-11T07:54:47.823Z","namespace":"db:dataMigrations"}
{"level":"info","message":"Skipping data migration Renaming username to handle (01920fb5-1afb-70e4-9f8a-f47b6b49918b).","timestamp":"2026-05-11T07:54:47.824Z","namespace":"db:dataMigrations"}
{"level":"info","message":"Skipping data migration Fixing jam events (01927134-8082-727f-9df0-1c152a020e33).","timestamp":"2026-05-11T07:54:47.825Z","namespace":"db:dataMigrations"}
{"level":"info","message":"Skipping data migration Fixing notifications (01927158-191a-7ca9-bbd3-0c6cfe505731).","timestamp":"2026-05-11T07:54:47.827Z","namespace":"db:dataMigrations"}
{"level":"info","message":"Skipping data migration Fixing jam events again (0192900c-5b17-7dd8-8afd-d6c6c160ad8e).","timestamp":"2026-05-11T07:54:47.829Z","namespace":"db:dataMigrations"}
{"level":"info","message":"Skipping data migration Fixing notification type (0194d539-06ac-750c-9577-e982464575ae).","timestamp":"2026-05-11T07:54:47.831Z","namespace":"db:dataMigrations"}
{"level":"info","message":"Skipping data migration Copy mentions content to audience for direct messages only (0194f5d4-e347-7c4c-b26c-ec712812ae74).","timestamp":"2026-05-11T07:54:47.832Z","namespace":"db:dataMigrations"}
{"level":"info","message":"Skipping data migration Generate and set createdAt and updatedAt entries for mentions (0194fc1f-13ea-72f7-8954-0609b77af91e).","timestamp":"2026-05-11T07:54:47.834Z","namespace":"db:dataMigrations"}
{"level":"info","message":"Skipping data migration Convert jams to events and remove jams collection (0196795d-274b-7c51-9095-95880f9e815e).","timestamp":"2026-05-11T07:54:47.836Z","namespace":"db:dataMigrations"}
{"level":"info","message":"Skipping data migration Fix malformed hashtags created by old regex pattern (01a19837-edf6-43db-8953-6c19ecaab122).","timestamp":"2026-05-11T07:54:47.839Z","namespace":"db:dataMigrations"}
{"level":"info","message":"Skipping data migration Adding type on existing push subcriptions (01976851-be8c-7115-a82a-27c540d5320a).","timestamp":"2026-05-11T07:54:47.841Z","namespace":"db:dataMigrations"}
{"level":"info","message":"Skipping data migration Add data to post (019802f2-b27a-72c3-9ca1-fc344b72b66b).","timestamp":"2026-05-11T07:54:47.843Z","namespace":"db:dataMigrations"}
{"level":"info","message":"Skipping data migration Setting profiles without type to \"local\" (01988a61-aa54-7b47-abc8-f0e63bf5fdd6).","timestamp":"2026-05-11T07:54:47.844Z","namespace":"db:dataMigrations"}
{"level":"info","message":"Skipping data migration Update group memeberships from capabilities to roles (019898f2-c539-7cfb-ba41-cf58f952dd62).","timestamp":"2026-05-11T07:54:47.849Z","namespace":"db:dataMigrations"}
{"level":"info","message":"Skipping data migration Update group capabilities (01989922-a9a0-7aae-8b9e-6416ed9c67b7).","timestamp":"2026-05-11T07:54:47.851Z","namespace":"db:dataMigrations"}
{"level":"info","message":"Skipping data migration Update jam events (0198a7fc-72d1-7a2f-8c15-7d1bd0f0d109).","timestamp":"2026-05-11T07:54:47.853Z","namespace":"db:dataMigrations"}
{"level":"info","message":"Skipping data migration Refactor theme for allpeep-community config to light/dark structure (8bdf3512-0649-48c8-a9af-b6bfd1f86f1a).","timestamp":"2026-05-11T07:54:47.854Z","namespace":"db:dataMigrations"}
{"level":"info","message":"Skipping data migration Add creator ids to posts for easier filtering (0199c52d-2bf0-74e8-9a2f-ff65fd5b7b6a).","timestamp":"2026-05-11T07:54:47.856Z","namespace":"db:dataMigrations"}
{"level":"info","message":"Skipping data migration Remove jam messages left without profileId because of a bad migration (0199ec4e-aed3-787c-a180-9aed9166a882).","timestamp":"2026-05-11T07:54:47.858Z","namespace":"db:dataMigrations"}
{"level":"info","message":"Skipping data migration Make current users members so they can keep posting (019a2b1f-b21c-7f69-8b24-e186bb59c6b5).","timestamp":"2026-05-11T07:54:47.860Z","namespace":"db:dataMigrations"}
{"level":"info","message":"Skipping data migration Create default profile configs for existing profiles (b1f4c3d2-5e6f-4a7b-8c9d-0e1f2a3b4c5d).","timestamp":"2026-05-11T07:54:47.862Z","namespace":"db:dataMigrations"}
{"level":"info","message":"Skipping data migration Delete guest reports and their reportedProfile edges (41c542ad-1dd5-4407-bac5-dfe2aa83edcf).","timestamp":"2026-05-11T07:54:47.863Z","namespace":"db:dataMigrations"}
{"level":"info","message":"Skipping data migration Deleting Duplicate Group Memberships (bed1669c-8487-4ab9-ba23-8aec8b6e215d).","timestamp":"2026-05-11T07:54:47.865Z","namespace":"db:dataMigrations"}
{"level":"info","message":"Skipping data migration Add reply, RSVP, and vote post capabilities for group members (019c98bd-56bf-7326-a4ea-45fd4fcd2309).","timestamp":"2026-05-11T07:54:47.867Z","namespace":"db:dataMigrations"}
{"level":"info","message":"Skipping data migration Removing all deleted accounts, their push subscriptions, and connecting edges (65c54e29-c0f7-4336-8dbb-c250d8f6c5d5).","timestamp":"2026-05-11T07:54:47.868Z","namespace":"db:dataMigrations"}
{"level":"info","message":"Skipping data migration Rename configuration document keys from allpeep-* to openpeeps-* (a1b2c3d4-e5f6-4a7b-8c9d-0e1f2a3b4c5d).","timestamp":"2026-05-11T07:54:47.870Z","namespace":"db:dataMigrations"}
{"level":"info","message":"Cleaning up dangling edges...","timestamp":"2026-05-11T07:54:47.870Z","namespace":"db:cleanup"}
{"level":"info","message":"Removed 0 dangling edges in accountToPushSubscription [40 ms])","timestamp":"2026-05-11T07:54:47.910Z","namespace":"db:cleanup"}
{"level":"info","message":"Removed 0 dangling edges in createdReport [42 ms])","timestamp":"2026-05-11T07:54:47.912Z","namespace":"db:cleanup"}
{"level":"info","message":"Removed 0 dangling edges in controls [44 ms])","timestamp":"2026-05-11T07:54:47.914Z","namespace":"db:cleanup"}
{"level":"info","message":"Removed 0 dangling edges in userGroups [46 ms])","timestamp":"2026-05-11T07:54:47.916Z","namespace":"db:cleanup"}
{"level":"info","message":"Removed 0 dangling edges in follows [47 ms])","timestamp":"2026-05-11T07:54:47.917Z","namespace":"db:cleanup"}
{"level":"info","message":"Removed 0 dangling edges in entries [56 ms])","timestamp":"2026-05-11T07:54:47.926Z","namespace":"db:cleanup"}
{"level":"info","message":"Removed 0 dangling edges in repost [58 ms])","timestamp":"2026-05-11T07:54:47.928Z","namespace":"db:cleanup"}
{"level":"info","message":"Removed 0 dangling edges in profileAccessTokens [59 ms])","timestamp":"2026-05-11T07:54:47.929Z","namespace":"db:cleanup"}
{"level":"info","message":"Removed 0 dangling edges in hasRead [60 ms])","timestamp":"2026-05-11T07:54:47.930Z","namespace":"db:cleanup"}
{"level":"info","message":"Removed 0 dangling edges in hasRole [65 ms])","timestamp":"2026-05-11T07:54:47.935Z","namespace":"db:cleanup"}
{"level":"info","message":"Removed 0 dangling edges in requestsFollow [66 ms])","timestamp":"2026-05-11T07:54:47.936Z","namespace":"db:cleanup"}
{"level":"info","message":"Removed 0 dangling edges in isReportedObject [67 ms])","timestamp":"2026-05-11T07:54:47.937Z","namespace":"db:cleanup"}
{"level":"info","message":"Removed 0 dangling edges in postHashtags [68 ms])","timestamp":"2026-05-11T07:54:47.938Z","namespace":"db:cleanup"}
{"level":"info","message":"Removed 0 dangling edges in audience [74 ms])","timestamp":"2026-05-11T07:54:47.944Z","namespace":"db:cleanup"}
{"level":"info","message":"Removed 0 dangling edges in isReportedProfile [75 ms])","timestamp":"2026-05-11T07:54:47.945Z","namespace":"db:cleanup"}
{"level":"info","message":"Removed 0 dangling edges in mentions [76 ms])","timestamp":"2026-05-11T07:54:47.946Z","namespace":"db:cleanup"}
{"level":"info","message":"Removed 0 dangling edges in inviteLinkCreators [77 ms])","timestamp":"2026-05-11T07:54:47.947Z","namespace":"db:cleanup"}
{"level":"info","message":"Removed 0 dangling edges in inviteLinkRedeemers [78 ms])","timestamp":"2026-05-11T07:54:47.948Z","namespace":"db:cleanup"}
{"level":"info","message":"Removed 0 dangling edges in jamRecordings [79 ms])","timestamp":"2026-05-11T07:54:47.949Z","namespace":"db:cleanup"}
{"level":"info","message":"Removed 0 dangling edges in hasSeen [80 ms])","timestamp":"2026-05-11T07:54:47.950Z","namespace":"db:cleanup"}
{"level":"info","message":"Removed 0 dangling edges in bookmarks [81 ms])","timestamp":"2026-05-11T07:54:47.951Z","namespace":"db:cleanup"}
{"level":"info","message":"Removed 0 dangling edges in reactions [83 ms])","timestamp":"2026-05-11T07:54:47.953Z","namespace":"db:cleanup"}
{"level":"info","message":"Removed 0 dangling edges in postGroups [84 ms])","timestamp":"2026-05-11T07:54:47.954Z","namespace":"db:cleanup"}
{"level":"info","message":"Removed 0 dangling edges in postSeen [85 ms])","timestamp":"2026-05-11T07:54:47.955Z","namespace":"db:cleanup"}
{"level":"info","message":"Removed 0 dangling edges in replyTo [88 ms])","timestamp":"2026-05-11T07:54:47.958Z","namespace":"db:cleanup"}
{"level":"info","message":"Ensuring collections","timestamp":"2026-05-11T07:54:47.959Z","namespace":"allpeep:db"}
{"level":"info","message":"Ensuring collection dataMigrations","timestamp":"2026-05-11T07:54:47.959Z","namespace":"allpeep:db"}
{"level":"info","message":"Ensuring collection i18n","timestamp":"2026-05-11T07:54:47.960Z","namespace":"allpeep:db"}
{"level":"info","message":"Ensuring collection configs","timestamp":"2026-05-11T07:54:47.962Z","namespace":"allpeep:db"}
{"level":"info","message":"Ensuring collection accounts","timestamp":"2026-05-11T07:54:47.963Z","namespace":"allpeep:db"}
{"level":"info","message":"ensuring index unique-emails","timestamp":"2026-05-11T07:54:47.964Z","namespace":"allpeep:db"}
{"level":"info","message":"Ensuring collection profiles","timestamp":"2026-05-11T07:54:47.965Z","namespace":"allpeep:db"}
{"level":"info","message":"ensuring index unique-activityPub-identifiers","timestamp":"2026-05-11T07:54:47.967Z","namespace":"allpeep:db"}
{"level":"info","message":"ensuring index search-profiles","timestamp":"2026-05-11T07:54:47.968Z","namespace":"allpeep:db"}
{"level":"info","message":"Ensuring collection follows","timestamp":"2026-05-11T07:54:47.969Z","namespace":"allpeep:db"}
{"level":"info","message":"ensuring index unique-follows","timestamp":"2026-05-11T07:54:47.970Z","namespace":"allpeep:db"}
{"level":"info","message":"Ensuring collection requestsFollow","timestamp":"2026-05-11T07:54:47.971Z","namespace":"allpeep:db"}
{"level":"info","message":"Ensuring collection controls","timestamp":"2026-05-11T07:54:47.972Z","namespace":"allpeep:db"}
{"level":"info","message":"Ensuring collection posts","timestamp":"2026-05-11T07:54:47.974Z","namespace":"allpeep:db"}
{"level":"info","message":"ensuring index search-posts","timestamp":"2026-05-11T07:54:47.975Z","namespace":"allpeep:db"}
{"level":"info","message":"Ensuring collection mentions","timestamp":"2026-05-11T07:54:47.977Z","namespace":"allpeep:db"}
{"level":"info","message":"Ensuring collection audience","timestamp":"2026-05-11T07:54:47.978Z","namespace":"allpeep:db"}
{"level":"info","message":"Ensuring collection hashtags","timestamp":"2026-05-11T07:54:47.979Z","namespace":"allpeep:db"}
{"level":"info","message":"Ensuring collection postHashtags","timestamp":"2026-05-11T07:54:47.980Z","namespace":"allpeep:db"}
{"level":"info","message":"Ensuring collection reports","timestamp":"2026-05-11T07:54:47.982Z","namespace":"allpeep:db"}
{"level":"info","message":"Ensuring collection createdReport","timestamp":"2026-05-11T07:54:47.983Z","namespace":"allpeep:db"}
{"level":"info","message":"Ensuring collection isReportedProfile","timestamp":"2026-05-11T07:54:47.985Z","namespace":"allpeep:db"}
{"level":"info","message":"Ensuring collection isReportedObject","timestamp":"2026-05-11T07:54:47.986Z","namespace":"allpeep:db"}
{"level":"info","message":"Ensuring collection entries","timestamp":"2026-05-11T07:54:47.987Z","namespace":"allpeep:db"}
{"level":"info","message":"ensuring index search-entries","timestamp":"2026-05-11T07:54:47.988Z","namespace":"allpeep:db"}
{"level":"info","message":"Ensuring collection reactions","timestamp":"2026-05-11T07:54:47.989Z","namespace":"allpeep:db"}
{"level":"info","message":"ensuring index unique-reactions","timestamp":"2026-05-11T07:54:47.991Z","namespace":"allpeep:db"}
{"level":"info","message":"Ensuring collection replyTo","timestamp":"2026-05-11T07:54:47.991Z","namespace":"allpeep:db"}
{"level":"info","message":"ensuring index unique-replies","timestamp":"2026-05-11T07:54:47.993Z","namespace":"allpeep:db"}
{"level":"info","message":"Ensuring collection repost","timestamp":"2026-05-11T07:54:47.994Z","namespace":"allpeep:db"}
{"level":"info","message":"ensuring index unique-reposts","timestamp":"2026-05-11T07:54:47.995Z","namespace":"allpeep:db"}
{"level":"info","message":"Ensuring collection mediaAttachments","timestamp":"2026-05-11T07:54:47.996Z","namespace":"allpeep:db"}
{"level":"info","message":"Ensuring collection roles","timestamp":"2026-05-11T07:54:47.997Z","namespace":"allpeep:db"}
{"level":"info","message":"Ensuring collection accessTokens","timestamp":"2026-05-11T07:54:47.999Z","namespace":"allpeep:db"}
{"level":"info","message":"Ensuring collection profileAccessTokens","timestamp":"2026-05-11T07:54:48.000Z","namespace":"allpeep:db"}
{"level":"info","message":"ensuring index unique-profile-access-tokens","timestamp":"2026-05-11T07:54:48.002Z","namespace":"allpeep:db"}
{"level":"info","message":"Ensuring collection hasRole","timestamp":"2026-05-11T07:54:48.003Z","namespace":"allpeep:db"}
{"level":"info","message":"Ensuring collection notifications","timestamp":"2026-05-11T07:54:48.004Z","namespace":"allpeep:db"}
{"level":"info","message":"Ensuring collection pushSubscriptions","timestamp":"2026-05-11T07:54:48.006Z","namespace":"allpeep:db"}
{"level":"info","message":"Ensuring collection accountToPushSubscription","timestamp":"2026-05-11T07:54:48.007Z","namespace":"allpeep:db"}
{"level":"info","message":"Ensuring collection jamEvents","timestamp":"2026-05-11T07:54:48.009Z","namespace":"allpeep:db"}
{"level":"info","message":"Ensuring collection inviteLinks","timestamp":"2026-05-11T07:54:48.010Z","namespace":"allpeep:db"}
{"level":"info","message":"ensuring index unique-invite-link-slugs","timestamp":"2026-05-11T07:54:48.012Z","namespace":"allpeep:db"}
{"level":"info","message":"Ensuring collection inviteLinkCreators","timestamp":"2026-05-11T07:54:48.013Z","namespace":"allpeep:db"}
{"level":"info","message":"Ensuring collection inviteLinkRedeemers","timestamp":"2026-05-11T07:54:48.015Z","namespace":"allpeep:db"}
{"level":"info","message":"Ensuring collection groups","timestamp":"2026-05-11T07:54:48.016Z","namespace":"allpeep:db"}
{"level":"info","message":"ensuring index unique-group-handles","timestamp":"2026-05-11T07:54:48.018Z","namespace":"allpeep:db"}
{"level":"info","message":"ensuring index search-groups","timestamp":"2026-05-11T07:54:48.019Z","namespace":"allpeep:db"}
{"level":"info","message":"Ensuring collection postGroups","timestamp":"2026-05-11T07:54:48.020Z","namespace":"allpeep:db"}
{"level":"info","message":"Ensuring collection userGroups","timestamp":"2026-05-11T07:54:48.021Z","namespace":"allpeep:db"}
{"level":"info","message":"Ensuring collection hasSeen","timestamp":"2026-05-11T07:54:48.022Z","namespace":"allpeep:db"}
{"level":"info","message":"Ensuring collection hasRead","timestamp":"2026-05-11T07:54:48.024Z","namespace":"allpeep:db"}
{"level":"info","message":"Ensuring collection bookmarks","timestamp":"2026-05-11T07:54:48.025Z","namespace":"allpeep:db"}
{"level":"info","message":"Ensuring collection profileSettings","timestamp":"2026-05-11T07:54:48.027Z","namespace":"allpeep:db"}
{"level":"info","message":"Ensuring collection jamRecordings","timestamp":"2026-05-11T07:54:48.028Z","namespace":"allpeep:db"}
{"level":"info","message":"Ensuring views","timestamp":"2026-05-11T07:54:48.029Z","namespace":"allpeep:db"}
{"level":"info","message":"Ensuring view postSearch","timestamp":"2026-05-11T07:54:48.029Z","namespace":"allpeep:db"}
{"level":"info","message":"Ensuring view groupSearch","timestamp":"2026-05-11T07:54:48.030Z","namespace":"allpeep:db"}
{"level":"info","message":"Ensuring view profileSearch","timestamp":"2026-05-11T07:54:48.031Z","namespace":"allpeep:db"}
{"level":"info","message":"Server initialized.","timestamp":"2026-05-11T07:54:48.051Z","namespace":"server:init"}
{"level":"info","message":"Loaded 155 route module(s).","timestamp":"2026-05-11T07:54:48.052Z","namespace":"server"}
{"level":"info","message":"Server listening on http://localhost:5173","timestamp":"2026-05-11T07:54:48.063Z","namespace":"server"}
{"level":"info","message":"GET    | 404 | /api/openpeeps/core/v1/server/info | 3ms","timestamp":"2026-05-11T07:54:57.741Z","namespace":"server:request"}
{"level":"info","message":"GET    | 404 | /api/openpeeps/core/v1/posts | 0ms","timestamp":"2026-05-11T07:54:57.756Z","namespace":"server:request"}
{"level":"info","message":"GET    | 500 | /openapi.json | 1ms","timestamp":"2026-05-11T07:54:57.768Z","namespace":"server:request"}
{"level":"info","message":"Checking ArangoDB availability at http://localhost:8529 (try 1)","timestamp":"2026-05-11T07:55:13.685Z","namespace":"allpeep:db"}
{"level":"info","message":"ArangoDB is available at http://localhost:8529","timestamp":"2026-05-11T07:55:13.697Z","namespace":"allpeep:db"}
{"level":"info","message":"Ensuring functions","timestamp":"2026-05-11T07:55:13.697Z","namespace":"allpeep:db"}
{"level":"info","message":"Ensuring function MERGE_CAPABILITIES","timestamp":"2026-05-11T07:55:13.699Z","namespace":"allpeep:db"}
{"level":"info","message":"Ensuring function CHECK_CAPABILITIES","timestamp":"2026-05-11T07:55:13.697Z","namespace":"allpeep:db"}
{"level":"info","message":"Using default database","timestamp":"2026-05-11T07:55:13.697Z","namespace":"allpeep:db"}
{"level":"info","message":"Skipping data migration Add note type to create entries (018fa9a0-ae6a-79e5-a529-6d13f335dbc4).","timestamp":"2026-05-11T07:55:13.714Z","namespace":"db:dataMigrations"}
{"level":"info","message":"Skipping data migration Replace actor with profile in follows collection (019131ae-e429-7d15-bd25-6ed89b04952d).","timestamp":"2026-05-11T07:55:13.715Z","namespace":"db:dataMigrations"}
{"level":"info","message":"Skipping data migration Replace actor with profile in entries collection (0191942c-3931-779c-9d40-74be98aa4220).","timestamp":"2026-05-11T07:55:13.718Z","namespace":"db:dataMigrations"}
{"level":"info","message":"Skipping data migration Replace actor with profile in hasRole collection (0191942c-8280-76d1-a7a1-8caa454ea5ab).","timestamp":"2026-05-11T07:55:13.719Z","namespace":"db:dataMigrations"}
{"level":"info","message":"Skipping data migration Replace actor with profile in mentions collection (0191942c-a90e-71e6-846f-7dc882c8c00b).","timestamp":"2026-05-11T07:55:13.721Z","namespace":"db:dataMigrations"}
{"level":"info","message":"Skipping data migration Replace actor with profile in reactions collection (0191942c-e79f-7bb4-9e28-59a30519225d).","timestamp":"2026-05-11T07:55:13.723Z","namespace":"db:dataMigrations"}
{"level":"info","message":"Skipping data migration Replace actor with profile in controls collection (0191942c-e79f-7bb4-9e28-59a30519225e).","timestamp":"2026-05-11T07:55:13.725Z","namespace":"db:dataMigrations"}
{"level":"info","message":"Skipping data migration Rename actor collection to profiles (0191942f-4766-7d9c-b71f-5497a39ae774).","timestamp":"2026-05-11T07:55:13.726Z","namespace":"db:dataMigrations"}
{"level":"info","message":"Skipping data migration Remove logs collection (0191e638-ed19-721f-9aed-429714253ead).","timestamp":"2026-05-11T07:55:13.728Z","namespace":"db:dataMigrations"}
{"level":"info","message":"Skipping data migration Rename user collection to account (01920f6b-ebf7-719b-8da4-d99e4b082486).","timestamp":"2026-05-11T07:55:13.729Z","namespace":"db:dataMigrations"}
{"level":"info","message":"Skipping data migration Rename userToPushSubscription collection to accountToPushSubscription (01920f58-dcc7-7b86-b0fc-03e7536aae93).","timestamp":"2026-05-11T07:55:13.731Z","namespace":"db:dataMigrations"}
{"level":"info","message":"Skipping data migration Replace user with account in controls collection (0192057e-f212-76b1-9e54-b5518c2927c7).","timestamp":"2026-05-11T07:55:13.734Z","namespace":"db:dataMigrations"}
{"level":"info","message":"Skipping data migration Replace user with account in accountToPushSubscription collection (01920a04-a3f5-7b10-8a31-c55dfae82c6d).","timestamp":"2026-05-11T07:55:13.736Z","namespace":"db:dataMigrations"}
{"level":"info","message":"Skipping data migration Deleting index on username (01920f80-0d50-7dee-a6cc-c78dc5200c32).","timestamp":"2026-05-11T07:55:13.737Z","namespace":"db:dataMigrations"}
{"level":"info","message":"Skipping data migration Renaming username to handle (01920fb5-1afb-70e4-9f8a-f47b6b49918b).","timestamp":"2026-05-11T07:55:13.738Z","namespace":"db:dataMigrations"}
{"level":"info","message":"Skipping data migration Fixing jam events (01927134-8082-727f-9df0-1c152a020e33).","timestamp":"2026-05-11T07:55:13.739Z","namespace":"db:dataMigrations"}
{"level":"info","message":"Skipping data migration Fixing notifications (01927158-191a-7ca9-bbd3-0c6cfe505731).","timestamp":"2026-05-11T07:55:13.741Z","namespace":"db:dataMigrations"}
{"level":"info","message":"Skipping data migration Fixing jam events again (0192900c-5b17-7dd8-8afd-d6c6c160ad8e).","timestamp":"2026-05-11T07:55:13.742Z","namespace":"db:dataMigrations"}
{"level":"info","message":"Skipping data migration Fixing notification type (0194d539-06ac-750c-9577-e982464575ae).","timestamp":"2026-05-11T07:55:13.743Z","namespace":"db:dataMigrations"}
{"level":"info","message":"Skipping data migration Copy mentions content to audience for direct messages only (0194f5d4-e347-7c4c-b26c-ec712812ae74).","timestamp":"2026-05-11T07:55:13.745Z","namespace":"db:dataMigrations"}
{"level":"info","message":"Skipping data migration Generate and set createdAt and updatedAt entries for mentions (0194fc1f-13ea-72f7-8954-0609b77af91e).","timestamp":"2026-05-11T07:55:13.746Z","namespace":"db:dataMigrations"}
{"level":"info","message":"Skipping data migration Convert jams to events and remove jams collection (0196795d-274b-7c51-9095-95880f9e815e).","timestamp":"2026-05-11T07:55:13.747Z","namespace":"db:dataMigrations"}
{"level":"info","message":"Skipping data migration Fix malformed hashtags created by old regex pattern (01a19837-edf6-43db-8953-6c19ecaab122).","timestamp":"2026-05-11T07:55:13.749Z","namespace":"db:dataMigrations"}
{"level":"info","message":"Skipping data migration Adding type on existing push subcriptions (01976851-be8c-7115-a82a-27c540d5320a).","timestamp":"2026-05-11T07:55:13.750Z","namespace":"db:dataMigrations"}
{"level":"info","message":"Skipping data migration Add data to post (019802f2-b27a-72c3-9ca1-fc344b72b66b).","timestamp":"2026-05-11T07:55:13.752Z","namespace":"db:dataMigrations"}
{"level":"info","message":"Skipping data migration Setting profiles without type to \"local\" (01988a61-aa54-7b47-abc8-f0e63bf5fdd6).","timestamp":"2026-05-11T07:55:13.753Z","namespace":"db:dataMigrations"}
{"level":"info","message":"Skipping data migration Update group memeberships from capabilities to roles (019898f2-c539-7cfb-ba41-cf58f952dd62).","timestamp":"2026-05-11T07:55:13.754Z","namespace":"db:dataMigrations"}
{"level":"info","message":"Skipping data migration Update group capabilities (01989922-a9a0-7aae-8b9e-6416ed9c67b7).","timestamp":"2026-05-11T07:55:13.755Z","namespace":"db:dataMigrations"}
{"level":"info","message":"Skipping data migration Update jam events (0198a7fc-72d1-7a2f-8c15-7d1bd0f0d109).","timestamp":"2026-05-11T07:55:13.756Z","namespace":"db:dataMigrations"}
{"level":"info","message":"Skipping data migration Refactor theme for allpeep-community config to light/dark structure (8bdf3512-0649-48c8-a9af-b6bfd1f86f1a).","timestamp":"2026-05-11T07:55:13.758Z","namespace":"db:dataMigrations"}
{"level":"info","message":"Skipping data migration Add creator ids to posts for easier filtering (0199c52d-2bf0-74e8-9a2f-ff65fd5b7b6a).","timestamp":"2026-05-11T07:55:13.759Z","namespace":"db:dataMigrations"}
{"level":"info","message":"Skipping data migration Remove jam messages left without profileId because of a bad migration (0199ec4e-aed3-787c-a180-9aed9166a882).","timestamp":"2026-05-11T07:55:13.761Z","namespace":"db:dataMigrations"}
{"level":"info","message":"Skipping data migration Make current users members so they can keep posting (019a2b1f-b21c-7f69-8b24-e186bb59c6b5).","timestamp":"2026-05-11T07:55:13.763Z","namespace":"db:dataMigrations"}
{"level":"info","message":"Skipping data migration Create default profile configs for existing profiles (b1f4c3d2-5e6f-4a7b-8c9d-0e1f2a3b4c5d).","timestamp":"2026-05-11T07:55:13.764Z","namespace":"db:dataMigrations"}
{"level":"info","message":"Skipping data migration Delete guest reports and their reportedProfile edges (41c542ad-1dd5-4407-bac5-dfe2aa83edcf).","timestamp":"2026-05-11T07:55:13.765Z","namespace":"db:dataMigrations"}
{"level":"info","message":"Skipping data migration Deleting Duplicate Group Memberships (bed1669c-8487-4ab9-ba23-8aec8b6e215d).","timestamp":"2026-05-11T07:55:13.766Z","namespace":"db:dataMigrations"}
{"level":"info","message":"Skipping data migration Add reply, RSVP, and vote post capabilities for group members (019c98bd-56bf-7326-a4ea-45fd4fcd2309).","timestamp":"2026-05-11T07:55:13.769Z","namespace":"db:dataMigrations"}
{"level":"info","message":"Skipping data migration Removing all deleted accounts, their push subscriptions, and connecting edges (65c54e29-c0f7-4336-8dbb-c250d8f6c5d5).","timestamp":"2026-05-11T07:55:13.771Z","namespace":"db:dataMigrations"}
{"level":"info","message":"Skipping data migration Rename configuration document keys from allpeep-* to openpeeps-* (a1b2c3d4-e5f6-4a7b-8c9d-0e1f2a3b4c5d).","timestamp":"2026-05-11T07:55:13.773Z","namespace":"db:dataMigrations"}
{"level":"info","message":"Cleaning up dangling edges...","timestamp":"2026-05-11T07:55:13.773Z","namespace":"db:cleanup"}
{"level":"info","message":"Removed 0 dangling edges in accountToPushSubscription [46 ms])","timestamp":"2026-05-11T07:55:13.819Z","namespace":"db:cleanup"}
{"level":"info","message":"Removed 0 dangling edges in createdReport [47 ms])","timestamp":"2026-05-11T07:55:13.820Z","namespace":"db:cleanup"}
{"level":"info","message":"Removed 0 dangling edges in controls [49 ms])","timestamp":"2026-05-11T07:55:13.822Z","namespace":"db:cleanup"}
{"level":"info","message":"Removed 0 dangling edges in userGroups [51 ms])","timestamp":"2026-05-11T07:55:13.824Z","namespace":"db:cleanup"}
{"level":"info","message":"Removed 0 dangling edges in follows [52 ms])","timestamp":"2026-05-11T07:55:13.825Z","namespace":"db:cleanup"}
{"level":"info","message":"Removed 0 dangling edges in entries [61 ms])","timestamp":"2026-05-11T07:55:13.834Z","namespace":"db:cleanup"}
{"level":"info","message":"Removed 0 dangling edges in repost [63 ms])","timestamp":"2026-05-11T07:55:13.836Z","namespace":"db:cleanup"}
{"level":"info","message":"Removed 0 dangling edges in profileAccessTokens [64 ms])","timestamp":"2026-05-11T07:55:13.837Z","namespace":"db:cleanup"}
{"level":"info","message":"Removed 0 dangling edges in hasRead [65 ms])","timestamp":"2026-05-11T07:55:13.838Z","namespace":"db:cleanup"}
{"level":"info","message":"Removed 0 dangling edges in hasRole [70 ms])","timestamp":"2026-05-11T07:55:13.843Z","namespace":"db:cleanup"}
{"level":"info","message":"Removed 0 dangling edges in requestsFollow [71 ms])","timestamp":"2026-05-11T07:55:13.844Z","namespace":"db:cleanup"}
{"level":"info","message":"Removed 0 dangling edges in isReportedObject [72 ms])","timestamp":"2026-05-11T07:55:13.845Z","namespace":"db:cleanup"}
{"level":"info","message":"Removed 0 dangling edges in postHashtags [74 ms])","timestamp":"2026-05-11T07:55:13.847Z","namespace":"db:cleanup"}
{"level":"info","message":"Removed 0 dangling edges in audience [80 ms])","timestamp":"2026-05-11T07:55:13.853Z","namespace":"db:cleanup"}
{"level":"info","message":"Removed 0 dangling edges in isReportedProfile [81 ms])","timestamp":"2026-05-11T07:55:13.854Z","namespace":"db:cleanup"}
{"level":"info","message":"Removed 0 dangling edges in mentions [83 ms])","timestamp":"2026-05-11T07:55:13.856Z","namespace":"db:cleanup"}
{"level":"info","message":"Removed 0 dangling edges in inviteLinkCreators [84 ms])","timestamp":"2026-05-11T07:55:13.857Z","namespace":"db:cleanup"}
{"level":"info","message":"Removed 0 dangling edges in inviteLinkRedeemers [85 ms])","timestamp":"2026-05-11T07:55:13.858Z","namespace":"db:cleanup"}
{"level":"info","message":"Removed 0 dangling edges in jamRecordings [86 ms])","timestamp":"2026-05-11T07:55:13.859Z","namespace":"db:cleanup"}
{"level":"info","message":"Removed 0 dangling edges in hasSeen [87 ms])","timestamp":"2026-05-11T07:55:13.860Z","namespace":"db:cleanup"}
{"level":"info","message":"Removed 0 dangling edges in bookmarks [88 ms])","timestamp":"2026-05-11T07:55:13.861Z","namespace":"db:cleanup"}
{"level":"info","message":"Removed 0 dangling edges in reactions [91 ms])","timestamp":"2026-05-11T07:55:13.864Z","namespace":"db:cleanup"}
{"level":"info","message":"Removed 0 dangling edges in postGroups [92 ms])","timestamp":"2026-05-11T07:55:13.865Z","namespace":"db:cleanup"}
{"level":"info","message":"Removed 0 dangling edges in postSeen [93 ms])","timestamp":"2026-05-11T07:55:13.866Z","namespace":"db:cleanup"}
{"level":"info","message":"Removed 0 dangling edges in replyTo [97 ms])","timestamp":"2026-05-11T07:55:13.870Z","namespace":"db:cleanup"}
{"level":"info","message":"Ensuring collections","timestamp":"2026-05-11T07:55:13.870Z","namespace":"allpeep:db"}
{"level":"info","message":"Ensuring collection dataMigrations","timestamp":"2026-05-11T07:55:13.870Z","namespace":"allpeep:db"}
{"level":"info","message":"Ensuring collection i18n","timestamp":"2026-05-11T07:55:13.871Z","namespace":"allpeep:db"}
{"level":"info","message":"Ensuring collection configs","timestamp":"2026-05-11T07:55:13.873Z","namespace":"allpeep:db"}
{"level":"info","message":"Ensuring collection accounts","timestamp":"2026-05-11T07:55:13.874Z","namespace":"allpeep:db"}
{"level":"info","message":"ensuring index unique-emails","timestamp":"2026-05-11T07:55:13.876Z","namespace":"allpeep:db"}
{"level":"info","message":"Ensuring collection profiles","timestamp":"2026-05-11T07:55:13.877Z","namespace":"allpeep:db"}
{"level":"info","message":"ensuring index unique-activityPub-identifiers","timestamp":"2026-05-11T07:55:13.878Z","namespace":"allpeep:db"}
{"level":"info","message":"ensuring index search-profiles","timestamp":"2026-05-11T07:55:13.879Z","namespace":"allpeep:db"}
{"level":"info","message":"Ensuring collection follows","timestamp":"2026-05-11T07:55:13.880Z","namespace":"allpeep:db"}
{"level":"info","message":"ensuring index unique-follows","timestamp":"2026-05-11T07:55:13.881Z","namespace":"allpeep:db"}
{"level":"info","message":"Ensuring collection requestsFollow","timestamp":"2026-05-11T07:55:13.882Z","namespace":"allpeep:db"}
{"level":"info","message":"Ensuring collection controls","timestamp":"2026-05-11T07:55:13.884Z","namespace":"allpeep:db"}
{"level":"info","message":"Ensuring collection posts","timestamp":"2026-05-11T07:55:13.885Z","namespace":"allpeep:db"}
{"level":"info","message":"ensuring index search-posts","timestamp":"2026-05-11T07:55:13.886Z","namespace":"allpeep:db"}
{"level":"info","message":"Ensuring collection mentions","timestamp":"2026-05-11T07:55:13.888Z","namespace":"allpeep:db"}
{"level":"info","message":"Ensuring collection audience","timestamp":"2026-05-11T07:55:13.889Z","namespace":"allpeep:db"}
{"level":"info","message":"Ensuring collection hashtags","timestamp":"2026-05-11T07:55:13.891Z","namespace":"allpeep:db"}
{"level":"info","message":"Ensuring collection postHashtags","timestamp":"2026-05-11T07:55:13.893Z","namespace":"allpeep:db"}
{"level":"info","message":"Ensuring collection reports","timestamp":"2026-05-11T07:55:13.894Z","namespace":"allpeep:db"}
{"level":"info","message":"Ensuring collection createdReport","timestamp":"2026-05-11T07:55:13.896Z","namespace":"allpeep:db"}
{"level":"info","message":"Ensuring collection isReportedProfile","timestamp":"2026-05-11T07:55:13.897Z","namespace":"allpeep:db"}
{"level":"info","message":"Ensuring collection isReportedObject","timestamp":"2026-05-11T07:55:13.898Z","namespace":"allpeep:db"}
{"level":"info","message":"Ensuring collection entries","timestamp":"2026-05-11T07:55:13.899Z","namespace":"allpeep:db"}
{"level":"info","message":"ensuring index search-entries","timestamp":"2026-05-11T07:55:13.901Z","namespace":"allpeep:db"}
{"level":"info","message":"Ensuring collection reactions","timestamp":"2026-05-11T07:55:13.902Z","namespace":"allpeep:db"}
{"level":"info","message":"ensuring index unique-reactions","timestamp":"2026-05-11T07:55:13.903Z","namespace":"allpeep:db"}
{"level":"info","message":"Ensuring collection replyTo","timestamp":"2026-05-11T07:55:13.904Z","namespace":"allpeep:db"}
{"level":"info","message":"ensuring index unique-replies","timestamp":"2026-05-11T07:55:13.905Z","namespace":"allpeep:db"}
{"level":"info","message":"Ensuring collection repost","timestamp":"2026-05-11T07:55:13.906Z","namespace":"allpeep:db"}
{"level":"info","message":"ensuring index unique-reposts","timestamp":"2026-05-11T07:55:13.907Z","namespace":"allpeep:db"}
{"level":"info","message":"Ensuring collection mediaAttachments","timestamp":"2026-05-11T07:55:13.908Z","namespace":"allpeep:db"}
{"level":"info","message":"Ensuring collection roles","timestamp":"2026-05-11T07:55:13.909Z","namespace":"allpeep:db"}
{"level":"info","message":"Ensuring collection accessTokens","timestamp":"2026-05-11T07:55:13.910Z","namespace":"allpeep:db"}
{"level":"info","message":"Ensuring collection profileAccessTokens","timestamp":"2026-05-11T07:55:13.912Z","namespace":"allpeep:db"}
{"level":"info","message":"ensuring index unique-profile-access-tokens","timestamp":"2026-05-11T07:55:13.913Z","namespace":"allpeep:db"}
{"level":"info","message":"Ensuring collection hasRole","timestamp":"2026-05-11T07:55:13.914Z","namespace":"allpeep:db"}
{"level":"info","message":"Ensuring collection notifications","timestamp":"2026-05-11T07:55:13.915Z","namespace":"allpeep:db"}
{"level":"info","message":"Ensuring collection pushSubscriptions","timestamp":"2026-05-11T07:55:13.916Z","namespace":"allpeep:db"}
{"level":"info","message":"Ensuring collection accountToPushSubscription","timestamp":"2026-05-11T07:55:13.917Z","namespace":"allpeep:db"}
{"level":"info","message":"Ensuring collection jamEvents","timestamp":"2026-05-11T07:55:13.919Z","namespace":"allpeep:db"}
{"level":"info","message":"Ensuring collection inviteLinks","timestamp":"2026-05-11T07:55:13.920Z","namespace":"allpeep:db"}
{"level":"info","message":"ensuring index unique-invite-link-slugs","timestamp":"2026-05-11T07:55:13.921Z","namespace":"allpeep:db"}
{"level":"info","message":"Ensuring collection inviteLinkCreators","timestamp":"2026-05-11T07:55:13.922Z","namespace":"allpeep:db"}
{"level":"info","message":"Ensuring collection inviteLinkRedeemers","timestamp":"2026-05-11T07:55:13.923Z","namespace":"allpeep:db"}
{"level":"info","message":"Ensuring collection groups","timestamp":"2026-05-11T07:55:13.924Z","namespace":"allpeep:db"}
{"level":"info","message":"ensuring index unique-group-handles","timestamp":"2026-05-11T07:55:13.926Z","namespace":"allpeep:db"}
{"level":"info","message":"ensuring index search-groups","timestamp":"2026-05-11T07:55:13.927Z","namespace":"allpeep:db"}
{"level":"info","message":"Ensuring collection postGroups","timestamp":"2026-05-11T07:55:13.928Z","namespace":"allpeep:db"}
{"level":"info","message":"Ensuring collection userGroups","timestamp":"2026-05-11T07:55:13.930Z","namespace":"allpeep:db"}
{"level":"info","message":"Ensuring collection hasSeen","timestamp":"2026-05-11T07:55:13.931Z","namespace":"allpeep:db"}
{"level":"info","message":"Ensuring collection hasRead","timestamp":"2026-05-11T07:55:13.933Z","namespace":"allpeep:db"}
{"level":"info","message":"Ensuring collection bookmarks","timestamp":"2026-05-11T07:55:13.934Z","namespace":"allpeep:db"}
{"level":"info","message":"Ensuring collection profileSettings","timestamp":"2026-05-11T07:55:13.936Z","namespace":"allpeep:db"}
{"level":"info","message":"Ensuring collection jamRecordings","timestamp":"2026-05-11T07:55:13.937Z","namespace":"allpeep:db"}
{"level":"info","message":"Ensuring views","timestamp":"2026-05-11T07:55:13.939Z","namespace":"allpeep:db"}
{"level":"info","message":"Ensuring view postSearch","timestamp":"2026-05-11T07:55:13.939Z","namespace":"allpeep:db"}
{"level":"info","message":"Ensuring view groupSearch","timestamp":"2026-05-11T07:55:13.940Z","namespace":"allpeep:db"}
{"level":"info","message":"Ensuring view profileSearch","timestamp":"2026-05-11T07:55:13.942Z","namespace":"allpeep:db"}
{"level":"info","message":"Server initialized.","timestamp":"2026-05-11T07:55:13.960Z","namespace":"server:init"}
{"level":"info","message":"Server listening on http://localhost:5173","timestamp":"2026-05-11T07:55:13.972Z","namespace":"server"}
{"level":"info","message":"Loaded 155 route module(s).","timestamp":"2026-05-11T07:55:13.961Z","namespace":"server"}
{"level":"info","message":"GET    | 404 | /api/openpeeps/core/v1/server/info | 1ms","timestamp":"2026-05-11T07:55:23.711Z","namespace":"server:request"}
{"level":"info","message":"Checking ArangoDB availability at http://localhost:8529 (try 1)","timestamp":"2026-05-11T07:55:31.635Z","namespace":"allpeep:db"}
{"level":"info","message":"ArangoDB is available at http://localhost:8529","timestamp":"2026-05-11T07:55:31.647Z","namespace":"allpeep:db"}
{"level":"info","message":"Ensuring functions","timestamp":"2026-05-11T07:55:31.648Z","namespace":"allpeep:db"}
{"level":"info","message":"Ensuring function MERGE_CAPABILITIES","timestamp":"2026-05-11T07:55:31.650Z","namespace":"allpeep:db"}
{"level":"info","message":"Ensuring function CHECK_CAPABILITIES","timestamp":"2026-05-11T07:55:31.648Z","namespace":"allpeep:db"}
{"level":"info","message":"Using default database","timestamp":"2026-05-11T07:55:31.647Z","namespace":"allpeep:db"}
{"level":"info","message":"Skipping data migration Add note type to create entries (018fa9a0-ae6a-79e5-a529-6d13f335dbc4).","timestamp":"2026-05-11T07:55:31.666Z","namespace":"db:dataMigrations"}
{"level":"info","message":"Skipping data migration Replace actor with profile in follows collection (019131ae-e429-7d15-bd25-6ed89b04952d).","timestamp":"2026-05-11T07:55:31.668Z","namespace":"db:dataMigrations"}
{"level":"info","message":"Skipping data migration Replace actor with profile in entries collection (0191942c-3931-779c-9d40-74be98aa4220).","timestamp":"2026-05-11T07:55:31.670Z","namespace":"db:dataMigrations"}
{"level":"info","message":"Skipping data migration Replace actor with profile in hasRole collection (0191942c-8280-76d1-a7a1-8caa454ea5ab).","timestamp":"2026-05-11T07:55:31.672Z","namespace":"db:dataMigrations"}
{"level":"info","message":"Skipping data migration Replace actor with profile in mentions collection (0191942c-a90e-71e6-846f-7dc882c8c00b).","timestamp":"2026-05-11T07:55:31.674Z","namespace":"db:dataMigrations"}
{"level":"info","message":"Skipping data migration Replace actor with profile in reactions collection (0191942c-e79f-7bb4-9e28-59a30519225d).","timestamp":"2026-05-11T07:55:31.677Z","namespace":"db:dataMigrations"}
{"level":"info","message":"Skipping data migration Replace actor with profile in controls collection (0191942c-e79f-7bb4-9e28-59a30519225e).","timestamp":"2026-05-11T07:55:31.679Z","namespace":"db:dataMigrations"}
{"level":"info","message":"Skipping data migration Rename actor collection to profiles (0191942f-4766-7d9c-b71f-5497a39ae774).","timestamp":"2026-05-11T07:55:31.680Z","namespace":"db:dataMigrations"}
{"level":"info","message":"Skipping data migration Remove logs collection (0191e638-ed19-721f-9aed-429714253ead).","timestamp":"2026-05-11T07:55:31.684Z","namespace":"db:dataMigrations"}
{"level":"info","message":"Skipping data migration Rename user collection to account (01920f6b-ebf7-719b-8da4-d99e4b082486).","timestamp":"2026-05-11T07:55:31.685Z","namespace":"db:dataMigrations"}
{"level":"info","message":"Skipping data migration Rename userToPushSubscription collection to accountToPushSubscription (01920f58-dcc7-7b86-b0fc-03e7536aae93).","timestamp":"2026-05-11T07:55:31.687Z","namespace":"db:dataMigrations"}
{"level":"info","message":"Skipping data migration Replace user with account in controls collection (0192057e-f212-76b1-9e54-b5518c2927c7).","timestamp":"2026-05-11T07:55:31.689Z","namespace":"db:dataMigrations"}
{"level":"info","message":"Skipping data migration Replace user with account in accountToPushSubscription collection (01920a04-a3f5-7b10-8a31-c55dfae82c6d).","timestamp":"2026-05-11T07:55:31.692Z","namespace":"db:dataMigrations"}
{"level":"info","message":"Skipping data migration Deleting index on username (01920f80-0d50-7dee-a6cc-c78dc5200c32).","timestamp":"2026-05-11T07:55:31.694Z","namespace":"db:dataMigrations"}
{"level":"info","message":"Skipping data migration Renaming username to handle (01920fb5-1afb-70e4-9f8a-f47b6b49918b).","timestamp":"2026-05-11T07:55:31.697Z","namespace":"db:dataMigrations"}
{"level":"info","message":"Skipping data migration Fixing jam events (01927134-8082-727f-9df0-1c152a020e33).","timestamp":"2026-05-11T07:55:31.700Z","namespace":"db:dataMigrations"}
{"level":"info","message":"Skipping data migration Fixing notifications (01927158-191a-7ca9-bbd3-0c6cfe505731).","timestamp":"2026-05-11T07:55:31.702Z","namespace":"db:dataMigrations"}
{"level":"info","message":"Skipping data migration Fixing jam events again (0192900c-5b17-7dd8-8afd-d6c6c160ad8e).","timestamp":"2026-05-11T07:55:31.703Z","namespace":"db:dataMigrations"}
{"level":"info","message":"Skipping data migration Fixing notification type (0194d539-06ac-750c-9577-e982464575ae).","timestamp":"2026-05-11T07:55:31.704Z","namespace":"db:dataMigrations"}
{"level":"info","message":"Skipping data migration Copy mentions content to audience for direct messages only (0194f5d4-e347-7c4c-b26c-ec712812ae74).","timestamp":"2026-05-11T07:55:31.706Z","namespace":"db:dataMigrations"}
{"level":"info","message":"Skipping data migration Generate and set createdAt and updatedAt entries for mentions (0194fc1f-13ea-72f7-8954-0609b77af91e).","timestamp":"2026-05-11T07:55:31.708Z","namespace":"db:dataMigrations"}
{"level":"info","message":"Skipping data migration Convert jams to events and remove jams collection (0196795d-274b-7c51-9095-95880f9e815e).","timestamp":"2026-05-11T07:55:31.711Z","namespace":"db:dataMigrations"}
{"level":"info","message":"Skipping data migration Fix malformed hashtags created by old regex pattern (01a19837-edf6-43db-8953-6c19ecaab122).","timestamp":"2026-05-11T07:55:31.712Z","namespace":"db:dataMigrations"}
{"level":"info","message":"Skipping data migration Adding type on existing push subcriptions (01976851-be8c-7115-a82a-27c540d5320a).","timestamp":"2026-05-11T07:55:31.714Z","namespace":"db:dataMigrations"}
{"level":"info","message":"Skipping data migration Add data to post (019802f2-b27a-72c3-9ca1-fc344b72b66b).","timestamp":"2026-05-11T07:55:31.715Z","namespace":"db:dataMigrations"}
{"level":"info","message":"Skipping data migration Setting profiles without type to \"local\" (01988a61-aa54-7b47-abc8-f0e63bf5fdd6).","timestamp":"2026-05-11T07:55:31.717Z","namespace":"db:dataMigrations"}
{"level":"info","message":"Skipping data migration Update group memeberships from capabilities to roles (019898f2-c539-7cfb-ba41-cf58f952dd62).","timestamp":"2026-05-11T07:55:31.718Z","namespace":"db:dataMigrations"}
{"level":"info","message":"Skipping data migration Update group capabilities (01989922-a9a0-7aae-8b9e-6416ed9c67b7).","timestamp":"2026-05-11T07:55:31.719Z","namespace":"db:dataMigrations"}
{"level":"info","message":"Skipping data migration Update jam events (0198a7fc-72d1-7a2f-8c15-7d1bd0f0d109).","timestamp":"2026-05-11T07:55:31.720Z","namespace":"db:dataMigrations"}
{"level":"info","message":"Skipping data migration Refactor theme for allpeep-community config to light/dark structure (8bdf3512-0649-48c8-a9af-b6bfd1f86f1a).","timestamp":"2026-05-11T07:55:31.722Z","namespace":"db:dataMigrations"}
{"level":"info","message":"Skipping data migration Add creator ids to posts for easier filtering (0199c52d-2bf0-74e8-9a2f-ff65fd5b7b6a).","timestamp":"2026-05-11T07:55:31.724Z","namespace":"db:dataMigrations"}
{"level":"info","message":"Skipping data migration Remove jam messages left without profileId because of a bad migration (0199ec4e-aed3-787c-a180-9aed9166a882).","timestamp":"2026-05-11T07:55:31.726Z","namespace":"db:dataMigrations"}
{"level":"info","message":"Skipping data migration Make current users members so they can keep posting (019a2b1f-b21c-7f69-8b24-e186bb59c6b5).","timestamp":"2026-05-11T07:55:31.728Z","namespace":"db:dataMigrations"}
{"level":"info","message":"Skipping data migration Create default profile configs for existing profiles (b1f4c3d2-5e6f-4a7b-8c9d-0e1f2a3b4c5d).","timestamp":"2026-05-11T07:55:31.730Z","namespace":"db:dataMigrations"}
{"level":"info","message":"Skipping data migration Delete guest reports and their reportedProfile edges (41c542ad-1dd5-4407-bac5-dfe2aa83edcf).","timestamp":"2026-05-11T07:55:31.733Z","namespace":"db:dataMigrations"}
{"level":"info","message":"Skipping data migration Deleting Duplicate Group Memberships (bed1669c-8487-4ab9-ba23-8aec8b6e215d).","timestamp":"2026-05-11T07:55:31.735Z","namespace":"db:dataMigrations"}
{"level":"info","message":"Skipping data migration Add reply, RSVP, and vote post capabilities for group members (019c98bd-56bf-7326-a4ea-45fd4fcd2309).","timestamp":"2026-05-11T07:55:31.737Z","namespace":"db:dataMigrations"}
{"level":"info","message":"Skipping data migration Removing all deleted accounts, their push subscriptions, and connecting edges (65c54e29-c0f7-4336-8dbb-c250d8f6c5d5).","timestamp":"2026-05-11T07:55:31.738Z","namespace":"db:dataMigrations"}
{"level":"info","message":"Skipping data migration Rename configuration document keys from allpeep-* to openpeeps-* (a1b2c3d4-e5f6-4a7b-8c9d-0e1f2a3b4c5d).","timestamp":"2026-05-11T07:55:31.740Z","namespace":"db:dataMigrations"}
{"level":"info","message":"Cleaning up dangling edges...","timestamp":"2026-05-11T07:55:31.741Z","namespace":"db:cleanup"}
{"level":"info","message":"Removed 0 dangling edges in accountToPushSubscription [35 ms])","timestamp":"2026-05-11T07:55:31.776Z","namespace":"db:cleanup"}
{"level":"info","message":"Removed 0 dangling edges in createdReport [37 ms])","timestamp":"2026-05-11T07:55:31.778Z","namespace":"db:cleanup"}
{"level":"info","message":"Removed 0 dangling edges in controls [41 ms])","timestamp":"2026-05-11T07:55:31.782Z","namespace":"db:cleanup"}
{"level":"info","message":"Removed 0 dangling edges in userGroups [44 ms])","timestamp":"2026-05-11T07:55:31.785Z","namespace":"db:cleanup"}
{"level":"info","message":"Removed 0 dangling edges in follows [45 ms])","timestamp":"2026-05-11T07:55:31.786Z","namespace":"db:cleanup"}
{"level":"info","message":"Removed 0 dangling edges in entries [54 ms])","timestamp":"2026-05-11T07:55:31.795Z","namespace":"db:cleanup"}
{"level":"info","message":"Removed 0 dangling edges in repost [57 ms])","timestamp":"2026-05-11T07:55:31.798Z","namespace":"db:cleanup"}
{"level":"info","message":"Removed 0 dangling edges in profileAccessTokens [58 ms])","timestamp":"2026-05-11T07:55:31.799Z","namespace":"db:cleanup"}
{"level":"info","message":"Removed 0 dangling edges in hasRead [59 ms])","timestamp":"2026-05-11T07:55:31.800Z","namespace":"db:cleanup"}
{"level":"info","message":"Removed 0 dangling edges in hasRole [64 ms])","timestamp":"2026-05-11T07:55:31.805Z","namespace":"db:cleanup"}
{"level":"info","message":"Removed 0 dangling edges in requestsFollow [65 ms])","timestamp":"2026-05-11T07:55:31.806Z","namespace":"db:cleanup"}
{"level":"info","message":"Removed 0 dangling edges in isReportedObject [66 ms])","timestamp":"2026-05-11T07:55:31.807Z","namespace":"db:cleanup"}
{"level":"info","message":"Removed 0 dangling edges in postHashtags [68 ms])","timestamp":"2026-05-11T07:55:31.809Z","namespace":"db:cleanup"}
{"level":"info","message":"Removed 0 dangling edges in audience [74 ms])","timestamp":"2026-05-11T07:55:31.815Z","namespace":"db:cleanup"}
{"level":"info","message":"Removed 0 dangling edges in isReportedProfile [75 ms])","timestamp":"2026-05-11T07:55:31.816Z","namespace":"db:cleanup"}
{"level":"info","message":"Removed 0 dangling edges in mentions [76 ms])","timestamp":"2026-05-11T07:55:31.817Z","namespace":"db:cleanup"}
{"level":"info","message":"Removed 0 dangling edges in inviteLinkCreators [77 ms])","timestamp":"2026-05-11T07:55:31.818Z","namespace":"db:cleanup"}
{"level":"info","message":"Removed 0 dangling edges in inviteLinkRedeemers [78 ms])","timestamp":"2026-05-11T07:55:31.819Z","namespace":"db:cleanup"}
{"level":"info","message":"Removed 0 dangling edges in jamRecordings [79 ms])","timestamp":"2026-05-11T07:55:31.820Z","namespace":"db:cleanup"}
{"level":"info","message":"Removed 0 dangling edges in hasSeen [80 ms])","timestamp":"2026-05-11T07:55:31.821Z","namespace":"db:cleanup"}
{"level":"info","message":"Removed 0 dangling edges in bookmarks [81 ms])","timestamp":"2026-05-11T07:55:31.822Z","namespace":"db:cleanup"}
{"level":"info","message":"Removed 0 dangling edges in reactions [83 ms])","timestamp":"2026-05-11T07:55:31.824Z","namespace":"db:cleanup"}
{"level":"info","message":"Removed 0 dangling edges in postGroups [84 ms])","timestamp":"2026-05-11T07:55:31.825Z","namespace":"db:cleanup"}
{"level":"info","message":"Removed 0 dangling edges in postSeen [85 ms])","timestamp":"2026-05-11T07:55:31.826Z","namespace":"db:cleanup"}
{"level":"info","message":"Removed 0 dangling edges in replyTo [88 ms])","timestamp":"2026-05-11T07:55:31.829Z","namespace":"db:cleanup"}
{"level":"info","message":"Ensuring collections","timestamp":"2026-05-11T07:55:31.829Z","namespace":"allpeep:db"}
{"level":"info","message":"Ensuring collection dataMigrations","timestamp":"2026-05-11T07:55:31.829Z","namespace":"allpeep:db"}
{"level":"info","message":"Ensuring collection i18n","timestamp":"2026-05-11T07:55:31.831Z","namespace":"allpeep:db"}
{"level":"info","message":"Ensuring collection configs","timestamp":"2026-05-11T07:55:31.832Z","namespace":"allpeep:db"}
{"level":"info","message":"Ensuring collection accounts","timestamp":"2026-05-11T07:55:31.834Z","namespace":"allpeep:db"}
{"level":"info","message":"ensuring index unique-emails","timestamp":"2026-05-11T07:55:31.835Z","namespace":"allpeep:db"}
{"level":"info","message":"Ensuring collection profiles","timestamp":"2026-05-11T07:55:31.836Z","namespace":"allpeep:db"}
{"level":"info","message":"ensuring index unique-activityPub-identifiers","timestamp":"2026-05-11T07:55:31.838Z","namespace":"allpeep:db"}
{"level":"info","message":"ensuring index search-profiles","timestamp":"2026-05-11T07:55:31.839Z","namespace":"allpeep:db"}
{"level":"info","message":"Ensuring collection follows","timestamp":"2026-05-11T07:55:31.840Z","namespace":"allpeep:db"}
{"level":"info","message":"ensuring index unique-follows","timestamp":"2026-05-11T07:55:31.842Z","namespace":"allpeep:db"}
{"level":"info","message":"Ensuring collection requestsFollow","timestamp":"2026-05-11T07:55:31.843Z","namespace":"allpeep:db"}
{"level":"info","message":"Ensuring collection controls","timestamp":"2026-05-11T07:55:31.844Z","namespace":"allpeep:db"}
{"level":"info","message":"Ensuring collection posts","timestamp":"2026-05-11T07:55:31.846Z","namespace":"allpeep:db"}
{"level":"info","message":"ensuring index search-posts","timestamp":"2026-05-11T07:55:31.847Z","namespace":"allpeep:db"}
{"level":"info","message":"Ensuring collection mentions","timestamp":"2026-05-11T07:55:31.848Z","namespace":"allpeep:db"}
{"level":"info","message":"Ensuring collection audience","timestamp":"2026-05-11T07:55:31.850Z","namespace":"allpeep:db"}
{"level":"info","message":"Ensuring collection hashtags","timestamp":"2026-05-11T07:55:31.852Z","namespace":"allpeep:db"}
{"level":"info","message":"Ensuring collection postHashtags","timestamp":"2026-05-11T07:55:31.853Z","namespace":"allpeep:db"}
{"level":"info","message":"Ensuring collection reports","timestamp":"2026-05-11T07:55:31.856Z","namespace":"allpeep:db"}
{"level":"info","message":"Ensuring collection createdReport","timestamp":"2026-05-11T07:55:31.858Z","namespace":"allpeep:db"}
{"level":"info","message":"Ensuring collection isReportedProfile","timestamp":"2026-05-11T07:55:31.859Z","namespace":"allpeep:db"}
{"level":"info","message":"Ensuring collection isReportedObject","timestamp":"2026-05-11T07:55:31.861Z","namespace":"allpeep:db"}
{"level":"info","message":"Ensuring collection entries","timestamp":"2026-05-11T07:55:31.862Z","namespace":"allpeep:db"}
{"level":"info","message":"ensuring index search-entries","timestamp":"2026-05-11T07:55:31.863Z","namespace":"allpeep:db"}
{"level":"info","message":"Ensuring collection reactions","timestamp":"2026-05-11T07:55:31.865Z","namespace":"allpeep:db"}
{"level":"info","message":"ensuring index unique-reactions","timestamp":"2026-05-11T07:55:31.867Z","namespace":"allpeep:db"}
{"level":"info","message":"Ensuring collection replyTo","timestamp":"2026-05-11T07:55:31.868Z","namespace":"allpeep:db"}
{"level":"info","message":"ensuring index unique-replies","timestamp":"2026-05-11T07:55:31.869Z","namespace":"allpeep:db"}
{"level":"info","message":"Ensuring collection repost","timestamp":"2026-05-11T07:55:31.870Z","namespace":"allpeep:db"}
{"level":"info","message":"ensuring index unique-reposts","timestamp":"2026-05-11T07:55:31.871Z","namespace":"allpeep:db"}
{"level":"info","message":"Ensuring collection mediaAttachments","timestamp":"2026-05-11T07:55:31.871Z","namespace":"allpeep:db"}
{"level":"info","message":"Ensuring collection roles","timestamp":"2026-05-11T07:55:31.873Z","namespace":"allpeep:db"}
{"level":"info","message":"Ensuring collection accessTokens","timestamp":"2026-05-11T07:55:31.874Z","namespace":"allpeep:db"}
{"level":"info","message":"Ensuring collection profileAccessTokens","timestamp":"2026-05-11T07:55:31.876Z","namespace":"allpeep:db"}
{"level":"info","message":"ensuring index unique-profile-access-tokens","timestamp":"2026-05-11T07:55:31.877Z","namespace":"allpeep:db"}
{"level":"info","message":"Ensuring collection hasRole","timestamp":"2026-05-11T07:55:31.878Z","namespace":"allpeep:db"}
{"level":"info","message":"Ensuring collection notifications","timestamp":"2026-05-11T07:55:31.880Z","namespace":"allpeep:db"}
{"level":"info","message":"Ensuring collection pushSubscriptions","timestamp":"2026-05-11T07:55:31.881Z","namespace":"allpeep:db"}
{"level":"info","message":"Ensuring collection accountToPushSubscription","timestamp":"2026-05-11T07:55:31.882Z","namespace":"allpeep:db"}
{"level":"info","message":"Ensuring collection jamEvents","timestamp":"2026-05-11T07:55:31.884Z","namespace":"allpeep:db"}
{"level":"info","message":"Ensuring collection inviteLinks","timestamp":"2026-05-11T07:55:31.885Z","namespace":"allpeep:db"}
{"level":"info","message":"ensuring index unique-invite-link-slugs","timestamp":"2026-05-11T07:55:31.886Z","namespace":"allpeep:db"}
{"level":"info","message":"Ensuring collection inviteLinkCreators","timestamp":"2026-05-11T07:55:31.887Z","namespace":"allpeep:db"}
{"level":"info","message":"Ensuring collection inviteLinkRedeemers","timestamp":"2026-05-11T07:55:31.888Z","namespace":"allpeep:db"}
{"level":"info","message":"Ensuring collection groups","timestamp":"2026-05-11T07:55:31.890Z","namespace":"allpeep:db"}
{"level":"info","message":"ensuring index unique-group-handles","timestamp":"2026-05-11T07:55:31.891Z","namespace":"allpeep:db"}
{"level":"info","message":"ensuring index search-groups","timestamp":"2026-05-11T07:55:31.892Z","namespace":"allpeep:db"}
{"level":"info","message":"Ensuring collection postGroups","timestamp":"2026-05-11T07:55:31.893Z","namespace":"allpeep:db"}
{"level":"info","message":"Ensuring collection userGroups","timestamp":"2026-05-11T07:55:31.894Z","namespace":"allpeep:db"}
{"level":"info","message":"Ensuring collection hasSeen","timestamp":"2026-05-11T07:55:31.895Z","namespace":"allpeep:db"}
{"level":"info","message":"Ensuring collection hasRead","timestamp":"2026-05-11T07:55:31.897Z","namespace":"allpeep:db"}
{"level":"info","message":"Ensuring collection bookmarks","timestamp":"2026-05-11T07:55:31.898Z","namespace":"allpeep:db"}
{"level":"info","message":"Ensuring collection profileSettings","timestamp":"2026-05-11T07:55:31.899Z","namespace":"allpeep:db"}
{"level":"info","message":"Ensuring collection jamRecordings","timestamp":"2026-05-11T07:55:31.900Z","namespace":"allpeep:db"}
{"level":"info","message":"Ensuring views","timestamp":"2026-05-11T07:55:31.902Z","namespace":"allpeep:db"}
{"level":"info","message":"Ensuring view postSearch","timestamp":"2026-05-11T07:55:31.902Z","namespace":"allpeep:db"}
{"level":"info","message":"Ensuring view groupSearch","timestamp":"2026-05-11T07:55:31.903Z","namespace":"allpeep:db"}
{"level":"info","message":"Ensuring view profileSearch","timestamp":"2026-05-11T07:55:31.904Z","namespace":"allpeep:db"}
{"level":"info","message":"Server initialized.","timestamp":"2026-05-11T07:55:31.920Z","namespace":"server:init"}
{"level":"info","message":"Loaded 155 route module(s).","timestamp":"2026-05-11T07:55:31.921Z","namespace":"server"}
{"level":"info","message":"Server listening on http://localhost:5173","timestamp":"2026-05-11T07:55:31.934Z","namespace":"server"}
{"level":"info","message":"GET    | 404 | /api/openpeeps/core/v1/server/info | 1ms","timestamp":"2026-05-11T07:55:43.592Z","namespace":"server:request"}
{"level":"info","message":"Checking ArangoDB availability at http://localhost:8529 (try 1)","timestamp":"2026-05-11T07:56:03.175Z","namespace":"allpeep:db"}
{"level":"info","message":"ArangoDB is available at http://localhost:8529","timestamp":"2026-05-11T07:56:03.187Z","namespace":"allpeep:db"}
{"level":"info","message":"Ensuring functions","timestamp":"2026-05-11T07:56:03.188Z","namespace":"allpeep:db"}
{"level":"info","message":"Ensuring function CHECK_CAPABILITIES","timestamp":"2026-05-11T07:56:03.188Z","namespace":"allpeep:db"}
{"level":"info","message":"Using default database","timestamp":"2026-05-11T07:56:03.187Z","namespace":"allpeep:db"}
{"level":"info","message":"Ensuring function MERGE_CAPABILITIES","timestamp":"2026-05-11T07:56:03.190Z","namespace":"allpeep:db"}
{"level":"info","message":"Skipping data migration Add note type to create entries (018fa9a0-ae6a-79e5-a529-6d13f335dbc4).","timestamp":"2026-05-11T07:56:03.203Z","namespace":"db:dataMigrations"}
{"level":"info","message":"Skipping data migration Replace actor with profile in follows collection (019131ae-e429-7d15-bd25-6ed89b04952d).","timestamp":"2026-05-11T07:56:03.204Z","namespace":"db:dataMigrations"}
{"level":"info","message":"Skipping data migration Replace actor with profile in entries collection (0191942c-3931-779c-9d40-74be98aa4220).","timestamp":"2026-05-11T07:56:03.208Z","namespace":"db:dataMigrations"}
{"level":"info","message":"Skipping data migration Replace actor with profile in hasRole collection (0191942c-8280-76d1-a7a1-8caa454ea5ab).","timestamp":"2026-05-11T07:56:03.211Z","namespace":"db:dataMigrations"}
{"level":"info","message":"Skipping data migration Replace actor with profile in mentions collection (0191942c-a90e-71e6-846f-7dc882c8c00b).","timestamp":"2026-05-11T07:56:03.214Z","namespace":"db:dataMigrations"}
{"level":"info","message":"Skipping data migration Replace actor with profile in reactions collection (0191942c-e79f-7bb4-9e28-59a30519225d).","timestamp":"2026-05-11T07:56:03.216Z","namespace":"db:dataMigrations"}
{"level":"info","message":"Skipping data migration Replace actor with profile in controls collection (0191942c-e79f-7bb4-9e28-59a30519225e).","timestamp":"2026-05-11T07:56:03.223Z","namespace":"db:dataMigrations"}
{"level":"info","message":"Skipping data migration Rename actor collection to profiles (0191942f-4766-7d9c-b71f-5497a39ae774).","timestamp":"2026-05-11T07:56:03.226Z","namespace":"db:dataMigrations"}
{"level":"info","message":"Skipping data migration Remove logs collection (0191e638-ed19-721f-9aed-429714253ead).","timestamp":"2026-05-11T07:56:03.227Z","namespace":"db:dataMigrations"}
{"level":"info","message":"Skipping data migration Rename user collection to account (01920f6b-ebf7-719b-8da4-d99e4b082486).","timestamp":"2026-05-11T07:56:03.230Z","namespace":"db:dataMigrations"}
{"level":"info","message":"Skipping data migration Rename userToPushSubscription collection to accountToPushSubscription (01920f58-dcc7-7b86-b0fc-03e7536aae93).","timestamp":"2026-05-11T07:56:03.233Z","namespace":"db:dataMigrations"}
{"level":"info","message":"Skipping data migration Replace user with account in controls collection (0192057e-f212-76b1-9e54-b5518c2927c7).","timestamp":"2026-05-11T07:56:03.235Z","namespace":"db:dataMigrations"}
{"level":"info","message":"Skipping data migration Replace user with account in accountToPushSubscription collection (01920a04-a3f5-7b10-8a31-c55dfae82c6d).","timestamp":"2026-05-11T07:56:03.237Z","namespace":"db:dataMigrations"}
{"level":"info","message":"Skipping data migration Deleting index on username (01920f80-0d50-7dee-a6cc-c78dc5200c32).","timestamp":"2026-05-11T07:56:03.239Z","namespace":"db:dataMigrations"}
{"level":"info","message":"Skipping data migration Renaming username to handle (01920fb5-1afb-70e4-9f8a-f47b6b49918b).","timestamp":"2026-05-11T07:56:03.242Z","namespace":"db:dataMigrations"}
{"level":"info","message":"Skipping data migration Fixing jam events (01927134-8082-727f-9df0-1c152a020e33).","timestamp":"2026-05-11T07:56:03.243Z","namespace":"db:dataMigrations"}
{"level":"info","message":"Skipping data migration Fixing notifications (01927158-191a-7ca9-bbd3-0c6cfe505731).","timestamp":"2026-05-11T07:56:03.245Z","namespace":"db:dataMigrations"}
{"level":"info","message":"Skipping data migration Fixing jam events again (0192900c-5b17-7dd8-8afd-d6c6c160ad8e).","timestamp":"2026-05-11T07:56:03.246Z","namespace":"db:dataMigrations"}
{"level":"info","message":"Skipping data migration Fixing notification type (0194d539-06ac-750c-9577-e982464575ae).","timestamp":"2026-05-11T07:56:03.248Z","namespace":"db:dataMigrations"}
{"level":"info","message":"Skipping data migration Copy mentions content to audience for direct messages only (0194f5d4-e347-7c4c-b26c-ec712812ae74).","timestamp":"2026-05-11T07:56:03.250Z","namespace":"db:dataMigrations"}
{"level":"info","message":"Skipping data migration Generate and set createdAt and updatedAt entries for mentions (0194fc1f-13ea-72f7-8954-0609b77af91e).","timestamp":"2026-05-11T07:56:03.251Z","namespace":"db:dataMigrations"}
{"level":"info","message":"Skipping data migration Convert jams to events and remove jams collection (0196795d-274b-7c51-9095-95880f9e815e).","timestamp":"2026-05-11T07:56:03.253Z","namespace":"db:dataMigrations"}
{"level":"info","message":"Skipping data migration Fix malformed hashtags created by old regex pattern (01a19837-edf6-43db-8953-6c19ecaab122).","timestamp":"2026-05-11T07:56:03.254Z","namespace":"db:dataMigrations"}
{"level":"info","message":"Skipping data migration Adding type on existing push subcriptions (01976851-be8c-7115-a82a-27c540d5320a).","timestamp":"2026-05-11T07:56:03.256Z","namespace":"db:dataMigrations"}
{"level":"info","message":"Skipping data migration Add data to post (019802f2-b27a-72c3-9ca1-fc344b72b66b).","timestamp":"2026-05-11T07:56:03.257Z","namespace":"db:dataMigrations"}
{"level":"info","message":"Skipping data migration Setting profiles without type to \"local\" (01988a61-aa54-7b47-abc8-f0e63bf5fdd6).","timestamp":"2026-05-11T07:56:03.259Z","namespace":"db:dataMigrations"}
{"level":"info","message":"Skipping data migration Update group memeberships from capabilities to roles (019898f2-c539-7cfb-ba41-cf58f952dd62).","timestamp":"2026-05-11T07:56:03.261Z","namespace":"db:dataMigrations"}
{"level":"info","message":"Skipping data migration Update group capabilities (01989922-a9a0-7aae-8b9e-6416ed9c67b7).","timestamp":"2026-05-11T07:56:03.262Z","namespace":"db:dataMigrations"}
{"level":"info","message":"Skipping data migration Update jam events (0198a7fc-72d1-7a2f-8c15-7d1bd0f0d109).","timestamp":"2026-05-11T07:56:03.264Z","namespace":"db:dataMigrations"}
{"level":"info","message":"Skipping data migration Refactor theme for allpeep-community config to light/dark structure (8bdf3512-0649-48c8-a9af-b6bfd1f86f1a).","timestamp":"2026-05-11T07:56:03.265Z","namespace":"db:dataMigrations"}
{"level":"info","message":"Skipping data migration Add creator ids to posts for easier filtering (0199c52d-2bf0-74e8-9a2f-ff65fd5b7b6a).","timestamp":"2026-05-11T07:56:03.267Z","namespace":"db:dataMigrations"}
{"level":"info","message":"Skipping data migration Remove jam messages left without profileId because of a bad migration (0199ec4e-aed3-787c-a180-9aed9166a882).","timestamp":"2026-05-11T07:56:03.268Z","namespace":"db:dataMigrations"}
{"level":"info","message":"Skipping data migration Make current users members so they can keep posting (019a2b1f-b21c-7f69-8b24-e186bb59c6b5).","timestamp":"2026-05-11T07:56:03.271Z","namespace":"db:dataMigrations"}
{"level":"info","message":"Skipping data migration Create default profile configs for existing profiles (b1f4c3d2-5e6f-4a7b-8c9d-0e1f2a3b4c5d).","timestamp":"2026-05-11T07:56:03.273Z","namespace":"db:dataMigrations"}
{"level":"info","message":"Skipping data migration Delete guest reports and their reportedProfile edges (41c542ad-1dd5-4407-bac5-dfe2aa83edcf).","timestamp":"2026-05-11T07:56:03.276Z","namespace":"db:dataMigrations"}
{"level":"info","message":"Skipping data migration Deleting Duplicate Group Memberships (bed1669c-8487-4ab9-ba23-8aec8b6e215d).","timestamp":"2026-05-11T07:56:03.277Z","namespace":"db:dataMigrations"}
{"level":"info","message":"Skipping data migration Add reply, RSVP, and vote post capabilities for group members (019c98bd-56bf-7326-a4ea-45fd4fcd2309).","timestamp":"2026-05-11T07:56:03.278Z","namespace":"db:dataMigrations"}
{"level":"info","message":"Skipping data migration Removing all deleted accounts, their push subscriptions, and connecting edges (65c54e29-c0f7-4336-8dbb-c250d8f6c5d5).","timestamp":"2026-05-11T07:56:03.280Z","namespace":"db:dataMigrations"}
{"level":"info","message":"Skipping data migration Rename configuration document keys from allpeep-* to openpeeps-* (a1b2c3d4-e5f6-4a7b-8c9d-0e1f2a3b4c5d).","timestamp":"2026-05-11T07:56:03.282Z","namespace":"db:dataMigrations"}
{"level":"info","message":"Cleaning up dangling edges...","timestamp":"2026-05-11T07:56:03.282Z","namespace":"db:cleanup"}
{"level":"info","message":"Removed 0 dangling edges in accountToPushSubscription [39 ms])","timestamp":"2026-05-11T07:56:03.321Z","namespace":"db:cleanup"}
{"level":"info","message":"Removed 0 dangling edges in createdReport [40 ms])","timestamp":"2026-05-11T07:56:03.322Z","namespace":"db:cleanup"}
{"level":"info","message":"Removed 0 dangling edges in controls [43 ms])","timestamp":"2026-05-11T07:56:03.325Z","namespace":"db:cleanup"}
{"level":"info","message":"Removed 0 dangling edges in userGroups [45 ms])","timestamp":"2026-05-11T07:56:03.327Z","namespace":"db:cleanup"}
{"level":"info","message":"Removed 0 dangling edges in follows [46 ms])","timestamp":"2026-05-11T07:56:03.328Z","namespace":"db:cleanup"}
{"level":"info","message":"Removed 0 dangling edges in entries [54 ms])","timestamp":"2026-05-11T07:56:03.336Z","namespace":"db:cleanup"}
{"level":"info","message":"Removed 0 dangling edges in repost [56 ms])","timestamp":"2026-05-11T07:56:03.338Z","namespace":"db:cleanup"}
{"level":"info","message":"Removed 0 dangling edges in profileAccessTokens [58 ms])","timestamp":"2026-05-11T07:56:03.340Z","namespace":"db:cleanup"}
{"level":"info","message":"Removed 0 dangling edges in hasRead [59 ms])","timestamp":"2026-05-11T07:56:03.341Z","namespace":"db:cleanup"}
{"level":"info","message":"Removed 0 dangling edges in hasRole [64 ms])","timestamp":"2026-05-11T07:56:03.346Z","namespace":"db:cleanup"}
{"level":"info","message":"Removed 0 dangling edges in requestsFollow [65 ms])","timestamp":"2026-05-11T07:56:03.347Z","namespace":"db:cleanup"}
{"level":"info","message":"Removed 0 dangling edges in isReportedObject [67 ms])","timestamp":"2026-05-11T07:56:03.349Z","namespace":"db:cleanup"}
{"level":"info","message":"Removed 0 dangling edges in postHashtags [69 ms])","timestamp":"2026-05-11T07:56:03.351Z","namespace":"db:cleanup"}
{"level":"info","message":"Removed 0 dangling edges in audience [74 ms])","timestamp":"2026-05-11T07:56:03.356Z","namespace":"db:cleanup"}
{"level":"info","message":"Removed 0 dangling edges in isReportedProfile [76 ms])","timestamp":"2026-05-11T07:56:03.358Z","namespace":"db:cleanup"}
{"level":"info","message":"Removed 0 dangling edges in mentions [77 ms])","timestamp":"2026-05-11T07:56:03.359Z","namespace":"db:cleanup"}
{"level":"info","message":"Removed 0 dangling edges in inviteLinkCreators [78 ms])","timestamp":"2026-05-11T07:56:03.360Z","namespace":"db:cleanup"}
{"level":"info","message":"Removed 0 dangling edges in inviteLinkRedeemers [79 ms])","timestamp":"2026-05-11T07:56:03.361Z","namespace":"db:cleanup"}
{"level":"info","message":"Removed 0 dangling edges in jamRecordings [80 ms])","timestamp":"2026-05-11T07:56:03.362Z","namespace":"db:cleanup"}
{"level":"info","message":"Removed 0 dangling edges in hasSeen [80 ms])","timestamp":"2026-05-11T07:56:03.362Z","namespace":"db:cleanup"}
{"level":"info","message":"Removed 0 dangling edges in bookmarks [81 ms])","timestamp":"2026-05-11T07:56:03.363Z","namespace":"db:cleanup"}
{"level":"info","message":"Removed 0 dangling edges in reactions [83 ms])","timestamp":"2026-05-11T07:56:03.365Z","namespace":"db:cleanup"}
{"level":"info","message":"Removed 0 dangling edges in postGroups [85 ms])","timestamp":"2026-05-11T07:56:03.367Z","namespace":"db:cleanup"}
{"level":"info","message":"Removed 0 dangling edges in postSeen [86 ms])","timestamp":"2026-05-11T07:56:03.368Z","namespace":"db:cleanup"}
{"level":"info","message":"Removed 0 dangling edges in replyTo [89 ms])","timestamp":"2026-05-11T07:56:03.371Z","namespace":"db:cleanup"}
{"level":"info","message":"Ensuring collection dataMigrations","timestamp":"2026-05-11T07:56:03.371Z","namespace":"allpeep:db"}
{"level":"info","message":"Ensuring collections","timestamp":"2026-05-11T07:56:03.371Z","namespace":"allpeep:db"}
{"level":"info","message":"Ensuring collection i18n","timestamp":"2026-05-11T07:56:03.373Z","namespace":"allpeep:db"}
{"level":"info","message":"Ensuring collection configs","timestamp":"2026-05-11T07:56:03.374Z","namespace":"allpeep:db"}
{"level":"info","message":"Ensuring collection accounts","timestamp":"2026-05-11T07:56:03.376Z","namespace":"allpeep:db"}
{"level":"info","message":"ensuring index unique-emails","timestamp":"2026-05-11T07:56:03.377Z","namespace":"allpeep:db"}
{"level":"info","message":"Ensuring collection profiles","timestamp":"2026-05-11T07:56:03.378Z","namespace":"allpeep:db"}
{"level":"info","message":"ensuring index unique-activityPub-identifiers","timestamp":"2026-05-11T07:56:03.380Z","namespace":"allpeep:db"}
{"level":"info","message":"ensuring index search-profiles","timestamp":"2026-05-11T07:56:03.381Z","namespace":"allpeep:db"}
{"level":"info","message":"Ensuring collection follows","timestamp":"2026-05-11T07:56:03.383Z","namespace":"allpeep:db"}
{"level":"info","message":"ensuring index unique-follows","timestamp":"2026-05-11T07:56:03.385Z","namespace":"allpeep:db"}
{"level":"info","message":"Ensuring collection requestsFollow","timestamp":"2026-05-11T07:56:03.386Z","namespace":"allpeep:db"}
{"level":"info","message":"Ensuring collection controls","timestamp":"2026-05-11T07:56:03.387Z","namespace":"allpeep:db"}
{"level":"info","message":"Ensuring collection posts","timestamp":"2026-05-11T07:56:03.389Z","namespace":"allpeep:db"}
{"level":"info","message":"ensuring index search-posts","timestamp":"2026-05-11T07:56:03.391Z","namespace":"allpeep:db"}
{"level":"info","message":"Ensuring collection mentions","timestamp":"2026-05-11T07:56:03.392Z","namespace":"allpeep:db"}
{"level":"info","message":"Ensuring collection audience","timestamp":"2026-05-11T07:56:03.394Z","namespace":"allpeep:db"}
{"level":"info","message":"Ensuring collection hashtags","timestamp":"2026-05-11T07:56:03.395Z","namespace":"allpeep:db"}
{"level":"info","message":"Ensuring collection postHashtags","timestamp":"2026-05-11T07:56:03.397Z","namespace":"allpeep:db"}
{"level":"info","message":"Ensuring collection reports","timestamp":"2026-05-11T07:56:03.398Z","namespace":"allpeep:db"}
{"level":"info","message":"Ensuring collection createdReport","timestamp":"2026-05-11T07:56:03.400Z","namespace":"allpeep:db"}
{"level":"info","message":"Ensuring collection isReportedProfile","timestamp":"2026-05-11T07:56:03.401Z","namespace":"allpeep:db"}
{"level":"info","message":"Ensuring collection isReportedObject","timestamp":"2026-05-11T07:56:03.402Z","namespace":"allpeep:db"}
{"level":"info","message":"Ensuring collection entries","timestamp":"2026-05-11T07:56:03.404Z","namespace":"allpeep:db"}
{"level":"info","message":"ensuring index search-entries","timestamp":"2026-05-11T07:56:03.405Z","namespace":"allpeep:db"}
{"level":"info","message":"Ensuring collection reactions","timestamp":"2026-05-11T07:56:03.407Z","namespace":"allpeep:db"}
{"level":"info","message":"ensuring index unique-reactions","timestamp":"2026-05-11T07:56:03.408Z","namespace":"allpeep:db"}
{"level":"info","message":"Ensuring collection replyTo","timestamp":"2026-05-11T07:56:03.409Z","namespace":"allpeep:db"}
{"level":"info","message":"ensuring index unique-replies","timestamp":"2026-05-11T07:56:03.411Z","namespace":"allpeep:db"}
{"level":"info","message":"Ensuring collection repost","timestamp":"2026-05-11T07:56:03.411Z","namespace":"allpeep:db"}
{"level":"info","message":"ensuring index unique-reposts","timestamp":"2026-05-11T07:56:03.413Z","namespace":"allpeep:db"}
{"level":"info","message":"Ensuring collection mediaAttachments","timestamp":"2026-05-11T07:56:03.414Z","namespace":"allpeep:db"}
{"level":"info","message":"Ensuring collection roles","timestamp":"2026-05-11T07:56:03.415Z","namespace":"allpeep:db"}
{"level":"info","message":"Ensuring collection accessTokens","timestamp":"2026-05-11T07:56:03.417Z","namespace":"allpeep:db"}
{"level":"info","message":"Ensuring collection profileAccessTokens","timestamp":"2026-05-11T07:56:03.418Z","namespace":"allpeep:db"}
{"level":"info","message":"ensuring index unique-profile-access-tokens","timestamp":"2026-05-11T07:56:03.419Z","namespace":"allpeep:db"}
{"level":"info","message":"Ensuring collection hasRole","timestamp":"2026-05-11T07:56:03.421Z","namespace":"allpeep:db"}
{"level":"info","message":"Ensuring collection notifications","timestamp":"2026-05-11T07:56:03.422Z","namespace":"allpeep:db"}
{"level":"info","message":"Ensuring collection pushSubscriptions","timestamp":"2026-05-11T07:56:03.424Z","namespace":"allpeep:db"}
{"level":"info","message":"Ensuring collection accountToPushSubscription","timestamp":"2026-05-11T07:56:03.426Z","namespace":"allpeep:db"}
{"level":"info","message":"Ensuring collection jamEvents","timestamp":"2026-05-11T07:56:03.427Z","namespace":"allpeep:db"}
{"level":"info","message":"Ensuring collection inviteLinks","timestamp":"2026-05-11T07:56:03.428Z","namespace":"allpeep:db"}
{"level":"info","message":"ensuring index unique-invite-link-slugs","timestamp":"2026-05-11T07:56:03.430Z","namespace":"allpeep:db"}
{"level":"info","message":"Ensuring collection inviteLinkCreators","timestamp":"2026-05-11T07:56:03.430Z","namespace":"allpeep:db"}
{"level":"info","message":"Ensuring collection inviteLinkRedeemers","timestamp":"2026-05-11T07:56:03.432Z","namespace":"allpeep:db"}
{"level":"info","message":"Ensuring collection groups","timestamp":"2026-05-11T07:56:03.433Z","namespace":"allpeep:db"}
{"level":"info","message":"ensuring index unique-group-handles","timestamp":"2026-05-11T07:56:03.434Z","namespace":"allpeep:db"}
{"level":"info","message":"ensuring index search-groups","timestamp":"2026-05-11T07:56:03.435Z","namespace":"allpeep:db"}
{"level":"info","message":"Ensuring collection postGroups","timestamp":"2026-05-11T07:56:03.436Z","namespace":"allpeep:db"}
{"level":"info","message":"Ensuring collection userGroups","timestamp":"2026-05-11T07:56:03.437Z","namespace":"allpeep:db"}
{"level":"info","message":"Ensuring collection hasSeen","timestamp":"2026-05-11T07:56:03.438Z","namespace":"allpeep:db"}
{"level":"info","message":"Ensuring collection hasRead","timestamp":"2026-05-11T07:56:03.439Z","namespace":"allpeep:db"}
{"level":"info","message":"Ensuring collection bookmarks","timestamp":"2026-05-11T07:56:03.440Z","namespace":"allpeep:db"}
{"level":"info","message":"Ensuring collection profileSettings","timestamp":"2026-05-11T07:56:03.442Z","namespace":"allpeep:db"}
{"level":"info","message":"Ensuring collection jamRecordings","timestamp":"2026-05-11T07:56:03.443Z","namespace":"allpeep:db"}
{"level":"info","message":"Ensuring views","timestamp":"2026-05-11T07:56:03.444Z","namespace":"allpeep:db"}
{"level":"info","message":"Ensuring view postSearch","timestamp":"2026-05-11T07:56:03.444Z","namespace":"allpeep:db"}
{"level":"info","message":"Ensuring view groupSearch","timestamp":"2026-05-11T07:56:03.445Z","namespace":"allpeep:db"}
{"level":"info","message":"Ensuring view profileSearch","timestamp":"2026-05-11T07:56:03.446Z","namespace":"allpeep:db"}
{"level":"info","message":"Server initialized.","timestamp":"2026-05-11T07:56:03.465Z","namespace":"server:init"}
{"level":"info","message":"Loaded 155 route module(s).","timestamp":"2026-05-11T07:56:03.466Z","namespace":"server"}
{"level":"info","message":"Server listening on http://localhost:5173","timestamp":"2026-05-11T07:56:03.477Z","namespace":"server"}
{"level":"info","message":"GET    | 404 | /api/openpeeps/core/v1/server/info | 0ms","timestamp":"2026-05-11T07:56:15.079Z","namespace":"server:request"}
{"level":"info","message":"Checking ArangoDB availability at http://localhost:8529 (try 1)","timestamp":"2026-05-11T07:56:47.734Z","namespace":"allpeep:db"}
{"level":"info","message":"ArangoDB is available at http://localhost:8529","timestamp":"2026-05-11T07:56:47.746Z","namespace":"allpeep:db"}
{"level":"info","message":"Ensuring function CHECK_CAPABILITIES","timestamp":"2026-05-11T07:56:47.747Z","namespace":"allpeep:db"}
{"level":"info","message":"Ensuring functions","timestamp":"2026-05-11T07:56:47.747Z","namespace":"allpeep:db"}
{"level":"info","message":"Using default database","timestamp":"2026-05-11T07:56:47.746Z","namespace":"allpeep:db"}
{"level":"info","message":"Ensuring function MERGE_CAPABILITIES","timestamp":"2026-05-11T07:56:47.748Z","namespace":"allpeep:db"}
{"level":"info","message":"Skipping data migration Add note type to create entries (018fa9a0-ae6a-79e5-a529-6d13f335dbc4).","timestamp":"2026-05-11T07:56:47.764Z","namespace":"db:dataMigrations"}
{"level":"info","message":"Skipping data migration Replace actor with profile in follows collection (019131ae-e429-7d15-bd25-6ed89b04952d).","timestamp":"2026-05-11T07:56:47.767Z","namespace":"db:dataMigrations"}
{"level":"info","message":"Skipping data migration Replace actor with profile in entries collection (0191942c-3931-779c-9d40-74be98aa4220).","timestamp":"2026-05-11T07:56:47.770Z","namespace":"db:dataMigrations"}
{"level":"info","message":"Skipping data migration Replace actor with profile in hasRole collection (0191942c-8280-76d1-a7a1-8caa454ea5ab).","timestamp":"2026-05-11T07:56:47.776Z","namespace":"db:dataMigrations"}
{"level":"info","message":"Skipping data migration Replace actor with profile in mentions collection (0191942c-a90e-71e6-846f-7dc882c8c00b).","timestamp":"2026-05-11T07:56:47.778Z","namespace":"db:dataMigrations"}
{"level":"info","message":"Skipping data migration Replace actor with profile in reactions collection (0191942c-e79f-7bb4-9e28-59a30519225d).","timestamp":"2026-05-11T07:56:47.779Z","namespace":"db:dataMigrations"}
{"level":"info","message":"Skipping data migration Replace actor with profile in controls collection (0191942c-e79f-7bb4-9e28-59a30519225e).","timestamp":"2026-05-11T07:56:47.781Z","namespace":"db:dataMigrations"}
{"level":"info","message":"Skipping data migration Rename actor collection to profiles (0191942f-4766-7d9c-b71f-5497a39ae774).","timestamp":"2026-05-11T07:56:47.783Z","namespace":"db:dataMigrations"}
{"level":"info","message":"Skipping data migration Remove logs collection (0191e638-ed19-721f-9aed-429714253ead).","timestamp":"2026-05-11T07:56:47.785Z","namespace":"db:dataMigrations"}
{"level":"info","message":"Skipping data migration Rename user collection to account (01920f6b-ebf7-719b-8da4-d99e4b082486).","timestamp":"2026-05-11T07:56:47.787Z","namespace":"db:dataMigrations"}
{"level":"info","message":"Skipping data migration Rename userToPushSubscription collection to accountToPushSubscription (01920f58-dcc7-7b86-b0fc-03e7536aae93).","timestamp":"2026-05-11T07:56:47.789Z","namespace":"db:dataMigrations"}
{"level":"info","message":"Skipping data migration Replace user with account in controls collection (0192057e-f212-76b1-9e54-b5518c2927c7).","timestamp":"2026-05-11T07:56:47.791Z","namespace":"db:dataMigrations"}
{"level":"info","message":"Skipping data migration Replace user with account in accountToPushSubscription collection (01920a04-a3f5-7b10-8a31-c55dfae82c6d).","timestamp":"2026-05-11T07:56:47.795Z","namespace":"db:dataMigrations"}
{"level":"info","message":"Skipping data migration Deleting index on username (01920f80-0d50-7dee-a6cc-c78dc5200c32).","timestamp":"2026-05-11T07:56:47.796Z","namespace":"db:dataMigrations"}
{"level":"info","message":"Skipping data migration Renaming username to handle (01920fb5-1afb-70e4-9f8a-f47b6b49918b).","timestamp":"2026-05-11T07:56:47.798Z","namespace":"db:dataMigrations"}
{"level":"info","message":"Skipping data migration Fixing jam events (01927134-8082-727f-9df0-1c152a020e33).","timestamp":"2026-05-11T07:56:47.800Z","namespace":"db:dataMigrations"}
{"level":"info","message":"Skipping data migration Fixing notifications (01927158-191a-7ca9-bbd3-0c6cfe505731).","timestamp":"2026-05-11T07:56:47.801Z","namespace":"db:dataMigrations"}
{"level":"info","message":"Skipping data migration Fixing jam events again (0192900c-5b17-7dd8-8afd-d6c6c160ad8e).","timestamp":"2026-05-11T07:56:47.802Z","namespace":"db:dataMigrations"}
{"level":"info","message":"Skipping data migration Fixing notification type (0194d539-06ac-750c-9577-e982464575ae).","timestamp":"2026-05-11T07:56:47.804Z","namespace":"db:dataMigrations"}
{"level":"info","message":"Skipping data migration Copy mentions content to audience for direct messages only (0194f5d4-e347-7c4c-b26c-ec712812ae74).","timestamp":"2026-05-11T07:56:47.806Z","namespace":"db:dataMigrations"}
{"level":"info","message":"Skipping data migration Generate and set createdAt and updatedAt entries for mentions (0194fc1f-13ea-72f7-8954-0609b77af91e).","timestamp":"2026-05-11T07:56:47.807Z","namespace":"db:dataMigrations"}
{"level":"info","message":"Skipping data migration Convert jams to events and remove jams collection (0196795d-274b-7c51-9095-95880f9e815e).","timestamp":"2026-05-11T07:56:47.809Z","namespace":"db:dataMigrations"}
{"level":"info","message":"Skipping data migration Fix malformed hashtags created by old regex pattern (01a19837-edf6-43db-8953-6c19ecaab122).","timestamp":"2026-05-11T07:56:47.810Z","namespace":"db:dataMigrations"}
{"level":"info","message":"Skipping data migration Adding type on existing push subcriptions (01976851-be8c-7115-a82a-27c540d5320a).","timestamp":"2026-05-11T07:56:47.813Z","namespace":"db:dataMigrations"}
{"level":"info","message":"Skipping data migration Add data to post (019802f2-b27a-72c3-9ca1-fc344b72b66b).","timestamp":"2026-05-11T07:56:47.815Z","namespace":"db:dataMigrations"}
{"level":"info","message":"Skipping data migration Setting profiles without type to \"local\" (01988a61-aa54-7b47-abc8-f0e63bf5fdd6).","timestamp":"2026-05-11T07:56:47.816Z","namespace":"db:dataMigrations"}
{"level":"info","message":"Skipping data migration Update group memeberships from capabilities to roles (019898f2-c539-7cfb-ba41-cf58f952dd62).","timestamp":"2026-05-11T07:56:47.818Z","namespace":"db:dataMigrations"}
{"level":"info","message":"Skipping data migration Update group capabilities (01989922-a9a0-7aae-8b9e-6416ed9c67b7).","timestamp":"2026-05-11T07:56:47.819Z","namespace":"db:dataMigrations"}
{"level":"info","message":"Skipping data migration Update jam events (0198a7fc-72d1-7a2f-8c15-7d1bd0f0d109).","timestamp":"2026-05-11T07:56:47.820Z","namespace":"db:dataMigrations"}
{"level":"info","message":"Skipping data migration Refactor theme for allpeep-community config to light/dark structure (8bdf3512-0649-48c8-a9af-b6bfd1f86f1a).","timestamp":"2026-05-11T07:56:47.821Z","namespace":"db:dataMigrations"}
{"level":"info","message":"Skipping data migration Add creator ids to posts for easier filtering (0199c52d-2bf0-74e8-9a2f-ff65fd5b7b6a).","timestamp":"2026-05-11T07:56:47.822Z","namespace":"db:dataMigrations"}
{"level":"info","message":"Skipping data migration Remove jam messages left without profileId because of a bad migration (0199ec4e-aed3-787c-a180-9aed9166a882).","timestamp":"2026-05-11T07:56:47.824Z","namespace":"db:dataMigrations"}
{"level":"info","message":"Skipping data migration Make current users members so they can keep posting (019a2b1f-b21c-7f69-8b24-e186bb59c6b5).","timestamp":"2026-05-11T07:56:47.826Z","namespace":"db:dataMigrations"}
{"level":"info","message":"Skipping data migration Create default profile configs for existing profiles (b1f4c3d2-5e6f-4a7b-8c9d-0e1f2a3b4c5d).","timestamp":"2026-05-11T07:56:47.828Z","namespace":"db:dataMigrations"}
{"level":"info","message":"Skipping data migration Delete guest reports and their reportedProfile edges (41c542ad-1dd5-4407-bac5-dfe2aa83edcf).","timestamp":"2026-05-11T07:56:47.839Z","namespace":"db:dataMigrations"}
{"level":"info","message":"Skipping data migration Deleting Duplicate Group Memberships (bed1669c-8487-4ab9-ba23-8aec8b6e215d).","timestamp":"2026-05-11T07:56:47.841Z","namespace":"db:dataMigrations"}
{"level":"info","message":"Skipping data migration Add reply, RSVP, and vote post capabilities for group members (019c98bd-56bf-7326-a4ea-45fd4fcd2309).","timestamp":"2026-05-11T07:56:47.843Z","namespace":"db:dataMigrations"}
{"level":"info","message":"Skipping data migration Removing all deleted accounts, their push subscriptions, and connecting edges (65c54e29-c0f7-4336-8dbb-c250d8f6c5d5).","timestamp":"2026-05-11T07:56:47.844Z","namespace":"db:dataMigrations"}
{"level":"info","message":"Skipping data migration Rename configuration document keys from allpeep-* to openpeeps-* (a1b2c3d4-e5f6-4a7b-8c9d-0e1f2a3b4c5d).","timestamp":"2026-05-11T07:56:47.847Z","namespace":"db:dataMigrations"}
{"level":"info","message":"Cleaning up dangling edges...","timestamp":"2026-05-11T07:56:47.847Z","namespace":"db:cleanup"}
{"level":"info","message":"Removed 0 dangling edges in accountToPushSubscription [33 ms])","timestamp":"2026-05-11T07:56:47.880Z","namespace":"db:cleanup"}
{"level":"info","message":"Removed 0 dangling edges in createdReport [34 ms])","timestamp":"2026-05-11T07:56:47.881Z","namespace":"db:cleanup"}
{"level":"info","message":"Removed 0 dangling edges in controls [37 ms])","timestamp":"2026-05-11T07:56:47.884Z","namespace":"db:cleanup"}
{"level":"info","message":"Removed 0 dangling edges in userGroups [39 ms])","timestamp":"2026-05-11T07:56:47.886Z","namespace":"db:cleanup"}
{"level":"info","message":"Removed 0 dangling edges in follows [40 ms])","timestamp":"2026-05-11T07:56:47.887Z","namespace":"db:cleanup"}
{"level":"info","message":"Removed 0 dangling edges in entries [49 ms])","timestamp":"2026-05-11T07:56:47.896Z","namespace":"db:cleanup"}
{"level":"info","message":"Removed 0 dangling edges in repost [51 ms])","timestamp":"2026-05-11T07:56:47.898Z","namespace":"db:cleanup"}
{"level":"info","message":"Removed 0 dangling edges in profileAccessTokens [52 ms])","timestamp":"2026-05-11T07:56:47.899Z","namespace":"db:cleanup"}
{"level":"info","message":"Removed 0 dangling edges in hasRead [53 ms])","timestamp":"2026-05-11T07:56:47.900Z","namespace":"db:cleanup"}
{"level":"info","message":"Removed 0 dangling edges in hasRole [58 ms])","timestamp":"2026-05-11T07:56:47.905Z","namespace":"db:cleanup"}
{"level":"info","message":"Removed 0 dangling edges in requestsFollow [59 ms])","timestamp":"2026-05-11T07:56:47.906Z","namespace":"db:cleanup"}
{"level":"info","message":"Removed 0 dangling edges in isReportedObject [59 ms])","timestamp":"2026-05-11T07:56:47.906Z","namespace":"db:cleanup"}
{"level":"info","message":"Removed 0 dangling edges in postHashtags [61 ms])","timestamp":"2026-05-11T07:56:47.908Z","namespace":"db:cleanup"}
{"level":"info","message":"Removed 0 dangling edges in audience [67 ms])","timestamp":"2026-05-11T07:56:47.914Z","namespace":"db:cleanup"}
{"level":"info","message":"Removed 0 dangling edges in isReportedProfile [68 ms])","timestamp":"2026-05-11T07:56:47.915Z","namespace":"db:cleanup"}
{"level":"info","message":"Removed 0 dangling edges in mentions [69 ms])","timestamp":"2026-05-11T07:56:47.916Z","namespace":"db:cleanup"}
{"level":"info","message":"Removed 0 dangling edges in inviteLinkCreators [70 ms])","timestamp":"2026-05-11T07:56:47.917Z","namespace":"db:cleanup"}
{"level":"info","message":"Removed 0 dangling edges in inviteLinkRedeemers [71 ms])","timestamp":"2026-05-11T07:56:47.918Z","namespace":"db:cleanup"}
{"level":"info","message":"Removed 0 dangling edges in jamRecordings [72 ms])","timestamp":"2026-05-11T07:56:47.919Z","namespace":"db:cleanup"}
{"level":"info","message":"Removed 0 dangling edges in hasSeen [72 ms])","timestamp":"2026-05-11T07:56:47.919Z","namespace":"db:cleanup"}
{"level":"info","message":"Removed 0 dangling edges in bookmarks [73 ms])","timestamp":"2026-05-11T07:56:47.920Z","namespace":"db:cleanup"}
{"level":"info","message":"Removed 0 dangling edges in reactions [75 ms])","timestamp":"2026-05-11T07:56:47.922Z","namespace":"db:cleanup"}
{"level":"info","message":"Removed 0 dangling edges in postGroups [77 ms])","timestamp":"2026-05-11T07:56:47.924Z","namespace":"db:cleanup"}
{"level":"info","message":"Removed 0 dangling edges in postSeen [78 ms])","timestamp":"2026-05-11T07:56:47.925Z","namespace":"db:cleanup"}
{"level":"info","message":"Removed 0 dangling edges in replyTo [81 ms])","timestamp":"2026-05-11T07:56:47.928Z","namespace":"db:cleanup"}
{"level":"info","message":"Ensuring collections","timestamp":"2026-05-11T07:56:47.928Z","namespace":"allpeep:db"}
{"level":"info","message":"Ensuring collection dataMigrations","timestamp":"2026-05-11T07:56:47.928Z","namespace":"allpeep:db"}
{"level":"info","message":"Ensuring collection i18n","timestamp":"2026-05-11T07:56:47.929Z","namespace":"allpeep:db"}
{"level":"info","message":"Ensuring collection configs","timestamp":"2026-05-11T07:56:47.931Z","namespace":"allpeep:db"}
{"level":"info","message":"Ensuring collection accounts","timestamp":"2026-05-11T07:56:47.932Z","namespace":"allpeep:db"}
{"level":"info","message":"ensuring index unique-emails","timestamp":"2026-05-11T07:56:47.934Z","namespace":"allpeep:db"}
{"level":"info","message":"Ensuring collection profiles","timestamp":"2026-05-11T07:56:47.935Z","namespace":"allpeep:db"}
{"level":"info","message":"ensuring index unique-activityPub-identifiers","timestamp":"2026-05-11T07:56:47.936Z","namespace":"allpeep:db"}
{"level":"info","message":"ensuring index search-profiles","timestamp":"2026-05-11T07:56:47.937Z","namespace":"allpeep:db"}
{"level":"info","message":"Ensuring collection follows","timestamp":"2026-05-11T07:56:47.939Z","namespace":"allpeep:db"}
{"level":"info","message":"ensuring index unique-follows","timestamp":"2026-05-11T07:56:47.940Z","namespace":"allpeep:db"}
{"level":"info","message":"Ensuring collection requestsFollow","timestamp":"2026-05-11T07:56:47.941Z","namespace":"allpeep:db"}
{"level":"info","message":"Ensuring collection controls","timestamp":"2026-05-11T07:56:47.943Z","namespace":"allpeep:db"}
{"level":"info","message":"Ensuring collection posts","timestamp":"2026-05-11T07:56:47.944Z","namespace":"allpeep:db"}
{"level":"info","message":"ensuring index search-posts","timestamp":"2026-05-11T07:56:47.945Z","namespace":"allpeep:db"}
{"level":"info","message":"Ensuring collection mentions","timestamp":"2026-05-11T07:56:47.946Z","namespace":"allpeep:db"}
{"level":"info","message":"Ensuring collection audience","timestamp":"2026-05-11T07:56:47.948Z","namespace":"allpeep:db"}
{"level":"info","message":"Ensuring collection hashtags","timestamp":"2026-05-11T07:56:47.949Z","namespace":"allpeep:db"}
{"level":"info","message":"Ensuring collection postHashtags","timestamp":"2026-05-11T07:56:47.950Z","namespace":"allpeep:db"}
{"level":"info","message":"Ensuring collection reports","timestamp":"2026-05-11T07:56:47.952Z","namespace":"allpeep:db"}
{"level":"info","message":"Ensuring collection createdReport","timestamp":"2026-05-11T07:56:47.953Z","namespace":"allpeep:db"}
{"level":"info","message":"Ensuring collection isReportedProfile","timestamp":"2026-05-11T07:56:47.954Z","namespace":"allpeep:db"}
{"level":"info","message":"Ensuring collection isReportedObject","timestamp":"2026-05-11T07:56:47.955Z","namespace":"allpeep:db"}
{"level":"info","message":"Ensuring collection entries","timestamp":"2026-05-11T07:56:47.957Z","namespace":"allpeep:db"}
{"level":"info","message":"ensuring index search-entries","timestamp":"2026-05-11T07:56:47.958Z","namespace":"allpeep:db"}
{"level":"info","message":"Ensuring collection reactions","timestamp":"2026-05-11T07:56:47.960Z","namespace":"allpeep:db"}
{"level":"info","message":"ensuring index unique-reactions","timestamp":"2026-05-11T07:56:47.961Z","namespace":"allpeep:db"}
{"level":"info","message":"Ensuring collection replyTo","timestamp":"2026-05-11T07:56:47.962Z","namespace":"allpeep:db"}
{"level":"info","message":"ensuring index unique-replies","timestamp":"2026-05-11T07:56:47.963Z","namespace":"allpeep:db"}
{"level":"info","message":"Ensuring collection repost","timestamp":"2026-05-11T07:56:47.964Z","namespace":"allpeep:db"}
{"level":"info","message":"ensuring index unique-reposts","timestamp":"2026-05-11T07:56:47.965Z","namespace":"allpeep:db"}
{"level":"info","message":"Ensuring collection mediaAttachments","timestamp":"2026-05-11T07:56:47.966Z","namespace":"allpeep:db"}
{"level":"info","message":"Ensuring collection roles","timestamp":"2026-05-11T07:56:47.968Z","namespace":"allpeep:db"}
{"level":"info","message":"Ensuring collection accessTokens","timestamp":"2026-05-11T07:56:47.969Z","namespace":"allpeep:db"}
{"level":"info","message":"Ensuring collection profileAccessTokens","timestamp":"2026-05-11T07:56:47.970Z","namespace":"allpeep:db"}
{"level":"info","message":"ensuring index unique-profile-access-tokens","timestamp":"2026-05-11T07:56:47.971Z","namespace":"allpeep:db"}
{"level":"info","message":"Ensuring collection hasRole","timestamp":"2026-05-11T07:56:47.972Z","namespace":"allpeep:db"}
{"level":"info","message":"Ensuring collection notifications","timestamp":"2026-05-11T07:56:47.974Z","namespace":"allpeep:db"}
{"level":"info","message":"Ensuring collection pushSubscriptions","timestamp":"2026-05-11T07:56:47.975Z","namespace":"allpeep:db"}
{"level":"info","message":"Ensuring collection accountToPushSubscription","timestamp":"2026-05-11T07:56:47.977Z","namespace":"allpeep:db"}
{"level":"info","message":"Ensuring collection jamEvents","timestamp":"2026-05-11T07:56:47.978Z","namespace":"allpeep:db"}
{"level":"info","message":"Ensuring collection inviteLinks","timestamp":"2026-05-11T07:56:47.979Z","namespace":"allpeep:db"}
{"level":"info","message":"ensuring index unique-invite-link-slugs","timestamp":"2026-05-11T07:56:47.980Z","namespace":"allpeep:db"}
{"level":"info","message":"Ensuring collection inviteLinkCreators","timestamp":"2026-05-11T07:56:47.981Z","namespace":"allpeep:db"}
{"level":"info","message":"Ensuring collection inviteLinkRedeemers","timestamp":"2026-05-11T07:56:47.982Z","namespace":"allpeep:db"}
{"level":"info","message":"Ensuring collection groups","timestamp":"2026-05-11T07:56:47.984Z","namespace":"allpeep:db"}
{"level":"info","message":"ensuring index unique-group-handles","timestamp":"2026-05-11T07:56:47.985Z","namespace":"allpeep:db"}
{"level":"info","message":"ensuring index search-groups","timestamp":"2026-05-11T07:56:47.986Z","namespace":"allpeep:db"}
{"level":"info","message":"Ensuring collection postGroups","timestamp":"2026-05-11T07:56:47.987Z","namespace":"allpeep:db"}
{"level":"info","message":"Ensuring collection userGroups","timestamp":"2026-05-11T07:56:47.988Z","namespace":"allpeep:db"}
{"level":"info","message":"Ensuring collection hasSeen","timestamp":"2026-05-11T07:56:47.989Z","namespace":"allpeep:db"}
{"level":"info","message":"Ensuring collection hasRead","timestamp":"2026-05-11T07:56:47.991Z","namespace":"allpeep:db"}
{"level":"info","message":"Ensuring collection bookmarks","timestamp":"2026-05-11T07:56:47.992Z","namespace":"allpeep:db"}
{"level":"info","message":"Ensuring collection profileSettings","timestamp":"2026-05-11T07:56:47.993Z","namespace":"allpeep:db"}
{"level":"info","message":"Ensuring collection jamRecordings","timestamp":"2026-05-11T07:56:47.995Z","namespace":"allpeep:db"}
{"level":"info","message":"Ensuring views","timestamp":"2026-05-11T07:56:47.996Z","namespace":"allpeep:db"}
{"level":"info","message":"Ensuring view postSearch","timestamp":"2026-05-11T07:56:47.996Z","namespace":"allpeep:db"}
{"level":"info","message":"Ensuring view groupSearch","timestamp":"2026-05-11T07:56:47.998Z","namespace":"allpeep:db"}
{"level":"info","message":"Ensuring view profileSearch","timestamp":"2026-05-11T07:56:47.999Z","namespace":"allpeep:db"}
{"level":"info","message":"Server initialized.","timestamp":"2026-05-11T07:56:48.023Z","namespace":"server:init"}
{"level":"info","message":"Server listening on http://localhost:5173","timestamp":"2026-05-11T07:56:48.037Z","namespace":"server"}
{"level":"info","message":"Loaded 155 route module(s).","timestamp":"2026-05-11T07:56:48.024Z","namespace":"server"}
{"level":"info","message":"GET    | 404 | /api/openpeeps/core/v1/server/info | 1ms","timestamp":"2026-05-11T07:56:59.595Z","namespace":"server:request"}
{"level":"info","message":"Checking ArangoDB availability at http://localhost:8529 (try 1)","timestamp":"2026-05-11T07:57:20.478Z","namespace":"allpeep:db"}
{"level":"info","message":"ArangoDB is available at http://localhost:8529","timestamp":"2026-05-11T07:57:20.490Z","namespace":"allpeep:db"}
{"level":"info","message":"Ensuring function CHECK_CAPABILITIES","timestamp":"2026-05-11T07:57:20.490Z","namespace":"allpeep:db"}
{"level":"info","message":"Using default database","timestamp":"2026-05-11T07:57:20.490Z","namespace":"allpeep:db"}
{"level":"info","message":"Ensuring function MERGE_CAPABILITIES","timestamp":"2026-05-11T07:57:20.492Z","namespace":"allpeep:db"}
{"level":"info","message":"Ensuring functions","timestamp":"2026-05-11T07:57:20.490Z","namespace":"allpeep:db"}
{"level":"info","message":"Skipping data migration Add note type to create entries (018fa9a0-ae6a-79e5-a529-6d13f335dbc4).","timestamp":"2026-05-11T07:57:20.502Z","namespace":"db:dataMigrations"}
{"level":"info","message":"Skipping data migration Replace actor with profile in follows collection (019131ae-e429-7d15-bd25-6ed89b04952d).","timestamp":"2026-05-11T07:57:20.504Z","namespace":"db:dataMigrations"}
{"level":"info","message":"Skipping data migration Replace actor with profile in entries collection (0191942c-3931-779c-9d40-74be98aa4220).","timestamp":"2026-05-11T07:57:20.506Z","namespace":"db:dataMigrations"}
{"level":"info","message":"Skipping data migration Replace actor with profile in hasRole collection (0191942c-8280-76d1-a7a1-8caa454ea5ab).","timestamp":"2026-05-11T07:57:20.507Z","namespace":"db:dataMigrations"}
{"level":"info","message":"Skipping data migration Replace actor with profile in mentions collection (0191942c-a90e-71e6-846f-7dc882c8c00b).","timestamp":"2026-05-11T07:57:20.509Z","namespace":"db:dataMigrations"}
{"level":"info","message":"Skipping data migration Replace actor with profile in reactions collection (0191942c-e79f-7bb4-9e28-59a30519225d).","timestamp":"2026-05-11T07:57:20.511Z","namespace":"db:dataMigrations"}
{"level":"info","message":"Skipping data migration Replace actor with profile in controls collection (0191942c-e79f-7bb4-9e28-59a30519225e).","timestamp":"2026-05-11T07:57:20.512Z","namespace":"db:dataMigrations"}
{"level":"info","message":"Skipping data migration Rename actor collection to profiles (0191942f-4766-7d9c-b71f-5497a39ae774).","timestamp":"2026-05-11T07:57:20.514Z","namespace":"db:dataMigrations"}
{"level":"info","message":"Skipping data migration Remove logs collection (0191e638-ed19-721f-9aed-429714253ead).","timestamp":"2026-05-11T07:57:20.515Z","namespace":"db:dataMigrations"}
{"level":"info","message":"Skipping data migration Rename user collection to account (01920f6b-ebf7-719b-8da4-d99e4b082486).","timestamp":"2026-05-11T07:57:20.516Z","namespace":"db:dataMigrations"}
{"level":"info","message":"Skipping data migration Rename userToPushSubscription collection to accountToPushSubscription (01920f58-dcc7-7b86-b0fc-03e7536aae93).","timestamp":"2026-05-11T07:57:20.518Z","namespace":"db:dataMigrations"}
{"level":"info","message":"Skipping data migration Replace user with account in controls collection (0192057e-f212-76b1-9e54-b5518c2927c7).","timestamp":"2026-05-11T07:57:20.519Z","namespace":"db:dataMigrations"}
{"level":"info","message":"Skipping data migration Replace user with account in accountToPushSubscription collection (01920a04-a3f5-7b10-8a31-c55dfae82c6d).","timestamp":"2026-05-11T07:57:20.522Z","namespace":"db:dataMigrations"}
{"level":"info","message":"Skipping data migration Deleting index on username (01920f80-0d50-7dee-a6cc-c78dc5200c32).","timestamp":"2026-05-11T07:57:20.523Z","namespace":"db:dataMigrations"}
{"level":"info","message":"Skipping data migration Renaming username to handle (01920fb5-1afb-70e4-9f8a-f47b6b49918b).","timestamp":"2026-05-11T07:57:20.524Z","namespace":"db:dataMigrations"}
{"level":"info","message":"Skipping data migration Fixing jam events (01927134-8082-727f-9df0-1c152a020e33).","timestamp":"2026-05-11T07:57:20.526Z","namespace":"db:dataMigrations"}
{"level":"info","message":"Skipping data migration Fixing notifications (01927158-191a-7ca9-bbd3-0c6cfe505731).","timestamp":"2026-05-11T07:57:20.528Z","namespace":"db:dataMigrations"}
{"level":"info","message":"Skipping data migration Fixing jam events again (0192900c-5b17-7dd8-8afd-d6c6c160ad8e).","timestamp":"2026-05-11T07:57:20.529Z","namespace":"db:dataMigrations"}
{"level":"info","message":"Skipping data migration Fixing notification type (0194d539-06ac-750c-9577-e982464575ae).","timestamp":"2026-05-11T07:57:20.530Z","namespace":"db:dataMigrations"}
{"level":"info","message":"Skipping data migration Copy mentions content to audience for direct messages only (0194f5d4-e347-7c4c-b26c-ec712812ae74).","timestamp":"2026-05-11T07:57:20.532Z","namespace":"db:dataMigrations"}
{"level":"info","message":"Skipping data migration Generate and set createdAt and updatedAt entries for mentions (0194fc1f-13ea-72f7-8954-0609b77af91e).","timestamp":"2026-05-11T07:57:20.533Z","namespace":"db:dataMigrations"}
{"level":"info","message":"Skipping data migration Convert jams to events and remove jams collection (0196795d-274b-7c51-9095-95880f9e815e).","timestamp":"2026-05-11T07:57:20.535Z","namespace":"db:dataMigrations"}
{"level":"info","message":"Skipping data migration Fix malformed hashtags created by old regex pattern (01a19837-edf6-43db-8953-6c19ecaab122).","timestamp":"2026-05-11T07:57:20.536Z","namespace":"db:dataMigrations"}
{"level":"info","message":"Skipping data migration Adding type on existing push subcriptions (01976851-be8c-7115-a82a-27c540d5320a).","timestamp":"2026-05-11T07:57:20.537Z","namespace":"db:dataMigrations"}
{"level":"info","message":"Skipping data migration Add data to post (019802f2-b27a-72c3-9ca1-fc344b72b66b).","timestamp":"2026-05-11T07:57:20.539Z","namespace":"db:dataMigrations"}
{"level":"info","message":"Skipping data migration Setting profiles without type to \"local\" (01988a61-aa54-7b47-abc8-f0e63bf5fdd6).","timestamp":"2026-05-11T07:57:20.540Z","namespace":"db:dataMigrations"}
{"level":"info","message":"Skipping data migration Update group memeberships from capabilities to roles (019898f2-c539-7cfb-ba41-cf58f952dd62).","timestamp":"2026-05-11T07:57:20.543Z","namespace":"db:dataMigrations"}
{"level":"info","message":"Skipping data migration Update group capabilities (01989922-a9a0-7aae-8b9e-6416ed9c67b7).","timestamp":"2026-05-11T07:57:20.544Z","namespace":"db:dataMigrations"}
{"level":"info","message":"Skipping data migration Update jam events (0198a7fc-72d1-7a2f-8c15-7d1bd0f0d109).","timestamp":"2026-05-11T07:57:20.545Z","namespace":"db:dataMigrations"}
{"level":"info","message":"Skipping data migration Refactor theme for allpeep-community config to light/dark structure (8bdf3512-0649-48c8-a9af-b6bfd1f86f1a).","timestamp":"2026-05-11T07:57:20.546Z","namespace":"db:dataMigrations"}
{"level":"info","message":"Skipping data migration Add creator ids to posts for easier filtering (0199c52d-2bf0-74e8-9a2f-ff65fd5b7b6a).","timestamp":"2026-05-11T07:57:20.547Z","namespace":"db:dataMigrations"}
{"level":"info","message":"Skipping data migration Remove jam messages left without profileId because of a bad migration (0199ec4e-aed3-787c-a180-9aed9166a882).","timestamp":"2026-05-11T07:57:20.548Z","namespace":"db:dataMigrations"}
{"level":"info","message":"Skipping data migration Make current users members so they can keep posting (019a2b1f-b21c-7f69-8b24-e186bb59c6b5).","timestamp":"2026-05-11T07:57:20.550Z","namespace":"db:dataMigrations"}
{"level":"info","message":"Skipping data migration Create default profile configs for existing profiles (b1f4c3d2-5e6f-4a7b-8c9d-0e1f2a3b4c5d).","timestamp":"2026-05-11T07:57:20.551Z","namespace":"db:dataMigrations"}
{"level":"info","message":"Skipping data migration Delete guest reports and their reportedProfile edges (41c542ad-1dd5-4407-bac5-dfe2aa83edcf).","timestamp":"2026-05-11T07:57:20.553Z","namespace":"db:dataMigrations"}
{"level":"info","message":"Skipping data migration Deleting Duplicate Group Memberships (bed1669c-8487-4ab9-ba23-8aec8b6e215d).","timestamp":"2026-05-11T07:57:20.554Z","namespace":"db:dataMigrations"}
{"level":"info","message":"Skipping data migration Add reply, RSVP, and vote post capabilities for group members (019c98bd-56bf-7326-a4ea-45fd4fcd2309).","timestamp":"2026-05-11T07:57:20.555Z","namespace":"db:dataMigrations"}
{"level":"info","message":"Skipping data migration Removing all deleted accounts, their push subscriptions, and connecting edges (65c54e29-c0f7-4336-8dbb-c250d8f6c5d5).","timestamp":"2026-05-11T07:57:20.557Z","namespace":"db:dataMigrations"}
{"level":"info","message":"Skipping data migration Rename configuration document keys from allpeep-* to openpeeps-* (a1b2c3d4-e5f6-4a7b-8c9d-0e1f2a3b4c5d).","timestamp":"2026-05-11T07:57:20.558Z","namespace":"db:dataMigrations"}
{"level":"info","message":"Cleaning up dangling edges...","timestamp":"2026-05-11T07:57:20.558Z","namespace":"db:cleanup"}
{"level":"info","message":"Removed 0 dangling edges in accountToPushSubscription [45 ms])","timestamp":"2026-05-11T07:57:20.603Z","namespace":"db:cleanup"}
{"level":"info","message":"Removed 0 dangling edges in createdReport [46 ms])","timestamp":"2026-05-11T07:57:20.604Z","namespace":"db:cleanup"}
{"level":"info","message":"Removed 0 dangling edges in controls [49 ms])","timestamp":"2026-05-11T07:57:20.607Z","namespace":"db:cleanup"}
{"level":"info","message":"Removed 0 dangling edges in userGroups [51 ms])","timestamp":"2026-05-11T07:57:20.609Z","namespace":"db:cleanup"}
{"level":"info","message":"Removed 0 dangling edges in follows [52 ms])","timestamp":"2026-05-11T07:57:20.610Z","namespace":"db:cleanup"}
{"level":"info","message":"Removed 0 dangling edges in entries [60 ms])","timestamp":"2026-05-11T07:57:20.618Z","namespace":"db:cleanup"}
{"level":"info","message":"Removed 0 dangling edges in repost [62 ms])","timestamp":"2026-05-11T07:57:20.620Z","namespace":"db:cleanup"}
{"level":"info","message":"Removed 0 dangling edges in profileAccessTokens [63 ms])","timestamp":"2026-05-11T07:57:20.621Z","namespace":"db:cleanup"}
{"level":"info","message":"Removed 0 dangling edges in hasRead [63 ms])","timestamp":"2026-05-11T07:57:20.621Z","namespace":"db:cleanup"}
{"level":"info","message":"Removed 0 dangling edges in hasRole [68 ms])","timestamp":"2026-05-11T07:57:20.626Z","namespace":"db:cleanup"}
{"level":"info","message":"Removed 0 dangling edges in requestsFollow [69 ms])","timestamp":"2026-05-11T07:57:20.627Z","namespace":"db:cleanup"}
{"level":"info","message":"Removed 0 dangling edges in isReportedObject [69 ms])","timestamp":"2026-05-11T07:57:20.627Z","namespace":"db:cleanup"}
{"level":"info","message":"Removed 0 dangling edges in postHashtags [71 ms])","timestamp":"2026-05-11T07:57:20.629Z","namespace":"db:cleanup"}
{"level":"info","message":"Removed 0 dangling edges in audience [76 ms])","timestamp":"2026-05-11T07:57:20.634Z","namespace":"db:cleanup"}
{"level":"info","message":"Removed 0 dangling edges in isReportedProfile [78 ms])","timestamp":"2026-05-11T07:57:20.636Z","namespace":"db:cleanup"}
{"level":"info","message":"Removed 0 dangling edges in mentions [79 ms])","timestamp":"2026-05-11T07:57:20.637Z","namespace":"db:cleanup"}
{"level":"info","message":"Removed 0 dangling edges in inviteLinkCreators [80 ms])","timestamp":"2026-05-11T07:57:20.638Z","namespace":"db:cleanup"}
{"level":"info","message":"Removed 0 dangling edges in inviteLinkRedeemers [80 ms])","timestamp":"2026-05-11T07:57:20.638Z","namespace":"db:cleanup"}
{"level":"info","message":"Removed 0 dangling edges in jamRecordings [81 ms])","timestamp":"2026-05-11T07:57:20.639Z","namespace":"db:cleanup"}
{"level":"info","message":"Removed 0 dangling edges in hasSeen [82 ms])","timestamp":"2026-05-11T07:57:20.640Z","namespace":"db:cleanup"}
{"level":"info","message":"Removed 0 dangling edges in bookmarks [83 ms])","timestamp":"2026-05-11T07:57:20.641Z","namespace":"db:cleanup"}
{"level":"info","message":"Removed 0 dangling edges in reactions [85 ms])","timestamp":"2026-05-11T07:57:20.643Z","namespace":"db:cleanup"}
{"level":"info","message":"Removed 0 dangling edges in postGroups [86 ms])","timestamp":"2026-05-11T07:57:20.644Z","namespace":"db:cleanup"}
{"level":"info","message":"Removed 0 dangling edges in postSeen [87 ms])","timestamp":"2026-05-11T07:57:20.645Z","namespace":"db:cleanup"}
{"level":"info","message":"Removed 0 dangling edges in replyTo [90 ms])","timestamp":"2026-05-11T07:57:20.648Z","namespace":"db:cleanup"}
{"level":"info","message":"Ensuring collections","timestamp":"2026-05-11T07:57:20.648Z","namespace":"allpeep:db"}
{"level":"info","message":"Ensuring collection dataMigrations","timestamp":"2026-05-11T07:57:20.648Z","namespace":"allpeep:db"}
{"level":"info","message":"Ensuring collection i18n","timestamp":"2026-05-11T07:57:20.649Z","namespace":"allpeep:db"}
{"level":"info","message":"Ensuring collection configs","timestamp":"2026-05-11T07:57:20.651Z","namespace":"allpeep:db"}
{"level":"info","message":"Ensuring collection accounts","timestamp":"2026-05-11T07:57:20.652Z","namespace":"allpeep:db"}
{"level":"info","message":"ensuring index unique-emails","timestamp":"2026-05-11T07:57:20.653Z","namespace":"allpeep:db"}
{"level":"info","message":"Ensuring collection profiles","timestamp":"2026-05-11T07:57:20.654Z","namespace":"allpeep:db"}
{"level":"info","message":"ensuring index unique-activityPub-identifiers","timestamp":"2026-05-11T07:57:20.655Z","namespace":"allpeep:db"}
{"level":"info","message":"ensuring index search-profiles","timestamp":"2026-05-11T07:57:20.656Z","namespace":"allpeep:db"}
{"level":"info","message":"Ensuring collection follows","timestamp":"2026-05-11T07:57:20.657Z","namespace":"allpeep:db"}
{"level":"info","message":"ensuring index unique-follows","timestamp":"2026-05-11T07:57:20.658Z","namespace":"allpeep:db"}
{"level":"info","message":"Ensuring collection requestsFollow","timestamp":"2026-05-11T07:57:20.659Z","namespace":"allpeep:db"}
{"level":"info","message":"Ensuring collection controls","timestamp":"2026-05-11T07:57:20.660Z","namespace":"allpeep:db"}
{"level":"info","message":"Ensuring collection posts","timestamp":"2026-05-11T07:57:20.662Z","namespace":"allpeep:db"}
{"level":"info","message":"ensuring index search-posts","timestamp":"2026-05-11T07:57:20.663Z","namespace":"allpeep:db"}
{"level":"info","message":"Ensuring collection mentions","timestamp":"2026-05-11T07:57:20.664Z","namespace":"allpeep:db"}
{"level":"info","message":"Ensuring collection audience","timestamp":"2026-05-11T07:57:20.665Z","namespace":"allpeep:db"}
{"level":"info","message":"Ensuring collection hashtags","timestamp":"2026-05-11T07:57:20.667Z","namespace":"allpeep:db"}
{"level":"info","message":"Ensuring collection postHashtags","timestamp":"2026-05-11T07:57:20.668Z","namespace":"allpeep:db"}
{"level":"info","message":"Ensuring collection reports","timestamp":"2026-05-11T07:57:20.669Z","namespace":"allpeep:db"}
{"level":"info","message":"Ensuring collection createdReport","timestamp":"2026-05-11T07:57:20.670Z","namespace":"allpeep:db"}
{"level":"info","message":"Ensuring collection isReportedProfile","timestamp":"2026-05-11T07:57:20.671Z","namespace":"allpeep:db"}
{"level":"info","message":"Ensuring collection isReportedObject","timestamp":"2026-05-11T07:57:20.672Z","namespace":"allpeep:db"}
{"level":"info","message":"Ensuring collection entries","timestamp":"2026-05-11T07:57:20.673Z","namespace":"allpeep:db"}
{"level":"info","message":"ensuring index search-entries","timestamp":"2026-05-11T07:57:20.675Z","namespace":"allpeep:db"}
{"level":"info","message":"Ensuring collection reactions","timestamp":"2026-05-11T07:57:20.676Z","namespace":"allpeep:db"}
{"level":"info","message":"ensuring index unique-reactions","timestamp":"2026-05-11T07:57:20.677Z","namespace":"allpeep:db"}
{"level":"info","message":"Ensuring collection replyTo","timestamp":"2026-05-11T07:57:20.677Z","namespace":"allpeep:db"}
{"level":"info","message":"ensuring index unique-replies","timestamp":"2026-05-11T07:57:20.678Z","namespace":"allpeep:db"}
{"level":"info","message":"Ensuring collection repost","timestamp":"2026-05-11T07:57:20.679Z","namespace":"allpeep:db"}
{"level":"info","message":"ensuring index unique-reposts","timestamp":"2026-05-11T07:57:20.680Z","namespace":"allpeep:db"}
{"level":"info","message":"Ensuring collection mediaAttachments","timestamp":"2026-05-11T07:57:20.681Z","namespace":"allpeep:db"}
{"level":"info","message":"Ensuring collection roles","timestamp":"2026-05-11T07:57:20.682Z","namespace":"allpeep:db"}
{"level":"info","message":"Ensuring collection accessTokens","timestamp":"2026-05-11T07:57:20.684Z","namespace":"allpeep:db"}
{"level":"info","message":"Ensuring collection profileAccessTokens","timestamp":"2026-05-11T07:57:20.685Z","namespace":"allpeep:db"}
{"level":"info","message":"ensuring index unique-profile-access-tokens","timestamp":"2026-05-11T07:57:20.686Z","namespace":"allpeep:db"}
{"level":"info","message":"Ensuring collection hasRole","timestamp":"2026-05-11T07:57:20.687Z","namespace":"allpeep:db"}
{"level":"info","message":"Ensuring collection notifications","timestamp":"2026-05-11T07:57:20.688Z","namespace":"allpeep:db"}
{"level":"info","message":"Ensuring collection pushSubscriptions","timestamp":"2026-05-11T07:57:20.689Z","namespace":"allpeep:db"}
{"level":"info","message":"Ensuring collection accountToPushSubscription","timestamp":"2026-05-11T07:57:20.690Z","namespace":"allpeep:db"}
{"level":"info","message":"Ensuring collection jamEvents","timestamp":"2026-05-11T07:57:20.691Z","namespace":"allpeep:db"}
{"level":"info","message":"Ensuring collection inviteLinks","timestamp":"2026-05-11T07:57:20.692Z","namespace":"allpeep:db"}
{"level":"info","message":"ensuring index unique-invite-link-slugs","timestamp":"2026-05-11T07:57:20.694Z","namespace":"allpeep:db"}
{"level":"info","message":"Ensuring collection inviteLinkCreators","timestamp":"2026-05-11T07:57:20.694Z","namespace":"allpeep:db"}
{"level":"info","message":"Ensuring collection inviteLinkRedeemers","timestamp":"2026-05-11T07:57:20.695Z","namespace":"allpeep:db"}
{"level":"info","message":"Ensuring collection groups","timestamp":"2026-05-11T07:57:20.697Z","namespace":"allpeep:db"}
{"level":"info","message":"ensuring index unique-group-handles","timestamp":"2026-05-11T07:57:20.698Z","namespace":"allpeep:db"}
{"level":"info","message":"ensuring index search-groups","timestamp":"2026-05-11T07:57:20.698Z","namespace":"allpeep:db"}
{"level":"info","message":"Ensuring collection postGroups","timestamp":"2026-05-11T07:57:20.700Z","namespace":"allpeep:db"}
{"level":"info","message":"Ensuring collection userGroups","timestamp":"2026-05-11T07:57:20.701Z","namespace":"allpeep:db"}
{"level":"info","message":"Ensuring collection hasSeen","timestamp":"2026-05-11T07:57:20.702Z","namespace":"allpeep:db"}
{"level":"info","message":"Ensuring collection hasRead","timestamp":"2026-05-11T07:57:20.703Z","namespace":"allpeep:db"}
{"level":"info","message":"Ensuring collection bookmarks","timestamp":"2026-05-11T07:57:20.704Z","namespace":"allpeep:db"}
{"level":"info","message":"Ensuring collection profileSettings","timestamp":"2026-05-11T07:57:20.705Z","namespace":"allpeep:db"}
{"level":"info","message":"Ensuring collection jamRecordings","timestamp":"2026-05-11T07:57:20.706Z","namespace":"allpeep:db"}
{"level":"info","message":"Ensuring views","timestamp":"2026-05-11T07:57:20.707Z","namespace":"allpeep:db"}
{"level":"info","message":"Ensuring view postSearch","timestamp":"2026-05-11T07:57:20.707Z","namespace":"allpeep:db"}
{"level":"info","message":"Ensuring view groupSearch","timestamp":"2026-05-11T07:57:20.708Z","namespace":"allpeep:db"}
{"level":"info","message":"Ensuring view profileSearch","timestamp":"2026-05-11T07:57:20.709Z","namespace":"allpeep:db"}
{"level":"info","message":"Server initialized.","timestamp":"2026-05-11T07:57:20.724Z","namespace":"server:init"}
{"level":"info","message":"Server listening on http://localhost:5173","timestamp":"2026-05-11T07:57:20.737Z","namespace":"server"}
{"level":"info","message":"Loaded 155 route module(s).","timestamp":"2026-05-11T07:57:20.725Z","namespace":"server"}
{"level":"info","message":"GET    | 404 | /api/openpeeps/core/v1/server/info | 2ms","timestamp":"2026-05-11T07:57:31.475Z","namespace":"server:request"}
{"level":"info","message":"GET    | 404 | /api/openpeeps/core/v1/server/info | 1ms","timestamp":"2026-05-11T08:17:43.628Z","namespace":"server:request"}
{"level":"info","message":"Checking ArangoDB availability at http://localhost:8529 (try 1)","timestamp":"2026-05-11T08:18:16.940Z","namespace":"allpeep:db"}
{"level":"info","message":"ArangoDB is available at http://localhost:8529","timestamp":"2026-05-11T08:18:16.952Z","namespace":"allpeep:db"}
{"level":"info","message":"Ensuring function MERGE_CAPABILITIES","timestamp":"2026-05-11T08:18:16.954Z","namespace":"allpeep:db"}
{"level":"info","message":"Using default database","timestamp":"2026-05-11T08:18:16.952Z","namespace":"allpeep:db"}
{"level":"info","message":"Ensuring function CHECK_CAPABILITIES","timestamp":"2026-05-11T08:18:16.952Z","namespace":"allpeep:db"}
{"level":"info","message":"Ensuring functions","timestamp":"2026-05-11T08:18:16.952Z","namespace":"allpeep:db"}
{"level":"info","message":"Skipping data migration Add note type to create entries (018fa9a0-ae6a-79e5-a529-6d13f335dbc4).","timestamp":"2026-05-11T08:18:16.970Z","namespace":"db:dataMigrations"}
{"level":"info","message":"Skipping data migration Replace actor with profile in follows collection (019131ae-e429-7d15-bd25-6ed89b04952d).","timestamp":"2026-05-11T08:18:16.972Z","namespace":"db:dataMigrations"}
{"level":"info","message":"Skipping data migration Replace actor with profile in entries collection (0191942c-3931-779c-9d40-74be98aa4220).","timestamp":"2026-05-11T08:18:16.974Z","namespace":"db:dataMigrations"}
{"level":"info","message":"Skipping data migration Replace actor with profile in hasRole collection (0191942c-8280-76d1-a7a1-8caa454ea5ab).","timestamp":"2026-05-11T08:18:16.976Z","namespace":"db:dataMigrations"}
{"level":"info","message":"Skipping data migration Replace actor with profile in mentions collection (0191942c-a90e-71e6-846f-7dc882c8c00b).","timestamp":"2026-05-11T08:18:16.978Z","namespace":"db:dataMigrations"}
{"level":"info","message":"Skipping data migration Replace actor with profile in reactions collection (0191942c-e79f-7bb4-9e28-59a30519225d).","timestamp":"2026-05-11T08:18:16.980Z","namespace":"db:dataMigrations"}
{"level":"info","message":"Skipping data migration Replace actor with profile in controls collection (0191942c-e79f-7bb4-9e28-59a30519225e).","timestamp":"2026-05-11T08:18:16.983Z","namespace":"db:dataMigrations"}
{"level":"info","message":"Skipping data migration Rename actor collection to profiles (0191942f-4766-7d9c-b71f-5497a39ae774).","timestamp":"2026-05-11T08:18:16.985Z","namespace":"db:dataMigrations"}
{"level":"info","message":"Skipping data migration Remove logs collection (0191e638-ed19-721f-9aed-429714253ead).","timestamp":"2026-05-11T08:18:16.987Z","namespace":"db:dataMigrations"}
{"level":"info","message":"Skipping data migration Rename user collection to account (01920f6b-ebf7-719b-8da4-d99e4b082486).","timestamp":"2026-05-11T08:18:16.989Z","namespace":"db:dataMigrations"}
{"level":"info","message":"Skipping data migration Rename userToPushSubscription collection to accountToPushSubscription (01920f58-dcc7-7b86-b0fc-03e7536aae93).","timestamp":"2026-05-11T08:18:16.991Z","namespace":"db:dataMigrations"}
{"level":"info","message":"Skipping data migration Replace user with account in controls collection (0192057e-f212-76b1-9e54-b5518c2927c7).","timestamp":"2026-05-11T08:18:16.992Z","namespace":"db:dataMigrations"}
{"level":"info","message":"Skipping data migration Replace user with account in accountToPushSubscription collection (01920a04-a3f5-7b10-8a31-c55dfae82c6d).","timestamp":"2026-05-11T08:18:16.994Z","namespace":"db:dataMigrations"}
{"level":"info","message":"Skipping data migration Deleting index on username (01920f80-0d50-7dee-a6cc-c78dc5200c32).","timestamp":"2026-05-11T08:18:16.996Z","namespace":"db:dataMigrations"}
{"level":"info","message":"Skipping data migration Renaming username to handle (01920fb5-1afb-70e4-9f8a-f47b6b49918b).","timestamp":"2026-05-11T08:18:16.997Z","namespace":"db:dataMigrations"}
{"level":"info","message":"Skipping data migration Fixing jam events (01927134-8082-727f-9df0-1c152a020e33).","timestamp":"2026-05-11T08:18:16.999Z","namespace":"db:dataMigrations"}
{"level":"info","message":"Skipping data migration Fixing notifications (01927158-191a-7ca9-bbd3-0c6cfe505731).","timestamp":"2026-05-11T08:18:17.000Z","namespace":"db:dataMigrations"}
{"level":"info","message":"Skipping data migration Fixing jam events again (0192900c-5b17-7dd8-8afd-d6c6c160ad8e).","timestamp":"2026-05-11T08:18:17.002Z","namespace":"db:dataMigrations"}
{"level":"info","message":"Skipping data migration Fixing notification type (0194d539-06ac-750c-9577-e982464575ae).","timestamp":"2026-05-11T08:18:17.003Z","namespace":"db:dataMigrations"}
{"level":"info","message":"Skipping data migration Copy mentions content to audience for direct messages only (0194f5d4-e347-7c4c-b26c-ec712812ae74).","timestamp":"2026-05-11T08:18:17.005Z","namespace":"db:dataMigrations"}
{"level":"info","message":"Skipping data migration Generate and set createdAt and updatedAt entries for mentions (0194fc1f-13ea-72f7-8954-0609b77af91e).","timestamp":"2026-05-11T08:18:17.007Z","namespace":"db:dataMigrations"}
{"level":"info","message":"Skipping data migration Convert jams to events and remove jams collection (0196795d-274b-7c51-9095-95880f9e815e).","timestamp":"2026-05-11T08:18:17.008Z","namespace":"db:dataMigrations"}
{"level":"info","message":"Skipping data migration Fix malformed hashtags created by old regex pattern (01a19837-edf6-43db-8953-6c19ecaab122).","timestamp":"2026-05-11T08:18:17.010Z","namespace":"db:dataMigrations"}
{"level":"info","message":"Skipping data migration Adding type on existing push subcriptions (01976851-be8c-7115-a82a-27c540d5320a).","timestamp":"2026-05-11T08:18:17.012Z","namespace":"db:dataMigrations"}
{"level":"info","message":"Skipping data migration Add data to post (019802f2-b27a-72c3-9ca1-fc344b72b66b).","timestamp":"2026-05-11T08:18:17.014Z","namespace":"db:dataMigrations"}
{"level":"info","message":"Skipping data migration Setting profiles without type to \"local\" (01988a61-aa54-7b47-abc8-f0e63bf5fdd6).","timestamp":"2026-05-11T08:18:17.016Z","namespace":"db:dataMigrations"}
{"level":"info","message":"Skipping data migration Update group memeberships from capabilities to roles (019898f2-c539-7cfb-ba41-cf58f952dd62).","timestamp":"2026-05-11T08:18:17.018Z","namespace":"db:dataMigrations"}
{"level":"info","message":"Skipping data migration Update group capabilities (01989922-a9a0-7aae-8b9e-6416ed9c67b7).","timestamp":"2026-05-11T08:18:17.022Z","namespace":"db:dataMigrations"}
{"level":"info","message":"Skipping data migration Update jam events (0198a7fc-72d1-7a2f-8c15-7d1bd0f0d109).","timestamp":"2026-05-11T08:18:17.024Z","namespace":"db:dataMigrations"}
{"level":"info","message":"Skipping data migration Refactor theme for allpeep-community config to light/dark structure (8bdf3512-0649-48c8-a9af-b6bfd1f86f1a).","timestamp":"2026-05-11T08:18:17.027Z","namespace":"db:dataMigrations"}
{"level":"info","message":"Skipping data migration Add creator ids to posts for easier filtering (0199c52d-2bf0-74e8-9a2f-ff65fd5b7b6a).","timestamp":"2026-05-11T08:18:17.029Z","namespace":"db:dataMigrations"}
{"level":"info","message":"Skipping data migration Remove jam messages left without profileId because of a bad migration (0199ec4e-aed3-787c-a180-9aed9166a882).","timestamp":"2026-05-11T08:18:17.031Z","namespace":"db:dataMigrations"}
{"level":"info","message":"Skipping data migration Make current users members so they can keep posting (019a2b1f-b21c-7f69-8b24-e186bb59c6b5).","timestamp":"2026-05-11T08:18:17.034Z","namespace":"db:dataMigrations"}
{"level":"info","message":"Skipping data migration Create default profile configs for existing profiles (b1f4c3d2-5e6f-4a7b-8c9d-0e1f2a3b4c5d).","timestamp":"2026-05-11T08:18:17.036Z","namespace":"db:dataMigrations"}
{"level":"info","message":"Skipping data migration Delete guest reports and their reportedProfile edges (41c542ad-1dd5-4407-bac5-dfe2aa83edcf).","timestamp":"2026-05-11T08:18:17.037Z","namespace":"db:dataMigrations"}
{"level":"info","message":"Skipping data migration Deleting Duplicate Group Memberships (bed1669c-8487-4ab9-ba23-8aec8b6e215d).","timestamp":"2026-05-11T08:18:17.039Z","namespace":"db:dataMigrations"}
{"level":"info","message":"Skipping data migration Add reply, RSVP, and vote post capabilities for group members (019c98bd-56bf-7326-a4ea-45fd4fcd2309).","timestamp":"2026-05-11T08:18:17.041Z","namespace":"db:dataMigrations"}
{"level":"info","message":"Skipping data migration Removing all deleted accounts, their push subscriptions, and connecting edges (65c54e29-c0f7-4336-8dbb-c250d8f6c5d5).","timestamp":"2026-05-11T08:18:17.042Z","namespace":"db:dataMigrations"}
{"level":"info","message":"Skipping data migration Rename configuration document keys from allpeep-* to openpeeps-* (a1b2c3d4-e5f6-4a7b-8c9d-0e1f2a3b4c5d).","timestamp":"2026-05-11T08:18:17.044Z","namespace":"db:dataMigrations"}
{"level":"info","message":"Cleaning up dangling edges...","timestamp":"2026-05-11T08:18:17.045Z","namespace":"db:cleanup"}
{"level":"info","message":"Removed 0 dangling edges in accountToPushSubscription [47 ms])","timestamp":"2026-05-11T08:18:17.092Z","namespace":"db:cleanup"}
{"level":"info","message":"Removed 0 dangling edges in createdReport [48 ms])","timestamp":"2026-05-11T08:18:17.093Z","namespace":"db:cleanup"}
{"level":"info","message":"Removed 0 dangling edges in controls [51 ms])","timestamp":"2026-05-11T08:18:17.096Z","namespace":"db:cleanup"}
{"level":"info","message":"Removed 0 dangling edges in userGroups [53 ms])","timestamp":"2026-05-11T08:18:17.098Z","namespace":"db:cleanup"}
{"level":"info","message":"Removed 0 dangling edges in follows [54 ms])","timestamp":"2026-05-11T08:18:17.099Z","namespace":"db:cleanup"}
{"level":"info","message":"Removed 0 dangling edges in entries [62 ms])","timestamp":"2026-05-11T08:18:17.107Z","namespace":"db:cleanup"}
{"level":"info","message":"Removed 0 dangling edges in repost [64 ms])","timestamp":"2026-05-11T08:18:17.109Z","namespace":"db:cleanup"}
{"level":"info","message":"Removed 0 dangling edges in profileAccessTokens [65 ms])","timestamp":"2026-05-11T08:18:17.110Z","namespace":"db:cleanup"}
{"level":"info","message":"Removed 0 dangling edges in hasRead [66 ms])","timestamp":"2026-05-11T08:18:17.111Z","namespace":"db:cleanup"}
{"level":"info","message":"Removed 0 dangling edges in hasRole [71 ms])","timestamp":"2026-05-11T08:18:17.116Z","namespace":"db:cleanup"}
{"level":"info","message":"Removed 0 dangling edges in requestsFollow [72 ms])","timestamp":"2026-05-11T08:18:17.117Z","namespace":"db:cleanup"}
{"level":"info","message":"Removed 0 dangling edges in isReportedObject [73 ms])","timestamp":"2026-05-11T08:18:17.118Z","namespace":"db:cleanup"}
{"level":"info","message":"Removed 0 dangling edges in postHashtags [75 ms])","timestamp":"2026-05-11T08:18:17.120Z","namespace":"db:cleanup"}
{"level":"info","message":"Removed 0 dangling edges in audience [80 ms])","timestamp":"2026-05-11T08:18:17.125Z","namespace":"db:cleanup"}
{"level":"info","message":"Removed 0 dangling edges in isReportedProfile [81 ms])","timestamp":"2026-05-11T08:18:17.126Z","namespace":"db:cleanup"}
{"level":"info","message":"Removed 0 dangling edges in mentions [83 ms])","timestamp":"2026-05-11T08:18:17.128Z","namespace":"db:cleanup"}
{"level":"info","message":"Removed 0 dangling edges in inviteLinkCreators [84 ms])","timestamp":"2026-05-11T08:18:17.129Z","namespace":"db:cleanup"}
{"level":"info","message":"Removed 0 dangling edges in inviteLinkRedeemers [85 ms])","timestamp":"2026-05-11T08:18:17.130Z","namespace":"db:cleanup"}
{"level":"info","message":"Removed 0 dangling edges in jamRecordings [86 ms])","timestamp":"2026-05-11T08:18:17.131Z","namespace":"db:cleanup"}
{"level":"info","message":"Removed 0 dangling edges in hasSeen [87 ms])","timestamp":"2026-05-11T08:18:17.132Z","namespace":"db:cleanup"}
{"level":"info","message":"Removed 0 dangling edges in bookmarks [88 ms])","timestamp":"2026-05-11T08:18:17.133Z","namespace":"db:cleanup"}
{"level":"info","message":"Removed 0 dangling edges in reactions [89 ms])","timestamp":"2026-05-11T08:18:17.134Z","namespace":"db:cleanup"}
{"level":"info","message":"Removed 0 dangling edges in postGroups [91 ms])","timestamp":"2026-05-11T08:18:17.136Z","namespace":"db:cleanup"}
{"level":"info","message":"Removed 0 dangling edges in postSeen [92 ms])","timestamp":"2026-05-11T08:18:17.137Z","namespace":"db:cleanup"}
{"level":"info","message":"Removed 0 dangling edges in replyTo [95 ms])","timestamp":"2026-05-11T08:18:17.140Z","namespace":"db:cleanup"}
{"level":"info","message":"Ensuring collections","timestamp":"2026-05-11T08:18:17.140Z","namespace":"allpeep:db"}
{"level":"info","message":"Ensuring collection dataMigrations","timestamp":"2026-05-11T08:18:17.140Z","namespace":"allpeep:db"}
{"level":"info","message":"Ensuring collection i18n","timestamp":"2026-05-11T08:18:17.142Z","namespace":"allpeep:db"}
{"level":"info","message":"Ensuring collection configs","timestamp":"2026-05-11T08:18:17.143Z","namespace":"allpeep:db"}
{"level":"info","message":"Ensuring collection accounts","timestamp":"2026-05-11T08:18:17.144Z","namespace":"allpeep:db"}
{"level":"info","message":"ensuring index unique-emails","timestamp":"2026-05-11T08:18:17.146Z","namespace":"allpeep:db"}
{"level":"info","message":"Ensuring collection profiles","timestamp":"2026-05-11T08:18:17.147Z","namespace":"allpeep:db"}
{"level":"info","message":"ensuring index unique-activityPub-identifiers","timestamp":"2026-05-11T08:18:17.148Z","namespace":"allpeep:db"}
{"level":"info","message":"ensuring index search-profiles","timestamp":"2026-05-11T08:18:17.149Z","namespace":"allpeep:db"}
{"level":"info","message":"Ensuring collection follows","timestamp":"2026-05-11T08:18:17.150Z","namespace":"allpeep:db"}
{"level":"info","message":"ensuring index unique-follows","timestamp":"2026-05-11T08:18:17.151Z","namespace":"allpeep:db"}
{"level":"info","message":"Ensuring collection requestsFollow","timestamp":"2026-05-11T08:18:17.152Z","namespace":"allpeep:db"}
{"level":"info","message":"Ensuring collection controls","timestamp":"2026-05-11T08:18:17.154Z","namespace":"allpeep:db"}
{"level":"info","message":"Ensuring collection posts","timestamp":"2026-05-11T08:18:17.155Z","namespace":"allpeep:db"}
{"level":"info","message":"ensuring index search-posts","timestamp":"2026-05-11T08:18:17.156Z","namespace":"allpeep:db"}
{"level":"info","message":"Ensuring collection mentions","timestamp":"2026-05-11T08:18:17.158Z","namespace":"allpeep:db"}
{"level":"info","message":"Ensuring collection audience","timestamp":"2026-05-11T08:18:17.159Z","namespace":"allpeep:db"}
{"level":"info","message":"Ensuring collection hashtags","timestamp":"2026-05-11T08:18:17.160Z","namespace":"allpeep:db"}
{"level":"info","message":"Ensuring collection postHashtags","timestamp":"2026-05-11T08:18:17.161Z","namespace":"allpeep:db"}
{"level":"info","message":"Ensuring collection reports","timestamp":"2026-05-11T08:18:17.162Z","namespace":"allpeep:db"}
{"level":"info","message":"Ensuring collection createdReport","timestamp":"2026-05-11T08:18:17.164Z","namespace":"allpeep:db"}
{"level":"info","message":"Ensuring collection isReportedProfile","timestamp":"2026-05-11T08:18:17.165Z","namespace":"allpeep:db"}
{"level":"info","message":"Ensuring collection isReportedObject","timestamp":"2026-05-11T08:18:17.166Z","namespace":"allpeep:db"}
{"level":"info","message":"Ensuring collection entries","timestamp":"2026-05-11T08:18:17.167Z","namespace":"allpeep:db"}
{"level":"info","message":"ensuring index search-entries","timestamp":"2026-05-11T08:18:17.168Z","namespace":"allpeep:db"}
{"level":"info","message":"Ensuring collection reactions","timestamp":"2026-05-11T08:18:17.170Z","namespace":"allpeep:db"}
{"level":"info","message":"ensuring index unique-reactions","timestamp":"2026-05-11T08:18:17.171Z","namespace":"allpeep:db"}
{"level":"info","message":"Ensuring collection replyTo","timestamp":"2026-05-11T08:18:17.172Z","namespace":"allpeep:db"}
{"level":"info","message":"ensuring index unique-replies","timestamp":"2026-05-11T08:18:17.174Z","namespace":"allpeep:db"}
{"level":"info","message":"Ensuring collection repost","timestamp":"2026-05-11T08:18:17.174Z","namespace":"allpeep:db"}
{"level":"info","message":"ensuring index unique-reposts","timestamp":"2026-05-11T08:18:17.175Z","namespace":"allpeep:db"}
{"level":"info","message":"Ensuring collection mediaAttachments","timestamp":"2026-05-11T08:18:17.176Z","namespace":"allpeep:db"}
{"level":"info","message":"Ensuring collection roles","timestamp":"2026-05-11T08:18:17.177Z","namespace":"allpeep:db"}
{"level":"info","message":"Ensuring collection accessTokens","timestamp":"2026-05-11T08:18:17.178Z","namespace":"allpeep:db"}
{"level":"info","message":"Ensuring collection profileAccessTokens","timestamp":"2026-05-11T08:18:17.179Z","namespace":"allpeep:db"}
{"level":"info","message":"ensuring index unique-profile-access-tokens","timestamp":"2026-05-11T08:18:17.181Z","namespace":"allpeep:db"}
{"level":"info","message":"Ensuring collection hasRole","timestamp":"2026-05-11T08:18:17.182Z","namespace":"allpeep:db"}
{"level":"info","message":"Ensuring collection notifications","timestamp":"2026-05-11T08:18:17.183Z","namespace":"allpeep:db"}
{"level":"info","message":"Ensuring collection pushSubscriptions","timestamp":"2026-05-11T08:18:17.184Z","namespace":"allpeep:db"}
{"level":"info","message":"Ensuring collection accountToPushSubscription","timestamp":"2026-05-11T08:18:17.185Z","namespace":"allpeep:db"}
{"level":"info","message":"Ensuring collection jamEvents","timestamp":"2026-05-11T08:18:17.186Z","namespace":"allpeep:db"}
{"level":"info","message":"Ensuring collection inviteLinks","timestamp":"2026-05-11T08:18:17.187Z","namespace":"allpeep:db"}
{"level":"info","message":"ensuring index unique-invite-link-slugs","timestamp":"2026-05-11T08:18:17.188Z","namespace":"allpeep:db"}
{"level":"info","message":"Ensuring collection inviteLinkCreators","timestamp":"2026-05-11T08:18:17.189Z","namespace":"allpeep:db"}
{"level":"info","message":"Ensuring collection inviteLinkRedeemers","timestamp":"2026-05-11T08:18:17.190Z","namespace":"allpeep:db"}
{"level":"info","message":"Ensuring collection groups","timestamp":"2026-05-11T08:18:17.191Z","namespace":"allpeep:db"}
{"level":"info","message":"ensuring index unique-group-handles","timestamp":"2026-05-11T08:18:17.192Z","namespace":"allpeep:db"}
{"level":"info","message":"ensuring index search-groups","timestamp":"2026-05-11T08:18:17.193Z","namespace":"allpeep:db"}
{"level":"info","message":"Ensuring collection postGroups","timestamp":"2026-05-11T08:18:17.194Z","namespace":"allpeep:db"}
{"level":"info","message":"Ensuring collection userGroups","timestamp":"2026-05-11T08:18:17.195Z","namespace":"allpeep:db"}
{"level":"info","message":"Ensuring collection hasSeen","timestamp":"2026-05-11T08:18:17.196Z","namespace":"allpeep:db"}
{"level":"info","message":"Ensuring collection hasRead","timestamp":"2026-05-11T08:18:17.198Z","namespace":"allpeep:db"}
{"level":"info","message":"Ensuring collection bookmarks","timestamp":"2026-05-11T08:18:17.199Z","namespace":"allpeep:db"}
{"level":"info","message":"Ensuring collection profileSettings","timestamp":"2026-05-11T08:18:17.200Z","namespace":"allpeep:db"}
{"level":"info","message":"Ensuring collection jamRecordings","timestamp":"2026-05-11T08:18:17.201Z","namespace":"allpeep:db"}
{"level":"info","message":"Ensuring views","timestamp":"2026-05-11T08:18:17.202Z","namespace":"allpeep:db"}
{"level":"info","message":"Ensuring view postSearch","timestamp":"2026-05-11T08:18:17.202Z","namespace":"allpeep:db"}
{"level":"info","message":"Ensuring view groupSearch","timestamp":"2026-05-11T08:18:17.203Z","namespace":"allpeep:db"}
{"level":"info","message":"Ensuring view profileSearch","timestamp":"2026-05-11T08:18:17.204Z","namespace":"allpeep:db"}
{"level":"info","message":"Server initialized.","timestamp":"2026-05-11T08:18:17.223Z","namespace":"server:init"}
{"level":"info","message":"Server listening on http://localhost:5173","timestamp":"2026-05-11T08:18:17.235Z","namespace":"server"}
{"level":"info","message":"Loaded 155 route module(s).","timestamp":"2026-05-11T08:18:17.224Z","namespace":"server"}
{"level":"info","message":"GET    | 200 | /api/openpeeps/core/v1/server/info | 26ms","timestamp":"2026-05-11T08:18:27.603Z","namespace":"server:request"}
{"level":"info","message":"Checking ArangoDB availability at http://localhost:8529 (try 1)","timestamp":"2026-05-11T08:19:37.893Z","namespace":"allpeep:db"}
{"level":"info","message":"ArangoDB is available at http://localhost:8529","timestamp":"2026-05-11T08:19:37.906Z","namespace":"allpeep:db"}
{"level":"info","message":"Ensuring function CHECK_CAPABILITIES","timestamp":"2026-05-11T08:19:37.906Z","namespace":"allpeep:db"}
{"level":"info","message":"Using default database","timestamp":"2026-05-11T08:19:37.906Z","namespace":"allpeep:db"}
{"level":"info","message":"Ensuring functions","timestamp":"2026-05-11T08:19:37.906Z","namespace":"allpeep:db"}
{"level":"info","message":"Ensuring function MERGE_CAPABILITIES","timestamp":"2026-05-11T08:19:37.908Z","namespace":"allpeep:db"}
{"level":"info","message":"Skipping data migration Add note type to create entries (018fa9a0-ae6a-79e5-a529-6d13f335dbc4).","timestamp":"2026-05-11T08:19:37.927Z","namespace":"db:dataMigrations"}
{"level":"info","message":"Skipping data migration Replace actor with profile in follows collection (019131ae-e429-7d15-bd25-6ed89b04952d).","timestamp":"2026-05-11T08:19:37.928Z","namespace":"db:dataMigrations"}
{"level":"info","message":"Skipping data migration Replace actor with profile in entries collection (0191942c-3931-779c-9d40-74be98aa4220).","timestamp":"2026-05-11T08:19:37.929Z","namespace":"db:dataMigrations"}
{"level":"info","message":"Skipping data migration Replace actor with profile in hasRole collection (0191942c-8280-76d1-a7a1-8caa454ea5ab).","timestamp":"2026-05-11T08:19:37.931Z","namespace":"db:dataMigrations"}
{"level":"info","message":"Skipping data migration Replace actor with profile in mentions collection (0191942c-a90e-71e6-846f-7dc882c8c00b).","timestamp":"2026-05-11T08:19:37.933Z","namespace":"db:dataMigrations"}
{"level":"info","message":"Skipping data migration Replace actor with profile in reactions collection (0191942c-e79f-7bb4-9e28-59a30519225d).","timestamp":"2026-05-11T08:19:37.935Z","namespace":"db:dataMigrations"}
{"level":"info","message":"Skipping data migration Replace actor with profile in controls collection (0191942c-e79f-7bb4-9e28-59a30519225e).","timestamp":"2026-05-11T08:19:37.937Z","namespace":"db:dataMigrations"}
{"level":"info","message":"Skipping data migration Rename actor collection to profiles (0191942f-4766-7d9c-b71f-5497a39ae774).","timestamp":"2026-05-11T08:19:37.939Z","namespace":"db:dataMigrations"}
{"level":"info","message":"Skipping data migration Remove logs collection (0191e638-ed19-721f-9aed-429714253ead).","timestamp":"2026-05-11T08:19:37.940Z","namespace":"db:dataMigrations"}
{"level":"info","message":"Skipping data migration Rename user collection to account (01920f6b-ebf7-719b-8da4-d99e4b082486).","timestamp":"2026-05-11T08:19:37.941Z","namespace":"db:dataMigrations"}
{"level":"info","message":"Skipping data migration Rename userToPushSubscription collection to accountToPushSubscription (01920f58-dcc7-7b86-b0fc-03e7536aae93).","timestamp":"2026-05-11T08:19:37.943Z","namespace":"db:dataMigrations"}
{"level":"info","message":"Skipping data migration Replace user with account in controls collection (0192057e-f212-76b1-9e54-b5518c2927c7).","timestamp":"2026-05-11T08:19:37.944Z","namespace":"db:dataMigrations"}
{"level":"info","message":"Skipping data migration Replace user with account in accountToPushSubscription collection (01920a04-a3f5-7b10-8a31-c55dfae82c6d).","timestamp":"2026-05-11T08:19:37.946Z","namespace":"db:dataMigrations"}
{"level":"info","message":"Skipping data migration Deleting index on username (01920f80-0d50-7dee-a6cc-c78dc5200c32).","timestamp":"2026-05-11T08:19:37.947Z","namespace":"db:dataMigrations"}
{"level":"info","message":"Skipping data migration Renaming username to handle (01920fb5-1afb-70e4-9f8a-f47b6b49918b).","timestamp":"2026-05-11T08:19:37.949Z","namespace":"db:dataMigrations"}
{"level":"info","message":"Skipping data migration Fixing jam events (01927134-8082-727f-9df0-1c152a020e33).","timestamp":"2026-05-11T08:19:37.950Z","namespace":"db:dataMigrations"}
{"level":"info","message":"Skipping data migration Fixing notifications (01927158-191a-7ca9-bbd3-0c6cfe505731).","timestamp":"2026-05-11T08:19:37.952Z","namespace":"db:dataMigrations"}
{"level":"info","message":"Skipping data migration Fixing jam events again (0192900c-5b17-7dd8-8afd-d6c6c160ad8e).","timestamp":"2026-05-11T08:19:37.954Z","namespace":"db:dataMigrations"}
{"level":"info","message":"Skipping data migration Fixing notification type (0194d539-06ac-750c-9577-e982464575ae).","timestamp":"2026-05-11T08:19:37.956Z","namespace":"db:dataMigrations"}
{"level":"info","message":"Skipping data migration Copy mentions content to audience for direct messages only (0194f5d4-e347-7c4c-b26c-ec712812ae74).","timestamp":"2026-05-11T08:19:37.957Z","namespace":"db:dataMigrations"}
{"level":"info","message":"Skipping data migration Generate and set createdAt and updatedAt entries for mentions (0194fc1f-13ea-72f7-8954-0609b77af91e).","timestamp":"2026-05-11T08:19:37.959Z","namespace":"db:dataMigrations"}
{"level":"info","message":"Skipping data migration Convert jams to events and remove jams collection (0196795d-274b-7c51-9095-95880f9e815e).","timestamp":"2026-05-11T08:19:37.962Z","namespace":"db:dataMigrations"}
{"level":"info","message":"Skipping data migration Fix malformed hashtags created by old regex pattern (01a19837-edf6-43db-8953-6c19ecaab122).","timestamp":"2026-05-11T08:19:37.963Z","namespace":"db:dataMigrations"}
{"level":"info","message":"Skipping data migration Adding type on existing push subcriptions (01976851-be8c-7115-a82a-27c540d5320a).","timestamp":"2026-05-11T08:19:37.965Z","namespace":"db:dataMigrations"}
{"level":"info","message":"Skipping data migration Add data to post (019802f2-b27a-72c3-9ca1-fc344b72b66b).","timestamp":"2026-05-11T08:19:37.967Z","namespace":"db:dataMigrations"}
{"level":"info","message":"Skipping data migration Setting profiles without type to \"local\" (01988a61-aa54-7b47-abc8-f0e63bf5fdd6).","timestamp":"2026-05-11T08:19:37.968Z","namespace":"db:dataMigrations"}
{"level":"info","message":"Skipping data migration Update group memeberships from capabilities to roles (019898f2-c539-7cfb-ba41-cf58f952dd62).","timestamp":"2026-05-11T08:19:37.970Z","namespace":"db:dataMigrations"}
{"level":"info","message":"Skipping data migration Update group capabilities (01989922-a9a0-7aae-8b9e-6416ed9c67b7).","timestamp":"2026-05-11T08:19:37.971Z","namespace":"db:dataMigrations"}
{"level":"info","message":"Skipping data migration Update jam events (0198a7fc-72d1-7a2f-8c15-7d1bd0f0d109).","timestamp":"2026-05-11T08:19:37.973Z","namespace":"db:dataMigrations"}
{"level":"info","message":"Skipping data migration Refactor theme for allpeep-community config to light/dark structure (8bdf3512-0649-48c8-a9af-b6bfd1f86f1a).","timestamp":"2026-05-11T08:19:37.974Z","namespace":"db:dataMigrations"}
{"level":"info","message":"Skipping data migration Add creator ids to posts for easier filtering (0199c52d-2bf0-74e8-9a2f-ff65fd5b7b6a).","timestamp":"2026-05-11T08:19:37.976Z","namespace":"db:dataMigrations"}
{"level":"info","message":"Skipping data migration Remove jam messages left without profileId because of a bad migration (0199ec4e-aed3-787c-a180-9aed9166a882).","timestamp":"2026-05-11T08:19:37.977Z","namespace":"db:dataMigrations"}
{"level":"info","message":"Skipping data migration Make current users members so they can keep posting (019a2b1f-b21c-7f69-8b24-e186bb59c6b5).","timestamp":"2026-05-11T08:19:37.978Z","namespace":"db:dataMigrations"}
{"level":"info","message":"Skipping data migration Create default profile configs for existing profiles (b1f4c3d2-5e6f-4a7b-8c9d-0e1f2a3b4c5d).","timestamp":"2026-05-11T08:19:37.980Z","namespace":"db:dataMigrations"}
{"level":"info","message":"Skipping data migration Delete guest reports and their reportedProfile edges (41c542ad-1dd5-4407-bac5-dfe2aa83edcf).","timestamp":"2026-05-11T08:19:37.981Z","namespace":"db:dataMigrations"}
{"level":"info","message":"Skipping data migration Deleting Duplicate Group Memberships (bed1669c-8487-4ab9-ba23-8aec8b6e215d).","timestamp":"2026-05-11T08:19:37.983Z","namespace":"db:dataMigrations"}
{"level":"info","message":"Skipping data migration Add reply, RSVP, and vote post capabilities for group members (019c98bd-56bf-7326-a4ea-45fd4fcd2309).","timestamp":"2026-05-11T08:19:37.984Z","namespace":"db:dataMigrations"}
{"level":"info","message":"Skipping data migration Removing all deleted accounts, their push subscriptions, and connecting edges (65c54e29-c0f7-4336-8dbb-c250d8f6c5d5).","timestamp":"2026-05-11T08:19:37.986Z","namespace":"db:dataMigrations"}
{"level":"info","message":"Skipping data migration Rename configuration document keys from allpeep-* to openpeeps-* (a1b2c3d4-e5f6-4a7b-8c9d-0e1f2a3b4c5d).","timestamp":"2026-05-11T08:19:37.988Z","namespace":"db:dataMigrations"}
{"level":"info","message":"Cleaning up dangling edges...","timestamp":"2026-05-11T08:19:37.988Z","namespace":"db:cleanup"}
{"level":"info","message":"Removed 0 dangling edges in accountToPushSubscription [38 ms])","timestamp":"2026-05-11T08:19:38.026Z","namespace":"db:cleanup"}
{"level":"info","message":"Removed 0 dangling edges in createdReport [40 ms])","timestamp":"2026-05-11T08:19:38.028Z","namespace":"db:cleanup"}
{"level":"info","message":"Removed 0 dangling edges in controls [44 ms])","timestamp":"2026-05-11T08:19:38.032Z","namespace":"db:cleanup"}
{"level":"info","message":"Removed 0 dangling edges in userGroups [46 ms])","timestamp":"2026-05-11T08:19:38.034Z","namespace":"db:cleanup"}
{"level":"info","message":"Removed 0 dangling edges in follows [48 ms])","timestamp":"2026-05-11T08:19:38.036Z","namespace":"db:cleanup"}
{"level":"info","message":"Removed 0 dangling edges in entries [58 ms])","timestamp":"2026-05-11T08:19:38.046Z","namespace":"db:cleanup"}
{"level":"info","message":"Removed 0 dangling edges in repost [60 ms])","timestamp":"2026-05-11T08:19:38.048Z","namespace":"db:cleanup"}
{"level":"info","message":"Removed 0 dangling edges in profileAccessTokens [61 ms])","timestamp":"2026-05-11T08:19:38.049Z","namespace":"db:cleanup"}
{"level":"info","message":"Removed 0 dangling edges in hasRead [62 ms])","timestamp":"2026-05-11T08:19:38.050Z","namespace":"db:cleanup"}
{"level":"info","message":"Removed 0 dangling edges in hasRole [67 ms])","timestamp":"2026-05-11T08:19:38.055Z","namespace":"db:cleanup"}
{"level":"info","message":"Removed 0 dangling edges in requestsFollow [68 ms])","timestamp":"2026-05-11T08:19:38.056Z","namespace":"db:cleanup"}
{"level":"info","message":"Removed 0 dangling edges in isReportedObject [70 ms])","timestamp":"2026-05-11T08:19:38.058Z","namespace":"db:cleanup"}
{"level":"info","message":"Removed 0 dangling edges in postHashtags [71 ms])","timestamp":"2026-05-11T08:19:38.059Z","namespace":"db:cleanup"}
{"level":"info","message":"Removed 0 dangling edges in audience [77 ms])","timestamp":"2026-05-11T08:19:38.065Z","namespace":"db:cleanup"}
{"level":"info","message":"Removed 0 dangling edges in isReportedProfile [79 ms])","timestamp":"2026-05-11T08:19:38.067Z","namespace":"db:cleanup"}
{"level":"info","message":"Removed 0 dangling edges in mentions [80 ms])","timestamp":"2026-05-11T08:19:38.068Z","namespace":"db:cleanup"}
{"level":"info","message":"Removed 0 dangling edges in inviteLinkCreators [81 ms])","timestamp":"2026-05-11T08:19:38.069Z","namespace":"db:cleanup"}
{"level":"info","message":"Removed 0 dangling edges in inviteLinkRedeemers [82 ms])","timestamp":"2026-05-11T08:19:38.070Z","namespace":"db:cleanup"}
{"level":"info","message":"Removed 0 dangling edges in jamRecordings [83 ms])","timestamp":"2026-05-11T08:19:38.071Z","namespace":"db:cleanup"}
{"level":"info","message":"Removed 0 dangling edges in hasSeen [84 ms])","timestamp":"2026-05-11T08:19:38.072Z","namespace":"db:cleanup"}
{"level":"info","message":"Removed 0 dangling edges in bookmarks [85 ms])","timestamp":"2026-05-11T08:19:38.073Z","namespace":"db:cleanup"}
{"level":"info","message":"Removed 0 dangling edges in reactions [87 ms])","timestamp":"2026-05-11T08:19:38.075Z","namespace":"db:cleanup"}
{"level":"info","message":"Removed 0 dangling edges in postGroups [88 ms])","timestamp":"2026-05-11T08:19:38.076Z","namespace":"db:cleanup"}
{"level":"info","message":"Removed 0 dangling edges in postSeen [89 ms])","timestamp":"2026-05-11T08:19:38.077Z","namespace":"db:cleanup"}
{"level":"info","message":"Removed 0 dangling edges in replyTo [92 ms])","timestamp":"2026-05-11T08:19:38.080Z","namespace":"db:cleanup"}
{"level":"info","message":"Ensuring collections","timestamp":"2026-05-11T08:19:38.080Z","namespace":"allpeep:db"}
{"level":"info","message":"Ensuring collection dataMigrations","timestamp":"2026-05-11T08:19:38.080Z","namespace":"allpeep:db"}
{"level":"info","message":"Ensuring collection i18n","timestamp":"2026-05-11T08:19:38.082Z","namespace":"allpeep:db"}
{"level":"info","message":"Ensuring collection configs","timestamp":"2026-05-11T08:19:38.084Z","namespace":"allpeep:db"}
{"level":"info","message":"Ensuring collection accounts","timestamp":"2026-05-11T08:19:38.085Z","namespace":"allpeep:db"}
{"level":"info","message":"ensuring index unique-emails","timestamp":"2026-05-11T08:19:38.086Z","namespace":"allpeep:db"}
{"level":"info","message":"Ensuring collection profiles","timestamp":"2026-05-11T08:19:38.087Z","namespace":"allpeep:db"}
{"level":"info","message":"ensuring index unique-activityPub-identifiers","timestamp":"2026-05-11T08:19:38.090Z","namespace":"allpeep:db"}
{"level":"info","message":"ensuring index search-profiles","timestamp":"2026-05-11T08:19:38.091Z","namespace":"allpeep:db"}
{"level":"info","message":"Ensuring collection follows","timestamp":"2026-05-11T08:19:38.092Z","namespace":"allpeep:db"}
{"level":"info","message":"ensuring index unique-follows","timestamp":"2026-05-11T08:19:38.094Z","namespace":"allpeep:db"}
{"level":"info","message":"Ensuring collection requestsFollow","timestamp":"2026-05-11T08:19:38.095Z","namespace":"allpeep:db"}
{"level":"info","message":"Ensuring collection controls","timestamp":"2026-05-11T08:19:38.097Z","namespace":"allpeep:db"}
{"level":"info","message":"Ensuring collection posts","timestamp":"2026-05-11T08:19:38.099Z","namespace":"allpeep:db"}
{"level":"info","message":"ensuring index search-posts","timestamp":"2026-05-11T08:19:38.100Z","namespace":"allpeep:db"}
{"level":"info","message":"Ensuring collection mentions","timestamp":"2026-05-11T08:19:38.102Z","namespace":"allpeep:db"}
{"level":"info","message":"Ensuring collection audience","timestamp":"2026-05-11T08:19:38.103Z","namespace":"allpeep:db"}
{"level":"info","message":"Ensuring collection hashtags","timestamp":"2026-05-11T08:19:38.104Z","namespace":"allpeep:db"}
{"level":"info","message":"Ensuring collection postHashtags","timestamp":"2026-05-11T08:19:38.106Z","namespace":"allpeep:db"}
{"level":"info","message":"Ensuring collection reports","timestamp":"2026-05-11T08:19:38.107Z","namespace":"allpeep:db"}
{"level":"info","message":"Ensuring collection createdReport","timestamp":"2026-05-11T08:19:38.109Z","namespace":"allpeep:db"}
{"level":"info","message":"Ensuring collection isReportedProfile","timestamp":"2026-05-11T08:19:38.110Z","namespace":"allpeep:db"}
{"level":"info","message":"Ensuring collection isReportedObject","timestamp":"2026-05-11T08:19:38.111Z","namespace":"allpeep:db"}
{"level":"info","message":"Ensuring collection entries","timestamp":"2026-05-11T08:19:38.112Z","namespace":"allpeep:db"}
{"level":"info","message":"ensuring index search-entries","timestamp":"2026-05-11T08:19:38.114Z","namespace":"allpeep:db"}
{"level":"info","message":"Ensuring collection reactions","timestamp":"2026-05-11T08:19:38.115Z","namespace":"allpeep:db"}
{"level":"info","message":"ensuring index unique-reactions","timestamp":"2026-05-11T08:19:38.116Z","namespace":"allpeep:db"}
{"level":"info","message":"Ensuring collection replyTo","timestamp":"2026-05-11T08:19:38.117Z","namespace":"allpeep:db"}
{"level":"info","message":"ensuring index unique-replies","timestamp":"2026-05-11T08:19:38.118Z","namespace":"allpeep:db"}
{"level":"info","message":"Ensuring collection repost","timestamp":"2026-05-11T08:19:38.119Z","namespace":"allpeep:db"}
{"level":"info","message":"ensuring index unique-reposts","timestamp":"2026-05-11T08:19:38.120Z","namespace":"allpeep:db"}
{"level":"info","message":"Ensuring collection mediaAttachments","timestamp":"2026-05-11T08:19:38.121Z","namespace":"allpeep:db"}
{"level":"info","message":"Ensuring collection roles","timestamp":"2026-05-11T08:19:38.123Z","namespace":"allpeep:db"}
{"level":"info","message":"Ensuring collection accessTokens","timestamp":"2026-05-11T08:19:38.125Z","namespace":"allpeep:db"}
{"level":"info","message":"Ensuring collection profileAccessTokens","timestamp":"2026-05-11T08:19:38.126Z","namespace":"allpeep:db"}
{"level":"info","message":"ensuring index unique-profile-access-tokens","timestamp":"2026-05-11T08:19:38.128Z","namespace":"allpeep:db"}
{"level":"info","message":"Ensuring collection hasRole","timestamp":"2026-05-11T08:19:38.129Z","namespace":"allpeep:db"}
{"level":"info","message":"Ensuring collection notifications","timestamp":"2026-05-11T08:19:38.130Z","namespace":"allpeep:db"}
{"level":"info","message":"Ensuring collection pushSubscriptions","timestamp":"2026-05-11T08:19:38.131Z","namespace":"allpeep:db"}
{"level":"info","message":"Ensuring collection accountToPushSubscription","timestamp":"2026-05-11T08:19:38.133Z","namespace":"allpeep:db"}
{"level":"info","message":"Ensuring collection jamEvents","timestamp":"2026-05-11T08:19:38.134Z","namespace":"allpeep:db"}
{"level":"info","message":"Ensuring collection inviteLinks","timestamp":"2026-05-11T08:19:38.136Z","namespace":"allpeep:db"}
{"level":"info","message":"ensuring index unique-invite-link-slugs","timestamp":"2026-05-11T08:19:38.137Z","namespace":"allpeep:db"}
{"level":"info","message":"Ensuring collection inviteLinkCreators","timestamp":"2026-05-11T08:19:38.138Z","namespace":"allpeep:db"}
{"level":"info","message":"Ensuring collection inviteLinkRedeemers","timestamp":"2026-05-11T08:19:38.139Z","namespace":"allpeep:db"}
{"level":"info","message":"Ensuring collection groups","timestamp":"2026-05-11T08:19:38.140Z","namespace":"allpeep:db"}
{"level":"info","message":"ensuring index unique-group-handles","timestamp":"2026-05-11T08:19:38.142Z","namespace":"allpeep:db"}
{"level":"info","message":"ensuring index search-groups","timestamp":"2026-05-11T08:19:38.143Z","namespace":"allpeep:db"}
{"level":"info","message":"Ensuring collection postGroups","timestamp":"2026-05-11T08:19:38.144Z","namespace":"allpeep:db"}
{"level":"info","message":"Ensuring collection userGroups","timestamp":"2026-05-11T08:19:38.145Z","namespace":"allpeep:db"}
{"level":"info","message":"Ensuring collection hasSeen","timestamp":"2026-05-11T08:19:38.146Z","namespace":"allpeep:db"}
{"level":"info","message":"Ensuring collection hasRead","timestamp":"2026-05-11T08:19:38.147Z","namespace":"allpeep:db"}
{"level":"info","message":"Ensuring collection bookmarks","timestamp":"2026-05-11T08:19:38.149Z","namespace":"allpeep:db"}
{"level":"info","message":"Ensuring collection profileSettings","timestamp":"2026-05-11T08:19:38.150Z","namespace":"allpeep:db"}
{"level":"info","message":"Ensuring collection jamRecordings","timestamp":"2026-05-11T08:19:38.151Z","namespace":"allpeep:db"}
{"level":"info","message":"Ensuring views","timestamp":"2026-05-11T08:19:38.152Z","namespace":"allpeep:db"}
{"level":"info","message":"Ensuring view postSearch","timestamp":"2026-05-11T08:19:38.153Z","namespace":"allpeep:db"}
{"level":"info","message":"Ensuring view groupSearch","timestamp":"2026-05-11T08:19:38.154Z","namespace":"allpeep:db"}
{"level":"info","message":"Ensuring view profileSearch","timestamp":"2026-05-11T08:19:38.155Z","namespace":"allpeep:db"}
{"level":"info","message":"Server initialized.","timestamp":"2026-05-11T08:19:38.175Z","namespace":"server:init"}
{"level":"info","message":"Server listening on http://localhost:5173","timestamp":"2026-05-11T08:19:38.186Z","namespace":"server"}
{"level":"info","message":"Loaded 155 route module(s).","timestamp":"2026-05-11T08:19:38.177Z","namespace":"server"}
{"level":"info","message":"Checking ArangoDB availability at http://localhost:8529 (try 1)","timestamp":"2026-05-11T08:20:04.455Z","namespace":"allpeep:db"}
{"level":"info","message":"ArangoDB is available at http://localhost:8529","timestamp":"2026-05-11T08:20:04.468Z","namespace":"allpeep:db"}
{"level":"info","message":"Ensuring function MERGE_CAPABILITIES","timestamp":"2026-05-11T08:20:04.470Z","namespace":"allpeep:db"}
{"level":"info","message":"Ensuring function CHECK_CAPABILITIES","timestamp":"2026-05-11T08:20:04.468Z","namespace":"allpeep:db"}
{"level":"info","message":"Using default database","timestamp":"2026-05-11T08:20:04.468Z","namespace":"allpeep:db"}
{"level":"info","message":"Ensuring functions","timestamp":"2026-05-11T08:20:04.468Z","namespace":"allpeep:db"}
{"level":"info","message":"Skipping data migration Add note type to create entries (018fa9a0-ae6a-79e5-a529-6d13f335dbc4).","timestamp":"2026-05-11T08:20:04.485Z","namespace":"db:dataMigrations"}
{"level":"info","message":"Skipping data migration Replace actor with profile in follows collection (019131ae-e429-7d15-bd25-6ed89b04952d).","timestamp":"2026-05-11T08:20:04.486Z","namespace":"db:dataMigrations"}
{"level":"info","message":"Skipping data migration Replace actor with profile in entries collection (0191942c-3931-779c-9d40-74be98aa4220).","timestamp":"2026-05-11T08:20:04.490Z","namespace":"db:dataMigrations"}
{"level":"info","message":"Skipping data migration Replace actor with profile in hasRole collection (0191942c-8280-76d1-a7a1-8caa454ea5ab).","timestamp":"2026-05-11T08:20:04.492Z","namespace":"db:dataMigrations"}
{"level":"info","message":"Skipping data migration Replace actor with profile in mentions collection (0191942c-a90e-71e6-846f-7dc882c8c00b).","timestamp":"2026-05-11T08:20:04.495Z","namespace":"db:dataMigrations"}
{"level":"info","message":"Skipping data migration Replace actor with profile in reactions collection (0191942c-e79f-7bb4-9e28-59a30519225d).","timestamp":"2026-05-11T08:20:04.497Z","namespace":"db:dataMigrations"}
{"level":"info","message":"Skipping data migration Replace actor with profile in controls collection (0191942c-e79f-7bb4-9e28-59a30519225e).","timestamp":"2026-05-11T08:20:04.499Z","namespace":"db:dataMigrations"}
{"level":"info","message":"Skipping data migration Rename actor collection to profiles (0191942f-4766-7d9c-b71f-5497a39ae774).","timestamp":"2026-05-11T08:20:04.501Z","namespace":"db:dataMigrations"}
{"level":"info","message":"Skipping data migration Remove logs collection (0191e638-ed19-721f-9aed-429714253ead).","timestamp":"2026-05-11T08:20:04.503Z","namespace":"db:dataMigrations"}
{"level":"info","message":"Skipping data migration Rename user collection to account (01920f6b-ebf7-719b-8da4-d99e4b082486).","timestamp":"2026-05-11T08:20:04.505Z","namespace":"db:dataMigrations"}
{"level":"info","message":"Skipping data migration Rename userToPushSubscription collection to accountToPushSubscription (01920f58-dcc7-7b86-b0fc-03e7536aae93).","timestamp":"2026-05-11T08:20:04.507Z","namespace":"db:dataMigrations"}
{"level":"info","message":"Skipping data migration Replace user with account in controls collection (0192057e-f212-76b1-9e54-b5518c2927c7).","timestamp":"2026-05-11T08:20:04.509Z","namespace":"db:dataMigrations"}
{"level":"info","message":"Skipping data migration Replace user with account in accountToPushSubscription collection (01920a04-a3f5-7b10-8a31-c55dfae82c6d).","timestamp":"2026-05-11T08:20:04.510Z","namespace":"db:dataMigrations"}
{"level":"info","message":"Skipping data migration Deleting index on username (01920f80-0d50-7dee-a6cc-c78dc5200c32).","timestamp":"2026-05-11T08:20:04.512Z","namespace":"db:dataMigrations"}
{"level":"info","message":"Skipping data migration Renaming username to handle (01920fb5-1afb-70e4-9f8a-f47b6b49918b).","timestamp":"2026-05-11T08:20:04.513Z","namespace":"db:dataMigrations"}
{"level":"info","message":"Skipping data migration Fixing jam events (01927134-8082-727f-9df0-1c152a020e33).","timestamp":"2026-05-11T08:20:04.515Z","namespace":"db:dataMigrations"}
{"level":"info","message":"Skipping data migration Fixing notifications (01927158-191a-7ca9-bbd3-0c6cfe505731).","timestamp":"2026-05-11T08:20:04.517Z","namespace":"db:dataMigrations"}
{"level":"info","message":"Skipping data migration Fixing jam events again (0192900c-5b17-7dd8-8afd-d6c6c160ad8e).","timestamp":"2026-05-11T08:20:04.518Z","namespace":"db:dataMigrations"}
{"level":"info","message":"Skipping data migration Fixing notification type (0194d539-06ac-750c-9577-e982464575ae).","timestamp":"2026-05-11T08:20:04.519Z","namespace":"db:dataMigrations"}
{"level":"info","message":"Skipping data migration Copy mentions content to audience for direct messages only (0194f5d4-e347-7c4c-b26c-ec712812ae74).","timestamp":"2026-05-11T08:20:04.521Z","namespace":"db:dataMigrations"}
{"level":"info","message":"Skipping data migration Generate and set createdAt and updatedAt entries for mentions (0194fc1f-13ea-72f7-8954-0609b77af91e).","timestamp":"2026-05-11T08:20:04.522Z","namespace":"db:dataMigrations"}
{"level":"info","message":"Skipping data migration Convert jams to events and remove jams collection (0196795d-274b-7c51-9095-95880f9e815e).","timestamp":"2026-05-11T08:20:04.524Z","namespace":"db:dataMigrations"}
{"level":"info","message":"Skipping data migration Fix malformed hashtags created by old regex pattern (01a19837-edf6-43db-8953-6c19ecaab122).","timestamp":"2026-05-11T08:20:04.525Z","namespace":"db:dataMigrations"}
{"level":"info","message":"Skipping data migration Adding type on existing push subcriptions (01976851-be8c-7115-a82a-27c540d5320a).","timestamp":"2026-05-11T08:20:04.526Z","namespace":"db:dataMigrations"}
{"level":"info","message":"Skipping data migration Add data to post (019802f2-b27a-72c3-9ca1-fc344b72b66b).","timestamp":"2026-05-11T08:20:04.527Z","namespace":"db:dataMigrations"}
{"level":"info","message":"Skipping data migration Setting profiles without type to \"local\" (01988a61-aa54-7b47-abc8-f0e63bf5fdd6).","timestamp":"2026-05-11T08:20:04.529Z","namespace":"db:dataMigrations"}
{"level":"info","message":"Skipping data migration Update group memeberships from capabilities to roles (019898f2-c539-7cfb-ba41-cf58f952dd62).","timestamp":"2026-05-11T08:20:04.530Z","namespace":"db:dataMigrations"}
{"level":"info","message":"Skipping data migration Update group capabilities (01989922-a9a0-7aae-8b9e-6416ed9c67b7).","timestamp":"2026-05-11T08:20:04.531Z","namespace":"db:dataMigrations"}
{"level":"info","message":"Skipping data migration Update jam events (0198a7fc-72d1-7a2f-8c15-7d1bd0f0d109).","timestamp":"2026-05-11T08:20:04.533Z","namespace":"db:dataMigrations"}
{"level":"info","message":"Skipping data migration Refactor theme for allpeep-community config to light/dark structure (8bdf3512-0649-48c8-a9af-b6bfd1f86f1a).","timestamp":"2026-05-11T08:20:04.534Z","namespace":"db:dataMigrations"}
{"level":"info","message":"Skipping data migration Add creator ids to posts for easier filtering (0199c52d-2bf0-74e8-9a2f-ff65fd5b7b6a).","timestamp":"2026-05-11T08:20:04.536Z","namespace":"db:dataMigrations"}
{"level":"info","message":"Skipping data migration Remove jam messages left without profileId because of a bad migration (0199ec4e-aed3-787c-a180-9aed9166a882).","timestamp":"2026-05-11T08:20:04.539Z","namespace":"db:dataMigrations"}
{"level":"info","message":"Skipping data migration Make current users members so they can keep posting (019a2b1f-b21c-7f69-8b24-e186bb59c6b5).","timestamp":"2026-05-11T08:20:04.540Z","namespace":"db:dataMigrations"}
{"level":"info","message":"Skipping data migration Create default profile configs for existing profiles (b1f4c3d2-5e6f-4a7b-8c9d-0e1f2a3b4c5d).","timestamp":"2026-05-11T08:20:04.542Z","namespace":"db:dataMigrations"}
{"level":"info","message":"Skipping data migration Delete guest reports and their reportedProfile edges (41c542ad-1dd5-4407-bac5-dfe2aa83edcf).","timestamp":"2026-05-11T08:20:04.543Z","namespace":"db:dataMigrations"}
{"level":"info","message":"Skipping data migration Deleting Duplicate Group Memberships (bed1669c-8487-4ab9-ba23-8aec8b6e215d).","timestamp":"2026-05-11T08:20:04.545Z","namespace":"db:dataMigrations"}
{"level":"info","message":"Skipping data migration Add reply, RSVP, and vote post capabilities for group members (019c98bd-56bf-7326-a4ea-45fd4fcd2309).","timestamp":"2026-05-11T08:20:04.547Z","namespace":"db:dataMigrations"}
{"level":"info","message":"Skipping data migration Removing all deleted accounts, their push subscriptions, and connecting edges (65c54e29-c0f7-4336-8dbb-c250d8f6c5d5).","timestamp":"2026-05-11T08:20:04.549Z","namespace":"db:dataMigrations"}
{"level":"info","message":"Skipping data migration Rename configuration document keys from allpeep-* to openpeeps-* (a1b2c3d4-e5f6-4a7b-8c9d-0e1f2a3b4c5d).","timestamp":"2026-05-11T08:20:04.551Z","namespace":"db:dataMigrations"}
{"level":"info","message":"Cleaning up dangling edges...","timestamp":"2026-05-11T08:20:04.551Z","namespace":"db:cleanup"}
{"level":"info","message":"Removed 0 dangling edges in accountToPushSubscription [43 ms])","timestamp":"2026-05-11T08:20:04.594Z","namespace":"db:cleanup"}
{"level":"info","message":"Removed 0 dangling edges in createdReport [46 ms])","timestamp":"2026-05-11T08:20:04.597Z","namespace":"db:cleanup"}
{"level":"info","message":"Removed 0 dangling edges in controls [48 ms])","timestamp":"2026-05-11T08:20:04.599Z","namespace":"db:cleanup"}
{"level":"info","message":"Removed 0 dangling edges in userGroups [50 ms])","timestamp":"2026-05-11T08:20:04.601Z","namespace":"db:cleanup"}
{"level":"info","message":"Removed 0 dangling edges in follows [52 ms])","timestamp":"2026-05-11T08:20:04.603Z","namespace":"db:cleanup"}
{"level":"info","message":"Removed 0 dangling edges in entries [62 ms])","timestamp":"2026-05-11T08:20:04.613Z","namespace":"db:cleanup"}
{"level":"info","message":"Removed 0 dangling edges in repost [65 ms])","timestamp":"2026-05-11T08:20:04.616Z","namespace":"db:cleanup"}
{"level":"info","message":"Removed 0 dangling edges in profileAccessTokens [66 ms])","timestamp":"2026-05-11T08:20:04.617Z","namespace":"db:cleanup"}
{"level":"info","message":"Removed 0 dangling edges in hasRead [66 ms])","timestamp":"2026-05-11T08:20:04.617Z","namespace":"db:cleanup"}
{"level":"info","message":"Removed 0 dangling edges in hasRole [71 ms])","timestamp":"2026-05-11T08:20:04.622Z","namespace":"db:cleanup"}
{"level":"info","message":"Removed 0 dangling edges in requestsFollow [72 ms])","timestamp":"2026-05-11T08:20:04.623Z","namespace":"db:cleanup"}
{"level":"info","message":"Removed 0 dangling edges in isReportedObject [73 ms])","timestamp":"2026-05-11T08:20:04.624Z","namespace":"db:cleanup"}
{"level":"info","message":"Removed 0 dangling edges in postHashtags [75 ms])","timestamp":"2026-05-11T08:20:04.626Z","namespace":"db:cleanup"}
{"level":"info","message":"Removed 0 dangling edges in audience [81 ms])","timestamp":"2026-05-11T08:20:04.632Z","namespace":"db:cleanup"}
{"level":"info","message":"Removed 0 dangling edges in isReportedProfile [82 ms])","timestamp":"2026-05-11T08:20:04.633Z","namespace":"db:cleanup"}
{"level":"info","message":"Removed 0 dangling edges in mentions [83 ms])","timestamp":"2026-05-11T08:20:04.634Z","namespace":"db:cleanup"}
{"level":"info","message":"Removed 0 dangling edges in inviteLinkCreators [84 ms])","timestamp":"2026-05-11T08:20:04.635Z","namespace":"db:cleanup"}
{"level":"info","message":"Removed 0 dangling edges in inviteLinkRedeemers [85 ms])","timestamp":"2026-05-11T08:20:04.636Z","namespace":"db:cleanup"}
{"level":"info","message":"Removed 0 dangling edges in jamRecordings [86 ms])","timestamp":"2026-05-11T08:20:04.637Z","namespace":"db:cleanup"}
{"level":"info","message":"Removed 0 dangling edges in hasSeen [87 ms])","timestamp":"2026-05-11T08:20:04.638Z","namespace":"db:cleanup"}
{"level":"info","message":"Removed 0 dangling edges in bookmarks [88 ms])","timestamp":"2026-05-11T08:20:04.639Z","namespace":"db:cleanup"}
{"level":"info","message":"Removed 0 dangling edges in reactions [90 ms])","timestamp":"2026-05-11T08:20:04.641Z","namespace":"db:cleanup"}
{"level":"info","message":"Removed 0 dangling edges in postGroups [91 ms])","timestamp":"2026-05-11T08:20:04.642Z","namespace":"db:cleanup"}
{"level":"info","message":"Removed 0 dangling edges in postSeen [92 ms])","timestamp":"2026-05-11T08:20:04.643Z","namespace":"db:cleanup"}
{"level":"info","message":"Removed 0 dangling edges in replyTo [95 ms])","timestamp":"2026-05-11T08:20:04.646Z","namespace":"db:cleanup"}
{"level":"info","message":"Ensuring collections","timestamp":"2026-05-11T08:20:04.646Z","namespace":"allpeep:db"}
{"level":"info","message":"Ensuring collection dataMigrations","timestamp":"2026-05-11T08:20:04.646Z","namespace":"allpeep:db"}
{"level":"info","message":"Ensuring collection i18n","timestamp":"2026-05-11T08:20:04.648Z","namespace":"allpeep:db"}
{"level":"info","message":"Ensuring collection configs","timestamp":"2026-05-11T08:20:04.649Z","namespace":"allpeep:db"}
{"level":"info","message":"Ensuring collection accounts","timestamp":"2026-05-11T08:20:04.650Z","namespace":"allpeep:db"}
{"level":"info","message":"ensuring index unique-emails","timestamp":"2026-05-11T08:20:04.651Z","namespace":"allpeep:db"}
{"level":"info","message":"Ensuring collection profiles","timestamp":"2026-05-11T08:20:04.652Z","namespace":"allpeep:db"}
{"level":"info","message":"ensuring index unique-activityPub-identifiers","timestamp":"2026-05-11T08:20:04.654Z","namespace":"allpeep:db"}
{"level":"info","message":"ensuring index search-profiles","timestamp":"2026-05-11T08:20:04.655Z","namespace":"allpeep:db"}
{"level":"info","message":"Ensuring collection follows","timestamp":"2026-05-11T08:20:04.656Z","namespace":"allpeep:db"}
{"level":"info","message":"ensuring index unique-follows","timestamp":"2026-05-11T08:20:04.658Z","namespace":"allpeep:db"}
{"level":"info","message":"Ensuring collection requestsFollow","timestamp":"2026-05-11T08:20:04.659Z","namespace":"allpeep:db"}
{"level":"info","message":"Ensuring collection controls","timestamp":"2026-05-11T08:20:04.660Z","namespace":"allpeep:db"}
{"level":"info","message":"Ensuring collection posts","timestamp":"2026-05-11T08:20:04.661Z","namespace":"allpeep:db"}
{"level":"info","message":"ensuring index search-posts","timestamp":"2026-05-11T08:20:04.663Z","namespace":"allpeep:db"}
{"level":"info","message":"Ensuring collection mentions","timestamp":"2026-05-11T08:20:04.664Z","namespace":"allpeep:db"}
{"level":"info","message":"Ensuring collection audience","timestamp":"2026-05-11T08:20:04.665Z","namespace":"allpeep:db"}
{"level":"info","message":"Ensuring collection hashtags","timestamp":"2026-05-11T08:20:04.666Z","namespace":"allpeep:db"}
{"level":"info","message":"Ensuring collection postHashtags","timestamp":"2026-05-11T08:20:04.668Z","namespace":"allpeep:db"}
{"level":"info","message":"Ensuring collection reports","timestamp":"2026-05-11T08:20:04.669Z","namespace":"allpeep:db"}
{"level":"info","message":"Ensuring collection createdReport","timestamp":"2026-05-11T08:20:04.670Z","namespace":"allpeep:db"}
{"level":"info","message":"Ensuring collection isReportedProfile","timestamp":"2026-05-11T08:20:04.671Z","namespace":"allpeep:db"}
{"level":"info","message":"Ensuring collection isReportedObject","timestamp":"2026-05-11T08:20:04.673Z","namespace":"allpeep:db"}
{"level":"info","message":"Ensuring collection entries","timestamp":"2026-05-11T08:20:04.674Z","namespace":"allpeep:db"}
{"level":"info","message":"ensuring index search-entries","timestamp":"2026-05-11T08:20:04.675Z","namespace":"allpeep:db"}
{"level":"info","message":"Ensuring collection reactions","timestamp":"2026-05-11T08:20:04.676Z","namespace":"allpeep:db"}
{"level":"info","message":"ensuring index unique-reactions","timestamp":"2026-05-11T08:20:04.678Z","namespace":"allpeep:db"}
{"level":"info","message":"Ensuring collection replyTo","timestamp":"2026-05-11T08:20:04.679Z","namespace":"allpeep:db"}
{"level":"info","message":"ensuring index unique-replies","timestamp":"2026-05-11T08:20:04.680Z","namespace":"allpeep:db"}
{"level":"info","message":"Ensuring collection repost","timestamp":"2026-05-11T08:20:04.681Z","namespace":"allpeep:db"}
{"level":"info","message":"ensuring index unique-reposts","timestamp":"2026-05-11T08:20:04.683Z","namespace":"allpeep:db"}
{"level":"info","message":"Ensuring collection mediaAttachments","timestamp":"2026-05-11T08:20:04.684Z","namespace":"allpeep:db"}
{"level":"info","message":"Ensuring collection roles","timestamp":"2026-05-11T08:20:04.685Z","namespace":"allpeep:db"}
{"level":"info","message":"Ensuring collection accessTokens","timestamp":"2026-05-11T08:20:04.687Z","namespace":"allpeep:db"}
{"level":"info","message":"Ensuring collection profileAccessTokens","timestamp":"2026-05-11T08:20:04.688Z","namespace":"allpeep:db"}
{"level":"info","message":"ensuring index unique-profile-access-tokens","timestamp":"2026-05-11T08:20:04.689Z","namespace":"allpeep:db"}
{"level":"info","message":"Ensuring collection hasRole","timestamp":"2026-05-11T08:20:04.690Z","namespace":"allpeep:db"}
{"level":"info","message":"Ensuring collection notifications","timestamp":"2026-05-11T08:20:04.692Z","namespace":"allpeep:db"}
{"level":"info","message":"Ensuring collection pushSubscriptions","timestamp":"2026-05-11T08:20:04.693Z","namespace":"allpeep:db"}
{"level":"info","message":"Ensuring collection accountToPushSubscription","timestamp":"2026-05-11T08:20:04.694Z","namespace":"allpeep:db"}
{"level":"info","message":"Ensuring collection jamEvents","timestamp":"2026-05-11T08:20:04.695Z","namespace":"allpeep:db"}
{"level":"info","message":"Ensuring collection inviteLinks","timestamp":"2026-05-11T08:20:04.696Z","namespace":"allpeep:db"}
{"level":"info","message":"ensuring index unique-invite-link-slugs","timestamp":"2026-05-11T08:20:04.698Z","namespace":"allpeep:db"}
{"level":"info","message":"Ensuring collection inviteLinkCreators","timestamp":"2026-05-11T08:20:04.699Z","namespace":"allpeep:db"}
{"level":"info","message":"Ensuring collection inviteLinkRedeemers","timestamp":"2026-05-11T08:20:04.700Z","namespace":"allpeep:db"}
{"level":"info","message":"Ensuring collection groups","timestamp":"2026-05-11T08:20:04.701Z","namespace":"allpeep:db"}
{"level":"info","message":"ensuring index unique-group-handles","timestamp":"2026-05-11T08:20:04.702Z","namespace":"allpeep:db"}
{"level":"info","message":"ensuring index search-groups","timestamp":"2026-05-11T08:20:04.703Z","namespace":"allpeep:db"}
{"level":"info","message":"Ensuring collection postGroups","timestamp":"2026-05-11T08:20:04.704Z","namespace":"allpeep:db"}
{"level":"info","message":"Ensuring collection userGroups","timestamp":"2026-05-11T08:20:04.706Z","namespace":"allpeep:db"}
{"level":"info","message":"Ensuring collection hasSeen","timestamp":"2026-05-11T08:20:04.708Z","namespace":"allpeep:db"}
{"level":"info","message":"Ensuring collection hasRead","timestamp":"2026-05-11T08:20:04.709Z","namespace":"allpeep:db"}
{"level":"info","message":"Ensuring collection bookmarks","timestamp":"2026-05-11T08:20:04.711Z","namespace":"allpeep:db"}
{"level":"info","message":"Ensuring collection profileSettings","timestamp":"2026-05-11T08:20:04.712Z","namespace":"allpeep:db"}
{"level":"info","message":"Ensuring collection jamRecordings","timestamp":"2026-05-11T08:20:04.714Z","namespace":"allpeep:db"}
{"level":"info","message":"Ensuring views","timestamp":"2026-05-11T08:20:04.716Z","namespace":"allpeep:db"}
{"level":"info","message":"Ensuring view postSearch","timestamp":"2026-05-11T08:20:04.716Z","namespace":"allpeep:db"}
{"level":"info","message":"Ensuring view groupSearch","timestamp":"2026-05-11T08:20:04.720Z","namespace":"allpeep:db"}
{"level":"info","message":"Ensuring view profileSearch","timestamp":"2026-05-11T08:20:04.721Z","namespace":"allpeep:db"}
{"level":"info","message":"Server initialized.","timestamp":"2026-05-11T08:20:04.740Z","namespace":"server:init"}
{"level":"info","message":"Loaded 155 route module(s).","timestamp":"2026-05-11T08:20:04.741Z","namespace":"server"}
{"level":"info","message":"Server listening on http://localhost:5173","timestamp":"2026-05-11T08:20:04.751Z","namespace":"server"}
{"level":"info","message":"GET    | 200 | /api/openpeeps/core/v1/server/info | 17ms","timestamp":"2026-05-11T08:20:15.395Z","namespace":"server:request"}
{"level":"info","message":"GET    | 200 | /api/openpeeps/core/v1/server/stats/current | 26ms","timestamp":"2026-05-11T08:20:15.432Z","namespace":"server:request"}
{"level":"info","message":"GET    | 200 | /api/openpeeps/core/v1/server/config/capabilities | 4ms","timestamp":"2026-05-11T08:20:15.445Z","namespace":"server:request"}
{"level":"info","message":"POST   | 400 | /api/openpeeps/core/v1/auth/login | 1ms","timestamp":"2026-05-11T08:20:15.455Z","namespace":"server:request"}
{"level":"info","message":"GET    | 401 | /api/openpeeps/core/v1/posts | 1ms","timestamp":"2026-05-11T08:20:15.465Z","namespace":"server:request"}
{"level":"info","message":"GET    | 401 | /api/openpeeps/core/v1/accounts/current | 1ms","timestamp":"2026-05-11T08:20:15.474Z","namespace":"server:request"}
{"level":"info","message":"GET    | 404 | /openapi.json | 1ms","timestamp":"2026-05-11T08:20:15.483Z","namespace":"server:request"}
{"level":"info","message":"GET    | 200 | /api/pwa/manifest.json | 1ms","timestamp":"2026-05-11T08:20:15.493Z","namespace":"server:request"}
{"level":"info","message":"GET    | 404 | /api/nope | 1ms","timestamp":"2026-05-11T08:20:15.502Z","namespace":"server:request"}
{"level":"info","message":"Checking ArangoDB availability at http://localhost:8529 (try 1)","timestamp":"2026-05-11T08:20:38.361Z","namespace":"allpeep:db"}
{"level":"info","message":"ArangoDB is available at http://localhost:8529","timestamp":"2026-05-11T08:20:38.373Z","namespace":"allpeep:db"}
{"level":"info","message":"Ensuring function MERGE_CAPABILITIES","timestamp":"2026-05-11T08:20:38.375Z","namespace":"allpeep:db"}
{"level":"info","message":"Using default database","timestamp":"2026-05-11T08:20:38.373Z","namespace":"allpeep:db"}
{"level":"info","message":"Ensuring functions","timestamp":"2026-05-11T08:20:38.373Z","namespace":"allpeep:db"}
{"level":"info","message":"Ensuring function CHECK_CAPABILITIES","timestamp":"2026-05-11T08:20:38.373Z","namespace":"allpeep:db"}
{"level":"info","message":"Skipping data migration Add note type to create entries (018fa9a0-ae6a-79e5-a529-6d13f335dbc4).","timestamp":"2026-05-11T08:20:38.397Z","namespace":"db:dataMigrations"}
{"level":"info","message":"Skipping data migration Replace actor with profile in follows collection (019131ae-e429-7d15-bd25-6ed89b04952d).","timestamp":"2026-05-11T08:20:38.398Z","namespace":"db:dataMigrations"}
{"level":"info","message":"Skipping data migration Replace actor with profile in entries collection (0191942c-3931-779c-9d40-74be98aa4220).","timestamp":"2026-05-11T08:20:38.399Z","namespace":"db:dataMigrations"}
{"level":"info","message":"Skipping data migration Replace actor with profile in hasRole collection (0191942c-8280-76d1-a7a1-8caa454ea5ab).","timestamp":"2026-05-11T08:20:38.401Z","namespace":"db:dataMigrations"}
{"level":"info","message":"Skipping data migration Replace actor with profile in mentions collection (0191942c-a90e-71e6-846f-7dc882c8c00b).","timestamp":"2026-05-11T08:20:38.402Z","namespace":"db:dataMigrations"}
{"level":"info","message":"Skipping data migration Replace actor with profile in reactions collection (0191942c-e79f-7bb4-9e28-59a30519225d).","timestamp":"2026-05-11T08:20:38.404Z","namespace":"db:dataMigrations"}
{"level":"info","message":"Skipping data migration Replace actor with profile in controls collection (0191942c-e79f-7bb4-9e28-59a30519225e).","timestamp":"2026-05-11T08:20:38.406Z","namespace":"db:dataMigrations"}
{"level":"info","message":"Skipping data migration Rename actor collection to profiles (0191942f-4766-7d9c-b71f-5497a39ae774).","timestamp":"2026-05-11T08:20:38.407Z","namespace":"db:dataMigrations"}
{"level":"info","message":"Skipping data migration Remove logs collection (0191e638-ed19-721f-9aed-429714253ead).","timestamp":"2026-05-11T08:20:38.408Z","namespace":"db:dataMigrations"}
{"level":"info","message":"Skipping data migration Rename user collection to account (01920f6b-ebf7-719b-8da4-d99e4b082486).","timestamp":"2026-05-11T08:20:38.410Z","namespace":"db:dataMigrations"}
{"level":"info","message":"Skipping data migration Rename userToPushSubscription collection to accountToPushSubscription (01920f58-dcc7-7b86-b0fc-03e7536aae93).","timestamp":"2026-05-11T08:20:38.411Z","namespace":"db:dataMigrations"}
{"level":"info","message":"Skipping data migration Replace user with account in controls collection (0192057e-f212-76b1-9e54-b5518c2927c7).","timestamp":"2026-05-11T08:20:38.412Z","namespace":"db:dataMigrations"}
{"level":"info","message":"Skipping data migration Replace user with account in accountToPushSubscription collection (01920a04-a3f5-7b10-8a31-c55dfae82c6d).","timestamp":"2026-05-11T08:20:38.414Z","namespace":"db:dataMigrations"}
{"level":"info","message":"Skipping data migration Deleting index on username (01920f80-0d50-7dee-a6cc-c78dc5200c32).","timestamp":"2026-05-11T08:20:38.416Z","namespace":"db:dataMigrations"}
{"level":"info","message":"Skipping data migration Renaming username to handle (01920fb5-1afb-70e4-9f8a-f47b6b49918b).","timestamp":"2026-05-11T08:20:38.417Z","namespace":"db:dataMigrations"}
{"level":"info","message":"Skipping data migration Fixing jam events (01927134-8082-727f-9df0-1c152a020e33).","timestamp":"2026-05-11T08:20:38.419Z","namespace":"db:dataMigrations"}
{"level":"info","message":"Skipping data migration Fixing notifications (01927158-191a-7ca9-bbd3-0c6cfe505731).","timestamp":"2026-05-11T08:20:38.420Z","namespace":"db:dataMigrations"}
{"level":"info","message":"Skipping data migration Fixing jam events again (0192900c-5b17-7dd8-8afd-d6c6c160ad8e).","timestamp":"2026-05-11T08:20:38.422Z","namespace":"db:dataMigrations"}
{"level":"info","message":"Skipping data migration Fixing notification type (0194d539-06ac-750c-9577-e982464575ae).","timestamp":"2026-05-11T08:20:38.424Z","namespace":"db:dataMigrations"}
{"level":"info","message":"Skipping data migration Copy mentions content to audience for direct messages only (0194f5d4-e347-7c4c-b26c-ec712812ae74).","timestamp":"2026-05-11T08:20:38.425Z","namespace":"db:dataMigrations"}
{"level":"info","message":"Skipping data migration Generate and set createdAt and updatedAt entries for mentions (0194fc1f-13ea-72f7-8954-0609b77af91e).","timestamp":"2026-05-11T08:20:38.427Z","namespace":"db:dataMigrations"}
{"level":"info","message":"Skipping data migration Convert jams to events and remove jams collection (0196795d-274b-7c51-9095-95880f9e815e).","timestamp":"2026-05-11T08:20:38.428Z","namespace":"db:dataMigrations"}
{"level":"info","message":"Skipping data migration Fix malformed hashtags created by old regex pattern (01a19837-edf6-43db-8953-6c19ecaab122).","timestamp":"2026-05-11T08:20:38.430Z","namespace":"db:dataMigrations"}
{"level":"info","message":"Skipping data migration Adding type on existing push subcriptions (01976851-be8c-7115-a82a-27c540d5320a).","timestamp":"2026-05-11T08:20:38.431Z","namespace":"db:dataMigrations"}
{"level":"info","message":"Skipping data migration Add data to post (019802f2-b27a-72c3-9ca1-fc344b72b66b).","timestamp":"2026-05-11T08:20:38.432Z","namespace":"db:dataMigrations"}
{"level":"info","message":"Skipping data migration Setting profiles without type to \"local\" (01988a61-aa54-7b47-abc8-f0e63bf5fdd6).","timestamp":"2026-05-11T08:20:38.434Z","namespace":"db:dataMigrations"}
{"level":"info","message":"Skipping data migration Update group memeberships from capabilities to roles (019898f2-c539-7cfb-ba41-cf58f952dd62).","timestamp":"2026-05-11T08:20:38.435Z","namespace":"db:dataMigrations"}
{"level":"info","message":"Skipping data migration Update group capabilities (01989922-a9a0-7aae-8b9e-6416ed9c67b7).","timestamp":"2026-05-11T08:20:38.436Z","namespace":"db:dataMigrations"}
{"level":"info","message":"Skipping data migration Update jam events (0198a7fc-72d1-7a2f-8c15-7d1bd0f0d109).","timestamp":"2026-05-11T08:20:38.438Z","namespace":"db:dataMigrations"}
{"level":"info","message":"Skipping data migration Refactor theme for allpeep-community config to light/dark structure (8bdf3512-0649-48c8-a9af-b6bfd1f86f1a).","timestamp":"2026-05-11T08:20:38.439Z","namespace":"db:dataMigrations"}
{"level":"info","message":"Skipping data migration Add creator ids to posts for easier filtering (0199c52d-2bf0-74e8-9a2f-ff65fd5b7b6a).","timestamp":"2026-05-11T08:20:38.440Z","namespace":"db:dataMigrations"}
{"level":"info","message":"Skipping data migration Remove jam messages left without profileId because of a bad migration (0199ec4e-aed3-787c-a180-9aed9166a882).","timestamp":"2026-05-11T08:20:38.441Z","namespace":"db:dataMigrations"}
{"level":"info","message":"Skipping data migration Make current users members so they can keep posting (019a2b1f-b21c-7f69-8b24-e186bb59c6b5).","timestamp":"2026-05-11T08:20:38.443Z","namespace":"db:dataMigrations"}
{"level":"info","message":"Skipping data migration Create default profile configs for existing profiles (b1f4c3d2-5e6f-4a7b-8c9d-0e1f2a3b4c5d).","timestamp":"2026-05-11T08:20:38.444Z","namespace":"db:dataMigrations"}
{"level":"info","message":"Skipping data migration Delete guest reports and their reportedProfile edges (41c542ad-1dd5-4407-bac5-dfe2aa83edcf).","timestamp":"2026-05-11T08:20:38.445Z","namespace":"db:dataMigrations"}
{"level":"info","message":"Skipping data migration Deleting Duplicate Group Memberships (bed1669c-8487-4ab9-ba23-8aec8b6e215d).","timestamp":"2026-05-11T08:20:38.447Z","namespace":"db:dataMigrations"}
{"level":"info","message":"Skipping data migration Add reply, RSVP, and vote post capabilities for group members (019c98bd-56bf-7326-a4ea-45fd4fcd2309).","timestamp":"2026-05-11T08:20:38.448Z","namespace":"db:dataMigrations"}
{"level":"info","message":"Skipping data migration Removing all deleted accounts, their push subscriptions, and connecting edges (65c54e29-c0f7-4336-8dbb-c250d8f6c5d5).","timestamp":"2026-05-11T08:20:38.450Z","namespace":"db:dataMigrations"}
{"level":"info","message":"Skipping data migration Rename configuration document keys from allpeep-* to openpeeps-* (a1b2c3d4-e5f6-4a7b-8c9d-0e1f2a3b4c5d).","timestamp":"2026-05-11T08:20:38.451Z","namespace":"db:dataMigrations"}
{"level":"info","message":"Cleaning up dangling edges...","timestamp":"2026-05-11T08:20:38.451Z","namespace":"db:cleanup"}
{"level":"info","message":"Removed 0 dangling edges in accountToPushSubscription [35 ms])","timestamp":"2026-05-11T08:20:38.486Z","namespace":"db:cleanup"}
{"level":"info","message":"Removed 0 dangling edges in createdReport [37 ms])","timestamp":"2026-05-11T08:20:38.488Z","namespace":"db:cleanup"}
{"level":"info","message":"Removed 0 dangling edges in controls [41 ms])","timestamp":"2026-05-11T08:20:38.492Z","namespace":"db:cleanup"}
{"level":"info","message":"Removed 0 dangling edges in userGroups [43 ms])","timestamp":"2026-05-11T08:20:38.494Z","namespace":"db:cleanup"}
{"level":"info","message":"Removed 0 dangling edges in follows [45 ms])","timestamp":"2026-05-11T08:20:38.496Z","namespace":"db:cleanup"}
{"level":"info","message":"Removed 0 dangling edges in entries [53 ms])","timestamp":"2026-05-11T08:20:38.504Z","namespace":"db:cleanup"}
{"level":"info","message":"Removed 0 dangling edges in repost [55 ms])","timestamp":"2026-05-11T08:20:38.506Z","namespace":"db:cleanup"}
{"level":"info","message":"Removed 0 dangling edges in profileAccessTokens [56 ms])","timestamp":"2026-05-11T08:20:38.507Z","namespace":"db:cleanup"}
{"level":"info","message":"Removed 0 dangling edges in hasRead [57 ms])","timestamp":"2026-05-11T08:20:38.508Z","namespace":"db:cleanup"}
{"level":"info","message":"Removed 0 dangling edges in hasRole [62 ms])","timestamp":"2026-05-11T08:20:38.513Z","namespace":"db:cleanup"}
{"level":"info","message":"Removed 0 dangling edges in requestsFollow [63 ms])","timestamp":"2026-05-11T08:20:38.514Z","namespace":"db:cleanup"}
{"level":"info","message":"Removed 0 dangling edges in isReportedObject [64 ms])","timestamp":"2026-05-11T08:20:38.515Z","namespace":"db:cleanup"}
{"level":"info","message":"Removed 0 dangling edges in postHashtags [65 ms])","timestamp":"2026-05-11T08:20:38.516Z","namespace":"db:cleanup"}
{"level":"info","message":"Removed 0 dangling edges in audience [71 ms])","timestamp":"2026-05-11T08:20:38.522Z","namespace":"db:cleanup"}
{"level":"info","message":"Removed 0 dangling edges in isReportedProfile [72 ms])","timestamp":"2026-05-11T08:20:38.523Z","namespace":"db:cleanup"}
{"level":"info","message":"Removed 0 dangling edges in mentions [74 ms])","timestamp":"2026-05-11T08:20:38.525Z","namespace":"db:cleanup"}
{"level":"info","message":"Removed 0 dangling edges in inviteLinkCreators [75 ms])","timestamp":"2026-05-11T08:20:38.526Z","namespace":"db:cleanup"}
{"level":"info","message":"Removed 0 dangling edges in inviteLinkRedeemers [76 ms])","timestamp":"2026-05-11T08:20:38.527Z","namespace":"db:cleanup"}
{"level":"info","message":"Removed 0 dangling edges in jamRecordings [77 ms])","timestamp":"2026-05-11T08:20:38.528Z","namespace":"db:cleanup"}
{"level":"info","message":"Removed 0 dangling edges in hasSeen [78 ms])","timestamp":"2026-05-11T08:20:38.529Z","namespace":"db:cleanup"}
{"level":"info","message":"Removed 0 dangling edges in bookmarks [79 ms])","timestamp":"2026-05-11T08:20:38.530Z","namespace":"db:cleanup"}
{"level":"info","message":"Removed 0 dangling edges in reactions [81 ms])","timestamp":"2026-05-11T08:20:38.532Z","namespace":"db:cleanup"}
{"level":"info","message":"Removed 0 dangling edges in postGroups [83 ms])","timestamp":"2026-05-11T08:20:38.534Z","namespace":"db:cleanup"}
{"level":"info","message":"Removed 0 dangling edges in postSeen [84 ms])","timestamp":"2026-05-11T08:20:38.535Z","namespace":"db:cleanup"}
{"level":"info","message":"Removed 0 dangling edges in replyTo [87 ms])","timestamp":"2026-05-11T08:20:38.538Z","namespace":"db:cleanup"}
{"level":"info","message":"Ensuring collections","timestamp":"2026-05-11T08:20:38.538Z","namespace":"allpeep:db"}
{"level":"info","message":"Ensuring collection dataMigrations","timestamp":"2026-05-11T08:20:38.538Z","namespace":"allpeep:db"}
{"level":"info","message":"Ensuring collection i18n","timestamp":"2026-05-11T08:20:38.539Z","namespace":"allpeep:db"}
{"level":"info","message":"Ensuring collection configs","timestamp":"2026-05-11T08:20:38.541Z","namespace":"allpeep:db"}
{"level":"info","message":"Ensuring collection accounts","timestamp":"2026-05-11T08:20:38.542Z","namespace":"allpeep:db"}
{"level":"info","message":"ensuring index unique-emails","timestamp":"2026-05-11T08:20:38.543Z","namespace":"allpeep:db"}
{"level":"info","message":"Ensuring collection profiles","timestamp":"2026-05-11T08:20:38.544Z","namespace":"allpeep:db"}
{"level":"info","message":"ensuring index unique-activityPub-identifiers","timestamp":"2026-05-11T08:20:38.546Z","namespace":"allpeep:db"}
{"level":"info","message":"ensuring index search-profiles","timestamp":"2026-05-11T08:20:38.546Z","namespace":"allpeep:db"}
{"level":"info","message":"Ensuring collection follows","timestamp":"2026-05-11T08:20:38.548Z","namespace":"allpeep:db"}
{"level":"info","message":"ensuring index unique-follows","timestamp":"2026-05-11T08:20:38.549Z","namespace":"allpeep:db"}
{"level":"info","message":"Ensuring collection requestsFollow","timestamp":"2026-05-11T08:20:38.550Z","namespace":"allpeep:db"}
{"level":"info","message":"Ensuring collection controls","timestamp":"2026-05-11T08:20:38.551Z","namespace":"allpeep:db"}
{"level":"info","message":"Ensuring collection posts","timestamp":"2026-05-11T08:20:38.552Z","namespace":"allpeep:db"}
{"level":"info","message":"ensuring index search-posts","timestamp":"2026-05-11T08:20:38.554Z","namespace":"allpeep:db"}
{"level":"info","message":"Ensuring collection mentions","timestamp":"2026-05-11T08:20:38.555Z","namespace":"allpeep:db"}
{"level":"info","message":"Ensuring collection audience","timestamp":"2026-05-11T08:20:38.556Z","namespace":"allpeep:db"}
{"level":"info","message":"Ensuring collection hashtags","timestamp":"2026-05-11T08:20:38.558Z","namespace":"allpeep:db"}
{"level":"info","message":"Ensuring collection postHashtags","timestamp":"2026-05-11T08:20:38.559Z","namespace":"allpeep:db"}
{"level":"info","message":"Ensuring collection reports","timestamp":"2026-05-11T08:20:38.560Z","namespace":"allpeep:db"}
{"level":"info","message":"Ensuring collection createdReport","timestamp":"2026-05-11T08:20:38.562Z","namespace":"allpeep:db"}
{"level":"info","message":"Ensuring collection isReportedProfile","timestamp":"2026-05-11T08:20:38.563Z","namespace":"allpeep:db"}
{"level":"info","message":"Ensuring collection isReportedObject","timestamp":"2026-05-11T08:20:38.565Z","namespace":"allpeep:db"}
{"level":"info","message":"Ensuring collection entries","timestamp":"2026-05-11T08:20:38.566Z","namespace":"allpeep:db"}
{"level":"info","message":"ensuring index search-entries","timestamp":"2026-05-11T08:20:38.567Z","namespace":"allpeep:db"}
{"level":"info","message":"Ensuring collection reactions","timestamp":"2026-05-11T08:20:38.568Z","namespace":"allpeep:db"}
{"level":"info","message":"ensuring index unique-reactions","timestamp":"2026-05-11T08:20:38.570Z","namespace":"allpeep:db"}
{"level":"info","message":"Ensuring collection replyTo","timestamp":"2026-05-11T08:20:38.570Z","namespace":"allpeep:db"}
{"level":"info","message":"ensuring index unique-replies","timestamp":"2026-05-11T08:20:38.572Z","namespace":"allpeep:db"}
{"level":"info","message":"Ensuring collection repost","timestamp":"2026-05-11T08:20:38.573Z","namespace":"allpeep:db"}
{"level":"info","message":"ensuring index unique-reposts","timestamp":"2026-05-11T08:20:38.574Z","namespace":"allpeep:db"}
{"level":"info","message":"Ensuring collection mediaAttachments","timestamp":"2026-05-11T08:20:38.575Z","namespace":"allpeep:db"}
{"level":"info","message":"Ensuring collection roles","timestamp":"2026-05-11T08:20:38.576Z","namespace":"allpeep:db"}
{"level":"info","message":"Ensuring collection accessTokens","timestamp":"2026-05-11T08:20:38.578Z","namespace":"allpeep:db"}
{"level":"info","message":"Ensuring collection profileAccessTokens","timestamp":"2026-05-11T08:20:38.579Z","namespace":"allpeep:db"}
{"level":"info","message":"ensuring index unique-profile-access-tokens","timestamp":"2026-05-11T08:20:38.580Z","namespace":"allpeep:db"}
{"level":"info","message":"Ensuring collection hasRole","timestamp":"2026-05-11T08:20:38.581Z","namespace":"allpeep:db"}
{"level":"info","message":"Ensuring collection notifications","timestamp":"2026-05-11T08:20:38.582Z","namespace":"allpeep:db"}
{"level":"info","message":"Ensuring collection pushSubscriptions","timestamp":"2026-05-11T08:20:38.584Z","namespace":"allpeep:db"}
{"level":"info","message":"Ensuring collection accountToPushSubscription","timestamp":"2026-05-11T08:20:38.585Z","namespace":"allpeep:db"}
{"level":"info","message":"Ensuring collection jamEvents","timestamp":"2026-05-11T08:20:38.586Z","namespace":"allpeep:db"}
{"level":"info","message":"Ensuring collection inviteLinks","timestamp":"2026-05-11T08:20:38.587Z","namespace":"allpeep:db"}
{"level":"info","message":"ensuring index unique-invite-link-slugs","timestamp":"2026-05-11T08:20:38.588Z","namespace":"allpeep:db"}
{"level":"info","message":"Ensuring collection inviteLinkCreators","timestamp":"2026-05-11T08:20:38.589Z","namespace":"allpeep:db"}
{"level":"info","message":"Ensuring collection inviteLinkRedeemers","timestamp":"2026-05-11T08:20:38.591Z","namespace":"allpeep:db"}
{"level":"info","message":"Ensuring collection groups","timestamp":"2026-05-11T08:20:38.592Z","namespace":"allpeep:db"}
{"level":"info","message":"ensuring index unique-group-handles","timestamp":"2026-05-11T08:20:38.593Z","namespace":"allpeep:db"}
{"level":"info","message":"ensuring index search-groups","timestamp":"2026-05-11T08:20:38.594Z","namespace":"allpeep:db"}
{"level":"info","message":"Ensuring collection postGroups","timestamp":"2026-05-11T08:20:38.595Z","namespace":"allpeep:db"}
{"level":"info","message":"Ensuring collection userGroups","timestamp":"2026-05-11T08:20:38.596Z","namespace":"allpeep:db"}
{"level":"info","message":"Ensuring collection hasSeen","timestamp":"2026-05-11T08:20:38.597Z","namespace":"allpeep:db"}
{"level":"info","message":"Ensuring collection hasRead","timestamp":"2026-05-11T08:20:38.598Z","namespace":"allpeep:db"}
{"level":"info","message":"Ensuring collection bookmarks","timestamp":"2026-05-11T08:20:38.600Z","namespace":"allpeep:db"}
{"level":"info","message":"Ensuring collection profileSettings","timestamp":"2026-05-11T08:20:38.601Z","namespace":"allpeep:db"}
{"level":"info","message":"Ensuring collection jamRecordings","timestamp":"2026-05-11T08:20:38.602Z","namespace":"allpeep:db"}
{"level":"info","message":"Ensuring views","timestamp":"2026-05-11T08:20:38.603Z","namespace":"allpeep:db"}
{"level":"info","message":"Ensuring view postSearch","timestamp":"2026-05-11T08:20:38.603Z","namespace":"allpeep:db"}
{"level":"info","message":"Ensuring view groupSearch","timestamp":"2026-05-11T08:20:38.604Z","namespace":"allpeep:db"}
{"level":"info","message":"Ensuring view profileSearch","timestamp":"2026-05-11T08:20:38.605Z","namespace":"allpeep:db"}
{"level":"info","message":"Server initialized.","timestamp":"2026-05-11T08:20:38.622Z","namespace":"server:init"}
{"level":"info","message":"Loaded 155 route module(s).","timestamp":"2026-05-11T08:20:38.623Z","namespace":"server"}
{"level":"info","message":"Server listening on http://localhost:5173","timestamp":"2026-05-11T08:20:38.633Z","namespace":"server"}
{"level":"info","message":"GET    | 500 | /openapi.json | 7ms","timestamp":"2026-05-11T08:20:49.332Z","namespace":"server:request"}
{"level":"info","message":"GET    | 200 | /api/openpeeps/core/v1/server/info | 16ms","timestamp":"2026-05-11T08:20:49.361Z","namespace":"server:request"}
{"level":"info","message":"GET    | 500 | /openapi.json | 2ms","timestamp":"2026-05-11T08:20:49.374Z","namespace":"server:request"}
{"level":"info","message":"Checking ArangoDB availability at http://localhost:8529 (try 1)","timestamp":"2026-05-11T08:24:17.263Z","namespace":"allpeep:db"}
{"level":"info","message":"ArangoDB is available at http://localhost:8529","timestamp":"2026-05-11T08:24:17.275Z","namespace":"allpeep:db"}
{"level":"info","message":"Using default database","timestamp":"2026-05-11T08:24:17.275Z","namespace":"allpeep:db"}
{"level":"info","message":"Ensuring function CHECK_CAPABILITIES","timestamp":"2026-05-11T08:24:17.275Z","namespace":"allpeep:db"}
{"level":"info","message":"Ensuring function MERGE_CAPABILITIES","timestamp":"2026-05-11T08:24:17.277Z","namespace":"allpeep:db"}
{"level":"info","message":"Ensuring functions","timestamp":"2026-05-11T08:24:17.275Z","namespace":"allpeep:db"}
{"level":"info","message":"Skipping data migration Add note type to create entries (018fa9a0-ae6a-79e5-a529-6d13f335dbc4).","timestamp":"2026-05-11T08:24:17.295Z","namespace":"db:dataMigrations"}
{"level":"info","message":"Skipping data migration Replace actor with profile in follows collection (019131ae-e429-7d15-bd25-6ed89b04952d).","timestamp":"2026-05-11T08:24:17.297Z","namespace":"db:dataMigrations"}
{"level":"info","message":"Skipping data migration Replace actor with profile in entries collection (0191942c-3931-779c-9d40-74be98aa4220).","timestamp":"2026-05-11T08:24:17.299Z","namespace":"db:dataMigrations"}
{"level":"info","message":"Skipping data migration Replace actor with profile in hasRole collection (0191942c-8280-76d1-a7a1-8caa454ea5ab).","timestamp":"2026-05-11T08:24:17.300Z","namespace":"db:dataMigrations"}
{"level":"info","message":"Skipping data migration Replace actor with profile in mentions collection (0191942c-a90e-71e6-846f-7dc882c8c00b).","timestamp":"2026-05-11T08:24:17.303Z","namespace":"db:dataMigrations"}
{"level":"info","message":"Skipping data migration Replace actor with profile in reactions collection (0191942c-e79f-7bb4-9e28-59a30519225d).","timestamp":"2026-05-11T08:24:17.305Z","namespace":"db:dataMigrations"}
{"level":"info","message":"Skipping data migration Replace actor with profile in controls collection (0191942c-e79f-7bb4-9e28-59a30519225e).","timestamp":"2026-05-11T08:24:17.307Z","namespace":"db:dataMigrations"}
{"level":"info","message":"Skipping data migration Rename actor collection to profiles (0191942f-4766-7d9c-b71f-5497a39ae774).","timestamp":"2026-05-11T08:24:17.308Z","namespace":"db:dataMigrations"}
{"level":"info","message":"Skipping data migration Remove logs collection (0191e638-ed19-721f-9aed-429714253ead).","timestamp":"2026-05-11T08:24:17.310Z","namespace":"db:dataMigrations"}
{"level":"info","message":"Skipping data migration Rename user collection to account (01920f6b-ebf7-719b-8da4-d99e4b082486).","timestamp":"2026-05-11T08:24:17.311Z","namespace":"db:dataMigrations"}
{"level":"info","message":"Skipping data migration Rename userToPushSubscription collection to accountToPushSubscription (01920f58-dcc7-7b86-b0fc-03e7536aae93).","timestamp":"2026-05-11T08:24:17.313Z","namespace":"db:dataMigrations"}
{"level":"info","message":"Skipping data migration Replace user with account in controls collection (0192057e-f212-76b1-9e54-b5518c2927c7).","timestamp":"2026-05-11T08:24:17.314Z","namespace":"db:dataMigrations"}
{"level":"info","message":"Skipping data migration Replace user with account in accountToPushSubscription collection (01920a04-a3f5-7b10-8a31-c55dfae82c6d).","timestamp":"2026-05-11T08:24:17.315Z","namespace":"db:dataMigrations"}
{"level":"info","message":"Skipping data migration Deleting index on username (01920f80-0d50-7dee-a6cc-c78dc5200c32).","timestamp":"2026-05-11T08:24:17.317Z","namespace":"db:dataMigrations"}
{"level":"info","message":"Skipping data migration Renaming username to handle (01920fb5-1afb-70e4-9f8a-f47b6b49918b).","timestamp":"2026-05-11T08:24:17.318Z","namespace":"db:dataMigrations"}
{"level":"info","message":"Skipping data migration Fixing jam events (01927134-8082-727f-9df0-1c152a020e33).","timestamp":"2026-05-11T08:24:17.319Z","namespace":"db:dataMigrations"}
{"level":"info","message":"Skipping data migration Fixing notifications (01927158-191a-7ca9-bbd3-0c6cfe505731).","timestamp":"2026-05-11T08:24:17.321Z","namespace":"db:dataMigrations"}
{"level":"info","message":"Skipping data migration Fixing jam events again (0192900c-5b17-7dd8-8afd-d6c6c160ad8e).","timestamp":"2026-05-11T08:24:17.322Z","namespace":"db:dataMigrations"}
{"level":"info","message":"Skipping data migration Fixing notification type (0194d539-06ac-750c-9577-e982464575ae).","timestamp":"2026-05-11T08:24:17.324Z","namespace":"db:dataMigrations"}
{"level":"info","message":"Skipping data migration Copy mentions content to audience for direct messages only (0194f5d4-e347-7c4c-b26c-ec712812ae74).","timestamp":"2026-05-11T08:24:17.326Z","namespace":"db:dataMigrations"}
{"level":"info","message":"Skipping data migration Generate and set createdAt and updatedAt entries for mentions (0194fc1f-13ea-72f7-8954-0609b77af91e).","timestamp":"2026-05-11T08:24:17.327Z","namespace":"db:dataMigrations"}
{"level":"info","message":"Skipping data migration Convert jams to events and remove jams collection (0196795d-274b-7c51-9095-95880f9e815e).","timestamp":"2026-05-11T08:24:17.328Z","namespace":"db:dataMigrations"}
{"level":"info","message":"Skipping data migration Fix malformed hashtags created by old regex pattern (01a19837-edf6-43db-8953-6c19ecaab122).","timestamp":"2026-05-11T08:24:17.330Z","namespace":"db:dataMigrations"}
{"level":"info","message":"Skipping data migration Adding type on existing push subcriptions (01976851-be8c-7115-a82a-27c540d5320a).","timestamp":"2026-05-11T08:24:17.331Z","namespace":"db:dataMigrations"}
{"level":"info","message":"Skipping data migration Add data to post (019802f2-b27a-72c3-9ca1-fc344b72b66b).","timestamp":"2026-05-11T08:24:17.332Z","namespace":"db:dataMigrations"}
{"level":"info","message":"Skipping data migration Setting profiles without type to \"local\" (01988a61-aa54-7b47-abc8-f0e63bf5fdd6).","timestamp":"2026-05-11T08:24:17.334Z","namespace":"db:dataMigrations"}
{"level":"info","message":"Skipping data migration Update group memeberships from capabilities to roles (019898f2-c539-7cfb-ba41-cf58f952dd62).","timestamp":"2026-05-11T08:24:17.336Z","namespace":"db:dataMigrations"}
{"level":"info","message":"Skipping data migration Update group capabilities (01989922-a9a0-7aae-8b9e-6416ed9c67b7).","timestamp":"2026-05-11T08:24:17.338Z","namespace":"db:dataMigrations"}
{"level":"info","message":"Skipping data migration Update jam events (0198a7fc-72d1-7a2f-8c15-7d1bd0f0d109).","timestamp":"2026-05-11T08:24:17.340Z","namespace":"db:dataMigrations"}
{"level":"info","message":"Skipping data migration Refactor theme for allpeep-community config to light/dark structure (8bdf3512-0649-48c8-a9af-b6bfd1f86f1a).","timestamp":"2026-05-11T08:24:17.341Z","namespace":"db:dataMigrations"}
{"level":"info","message":"Skipping data migration Add creator ids to posts for easier filtering (0199c52d-2bf0-74e8-9a2f-ff65fd5b7b6a).","timestamp":"2026-05-11T08:24:17.343Z","namespace":"db:dataMigrations"}
{"level":"info","message":"Skipping data migration Remove jam messages left without profileId because of a bad migration (0199ec4e-aed3-787c-a180-9aed9166a882).","timestamp":"2026-05-11T08:24:17.344Z","namespace":"db:dataMigrations"}
{"level":"info","message":"Skipping data migration Make current users members so they can keep posting (019a2b1f-b21c-7f69-8b24-e186bb59c6b5).","timestamp":"2026-05-11T08:24:17.346Z","namespace":"db:dataMigrations"}
{"level":"info","message":"Skipping data migration Create default profile configs for existing profiles (b1f4c3d2-5e6f-4a7b-8c9d-0e1f2a3b4c5d).","timestamp":"2026-05-11T08:24:17.347Z","namespace":"db:dataMigrations"}
{"level":"info","message":"Skipping data migration Delete guest reports and their reportedProfile edges (41c542ad-1dd5-4407-bac5-dfe2aa83edcf).","timestamp":"2026-05-11T08:24:17.349Z","namespace":"db:dataMigrations"}
{"level":"info","message":"Skipping data migration Deleting Duplicate Group Memberships (bed1669c-8487-4ab9-ba23-8aec8b6e215d).","timestamp":"2026-05-11T08:24:17.350Z","namespace":"db:dataMigrations"}
{"level":"info","message":"Skipping data migration Add reply, RSVP, and vote post capabilities for group members (019c98bd-56bf-7326-a4ea-45fd4fcd2309).","timestamp":"2026-05-11T08:24:17.351Z","namespace":"db:dataMigrations"}
{"level":"info","message":"Skipping data migration Removing all deleted accounts, their push subscriptions, and connecting edges (65c54e29-c0f7-4336-8dbb-c250d8f6c5d5).","timestamp":"2026-05-11T08:24:17.353Z","namespace":"db:dataMigrations"}
{"level":"info","message":"Skipping data migration Rename configuration document keys from allpeep-* to openpeeps-* (a1b2c3d4-e5f6-4a7b-8c9d-0e1f2a3b4c5d).","timestamp":"2026-05-11T08:24:17.355Z","namespace":"db:dataMigrations"}
{"level":"info","message":"Cleaning up dangling edges...","timestamp":"2026-05-11T08:24:17.355Z","namespace":"db:cleanup"}
{"level":"info","message":"Removed 0 dangling edges in accountToPushSubscription [30 ms])","timestamp":"2026-05-11T08:24:17.385Z","namespace":"db:cleanup"}
{"level":"info","message":"Removed 0 dangling edges in createdReport [31 ms])","timestamp":"2026-05-11T08:24:17.386Z","namespace":"db:cleanup"}
{"level":"info","message":"Removed 0 dangling edges in controls [34 ms])","timestamp":"2026-05-11T08:24:17.389Z","namespace":"db:cleanup"}
{"level":"info","message":"Removed 0 dangling edges in userGroups [36 ms])","timestamp":"2026-05-11T08:24:17.391Z","namespace":"db:cleanup"}
{"level":"info","message":"Removed 0 dangling edges in follows [37 ms])","timestamp":"2026-05-11T08:24:17.392Z","namespace":"db:cleanup"}
{"level":"info","message":"Removed 0 dangling edges in entries [45 ms])","timestamp":"2026-05-11T08:24:17.400Z","namespace":"db:cleanup"}
{"level":"info","message":"Removed 0 dangling edges in repost [48 ms])","timestamp":"2026-05-11T08:24:17.403Z","namespace":"db:cleanup"}
{"level":"info","message":"Removed 0 dangling edges in profileAccessTokens [49 ms])","timestamp":"2026-05-11T08:24:17.404Z","namespace":"db:cleanup"}
{"level":"info","message":"Removed 0 dangling edges in hasRead [50 ms])","timestamp":"2026-05-11T08:24:17.405Z","namespace":"db:cleanup"}
{"level":"info","message":"Removed 0 dangling edges in hasRole [55 ms])","timestamp":"2026-05-11T08:24:17.410Z","namespace":"db:cleanup"}
{"level":"info","message":"Removed 0 dangling edges in requestsFollow [56 ms])","timestamp":"2026-05-11T08:24:17.411Z","namespace":"db:cleanup"}
{"level":"info","message":"Removed 0 dangling edges in isReportedObject [57 ms])","timestamp":"2026-05-11T08:24:17.412Z","namespace":"db:cleanup"}
{"level":"info","message":"Removed 0 dangling edges in postHashtags [59 ms])","timestamp":"2026-05-11T08:24:17.414Z","namespace":"db:cleanup"}
{"level":"info","message":"Removed 0 dangling edges in audience [65 ms])","timestamp":"2026-05-11T08:24:17.420Z","namespace":"db:cleanup"}
{"level":"info","message":"Removed 0 dangling edges in isReportedProfile [66 ms])","timestamp":"2026-05-11T08:24:17.421Z","namespace":"db:cleanup"}
{"level":"info","message":"Removed 0 dangling edges in mentions [68 ms])","timestamp":"2026-05-11T08:24:17.423Z","namespace":"db:cleanup"}
{"level":"info","message":"Removed 0 dangling edges in inviteLinkCreators [70 ms])","timestamp":"2026-05-11T08:24:17.425Z","namespace":"db:cleanup"}
{"level":"info","message":"Removed 0 dangling edges in inviteLinkRedeemers [71 ms])","timestamp":"2026-05-11T08:24:17.426Z","namespace":"db:cleanup"}
{"level":"info","message":"Removed 0 dangling edges in jamRecordings [72 ms])","timestamp":"2026-05-11T08:24:17.427Z","namespace":"db:cleanup"}
{"level":"info","message":"Removed 0 dangling edges in hasSeen [73 ms])","timestamp":"2026-05-11T08:24:17.428Z","namespace":"db:cleanup"}
{"level":"info","message":"Removed 0 dangling edges in bookmarks [74 ms])","timestamp":"2026-05-11T08:24:17.429Z","namespace":"db:cleanup"}
{"level":"info","message":"Removed 0 dangling edges in reactions [76 ms])","timestamp":"2026-05-11T08:24:17.431Z","namespace":"db:cleanup"}
{"level":"info","message":"Removed 0 dangling edges in postGroups [78 ms])","timestamp":"2026-05-11T08:24:17.433Z","namespace":"db:cleanup"}
{"level":"info","message":"Removed 0 dangling edges in postSeen [79 ms])","timestamp":"2026-05-11T08:24:17.434Z","namespace":"db:cleanup"}
{"level":"info","message":"Removed 0 dangling edges in replyTo [82 ms])","timestamp":"2026-05-11T08:24:17.437Z","namespace":"db:cleanup"}
{"level":"info","message":"Ensuring collections","timestamp":"2026-05-11T08:24:17.437Z","namespace":"allpeep:db"}
{"level":"info","message":"Ensuring collection dataMigrations","timestamp":"2026-05-11T08:24:17.437Z","namespace":"allpeep:db"}
{"level":"info","message":"Ensuring collection i18n","timestamp":"2026-05-11T08:24:17.439Z","namespace":"allpeep:db"}
{"level":"info","message":"Ensuring collection configs","timestamp":"2026-05-11T08:24:17.441Z","namespace":"allpeep:db"}
{"level":"info","message":"Ensuring collection accounts","timestamp":"2026-05-11T08:24:17.442Z","namespace":"allpeep:db"}
{"level":"info","message":"ensuring index unique-emails","timestamp":"2026-05-11T08:24:17.444Z","namespace":"allpeep:db"}
{"level":"info","message":"Ensuring collection profiles","timestamp":"2026-05-11T08:24:17.445Z","namespace":"allpeep:db"}
{"level":"info","message":"ensuring index unique-activityPub-identifiers","timestamp":"2026-05-11T08:24:17.447Z","namespace":"allpeep:db"}
{"level":"info","message":"ensuring index search-profiles","timestamp":"2026-05-11T08:24:17.448Z","namespace":"allpeep:db"}
{"level":"info","message":"Ensuring collection follows","timestamp":"2026-05-11T08:24:17.450Z","namespace":"allpeep:db"}
{"level":"info","message":"ensuring index unique-follows","timestamp":"2026-05-11T08:24:17.452Z","namespace":"allpeep:db"}
{"level":"info","message":"Ensuring collection requestsFollow","timestamp":"2026-05-11T08:24:17.453Z","namespace":"allpeep:db"}
{"level":"info","message":"Ensuring collection controls","timestamp":"2026-05-11T08:24:17.454Z","namespace":"allpeep:db"}
{"level":"info","message":"Ensuring collection posts","timestamp":"2026-05-11T08:24:17.456Z","namespace":"allpeep:db"}
{"level":"info","message":"ensuring index search-posts","timestamp":"2026-05-11T08:24:17.457Z","namespace":"allpeep:db"}
{"level":"info","message":"Ensuring collection mentions","timestamp":"2026-05-11T08:24:17.459Z","namespace":"allpeep:db"}
{"level":"info","message":"Ensuring collection audience","timestamp":"2026-05-11T08:24:17.461Z","namespace":"allpeep:db"}
{"level":"info","message":"Ensuring collection hashtags","timestamp":"2026-05-11T08:24:17.462Z","namespace":"allpeep:db"}
{"level":"info","message":"Ensuring collection postHashtags","timestamp":"2026-05-11T08:24:17.464Z","namespace":"allpeep:db"}
{"level":"info","message":"Ensuring collection reports","timestamp":"2026-05-11T08:24:17.465Z","namespace":"allpeep:db"}
{"level":"info","message":"Ensuring collection createdReport","timestamp":"2026-05-11T08:24:17.466Z","namespace":"allpeep:db"}
{"level":"info","message":"Ensuring collection isReportedProfile","timestamp":"2026-05-11T08:24:17.468Z","namespace":"allpeep:db"}
{"level":"info","message":"Ensuring collection isReportedObject","timestamp":"2026-05-11T08:24:17.469Z","namespace":"allpeep:db"}
{"level":"info","message":"Ensuring collection entries","timestamp":"2026-05-11T08:24:17.471Z","namespace":"allpeep:db"}
{"level":"info","message":"ensuring index search-entries","timestamp":"2026-05-11T08:24:17.473Z","namespace":"allpeep:db"}
{"level":"info","message":"Ensuring collection reactions","timestamp":"2026-05-11T08:24:17.474Z","namespace":"allpeep:db"}
{"level":"info","message":"ensuring index unique-reactions","timestamp":"2026-05-11T08:24:17.476Z","namespace":"allpeep:db"}
{"level":"info","message":"Ensuring collection replyTo","timestamp":"2026-05-11T08:24:17.477Z","namespace":"allpeep:db"}
{"level":"info","message":"ensuring index unique-replies","timestamp":"2026-05-11T08:24:17.478Z","namespace":"allpeep:db"}
{"level":"info","message":"Ensuring collection repost","timestamp":"2026-05-11T08:24:17.479Z","namespace":"allpeep:db"}
{"level":"info","message":"ensuring index unique-reposts","timestamp":"2026-05-11T08:24:17.480Z","namespace":"allpeep:db"}
{"level":"info","message":"Ensuring collection mediaAttachments","timestamp":"2026-05-11T08:24:17.481Z","namespace":"allpeep:db"}
{"level":"info","message":"Ensuring collection roles","timestamp":"2026-05-11T08:24:17.483Z","namespace":"allpeep:db"}
{"level":"info","message":"Ensuring collection accessTokens","timestamp":"2026-05-11T08:24:17.484Z","namespace":"allpeep:db"}
{"level":"info","message":"Ensuring collection profileAccessTokens","timestamp":"2026-05-11T08:24:17.486Z","namespace":"allpeep:db"}
{"level":"info","message":"ensuring index unique-profile-access-tokens","timestamp":"2026-05-11T08:24:17.487Z","namespace":"allpeep:db"}
{"level":"info","message":"Ensuring collection hasRole","timestamp":"2026-05-11T08:24:17.488Z","namespace":"allpeep:db"}
{"level":"info","message":"Ensuring collection notifications","timestamp":"2026-05-11T08:24:17.490Z","namespace":"allpeep:db"}
{"level":"info","message":"Ensuring collection pushSubscriptions","timestamp":"2026-05-11T08:24:17.492Z","namespace":"allpeep:db"}
{"level":"info","message":"Ensuring collection accountToPushSubscription","timestamp":"2026-05-11T08:24:17.494Z","namespace":"allpeep:db"}
{"level":"info","message":"Ensuring collection jamEvents","timestamp":"2026-05-11T08:24:17.495Z","namespace":"allpeep:db"}
{"level":"info","message":"Ensuring collection inviteLinks","timestamp":"2026-05-11T08:24:17.496Z","namespace":"allpeep:db"}
{"level":"info","message":"ensuring index unique-invite-link-slugs","timestamp":"2026-05-11T08:24:17.498Z","namespace":"allpeep:db"}
{"level":"info","message":"Ensuring collection inviteLinkCreators","timestamp":"2026-05-11T08:24:17.499Z","namespace":"allpeep:db"}
{"level":"info","message":"Ensuring collection inviteLinkRedeemers","timestamp":"2026-05-11T08:24:17.500Z","namespace":"allpeep:db"}
{"level":"info","message":"Ensuring collection groups","timestamp":"2026-05-11T08:24:17.501Z","namespace":"allpeep:db"}
{"level":"info","message":"ensuring index unique-group-handles","timestamp":"2026-05-11T08:24:17.503Z","namespace":"allpeep:db"}
{"level":"info","message":"ensuring index search-groups","timestamp":"2026-05-11T08:24:17.504Z","namespace":"allpeep:db"}
{"level":"info","message":"Ensuring collection postGroups","timestamp":"2026-05-11T08:24:17.506Z","namespace":"allpeep:db"}
{"level":"info","message":"Ensuring collection userGroups","timestamp":"2026-05-11T08:24:17.508Z","namespace":"allpeep:db"}
{"level":"info","message":"Ensuring collection hasSeen","timestamp":"2026-05-11T08:24:17.510Z","namespace":"allpeep:db"}
{"level":"info","message":"Ensuring collection hasRead","timestamp":"2026-05-11T08:24:17.511Z","namespace":"allpeep:db"}
{"level":"info","message":"Ensuring collection bookmarks","timestamp":"2026-05-11T08:24:17.513Z","namespace":"allpeep:db"}
{"level":"info","message":"Ensuring collection profileSettings","timestamp":"2026-05-11T08:24:17.515Z","namespace":"allpeep:db"}
{"level":"info","message":"Ensuring collection jamRecordings","timestamp":"2026-05-11T08:24:17.516Z","namespace":"allpeep:db"}
{"level":"info","message":"Ensuring views","timestamp":"2026-05-11T08:24:17.518Z","namespace":"allpeep:db"}
{"level":"info","message":"Ensuring view postSearch","timestamp":"2026-05-11T08:24:17.518Z","namespace":"allpeep:db"}
{"level":"info","message":"Ensuring view groupSearch","timestamp":"2026-05-11T08:24:17.519Z","namespace":"allpeep:db"}
{"level":"info","message":"Ensuring view profileSearch","timestamp":"2026-05-11T08:24:17.521Z","namespace":"allpeep:db"}
{"level":"info","message":"Server initialized.","timestamp":"2026-05-11T08:24:17.538Z","namespace":"server:init"}
{"level":"info","message":"Loaded 155 route module(s).","timestamp":"2026-05-11T08:24:17.539Z","namespace":"server"}
{"level":"info","message":"Server listening on http://localhost:5175","timestamp":"2026-05-11T08:24:17.550Z","namespace":"server"}
{"level":"info","message":"GET    | 200 | /api/openpeeps/core/v1/server/info | 17ms","timestamp":"2026-05-11T08:24:23.516Z","namespace":"server:request"}
{"level":"info","message":"GET    | 401 | /api/openpeeps/core/v1/posts | 2ms","timestamp":"2026-05-11T08:24:23.533Z","namespace":"server:request"}
{"level":"info","message":"Checking ArangoDB availability at http://localhost:8529 (try 1)","timestamp":"2026-05-11T08:25:36.078Z","namespace":"allpeep:db"}
{"level":"info","message":"ArangoDB is available at http://localhost:8529","timestamp":"2026-05-11T08:25:36.090Z","namespace":"allpeep:db"}
{"level":"info","message":"Ensuring functions","timestamp":"2026-05-11T08:25:36.091Z","namespace":"allpeep:db"}
{"level":"info","message":"Using default database","timestamp":"2026-05-11T08:25:36.090Z","namespace":"allpeep:db"}
{"level":"info","message":"Ensuring function CHECK_CAPABILITIES","timestamp":"2026-05-11T08:25:36.091Z","namespace":"allpeep:db"}
{"level":"info","message":"Ensuring function MERGE_CAPABILITIES","timestamp":"2026-05-11T08:25:36.093Z","namespace":"allpeep:db"}
{"level":"info","message":"Skipping data migration Add note type to create entries (018fa9a0-ae6a-79e5-a529-6d13f335dbc4).","timestamp":"2026-05-11T08:25:36.107Z","namespace":"db:dataMigrations"}
{"level":"info","message":"Skipping data migration Replace actor with profile in follows collection (019131ae-e429-7d15-bd25-6ed89b04952d).","timestamp":"2026-05-11T08:25:36.109Z","namespace":"db:dataMigrations"}
{"level":"info","message":"Skipping data migration Replace actor with profile in entries collection (0191942c-3931-779c-9d40-74be98aa4220).","timestamp":"2026-05-11T08:25:36.112Z","namespace":"db:dataMigrations"}
{"level":"info","message":"Skipping data migration Replace actor with profile in hasRole collection (0191942c-8280-76d1-a7a1-8caa454ea5ab).","timestamp":"2026-05-11T08:25:36.115Z","namespace":"db:dataMigrations"}
{"level":"info","message":"Skipping data migration Replace actor with profile in mentions collection (0191942c-a90e-71e6-846f-7dc882c8c00b).","timestamp":"2026-05-11T08:25:36.119Z","namespace":"db:dataMigrations"}
{"level":"info","message":"Skipping data migration Replace actor with profile in reactions collection (0191942c-e79f-7bb4-9e28-59a30519225d).","timestamp":"2026-05-11T08:25:36.122Z","namespace":"db:dataMigrations"}
{"level":"info","message":"Skipping data migration Replace actor with profile in controls collection (0191942c-e79f-7bb4-9e28-59a30519225e).","timestamp":"2026-05-11T08:25:36.125Z","namespace":"db:dataMigrations"}
{"level":"info","message":"Skipping data migration Rename actor collection to profiles (0191942f-4766-7d9c-b71f-5497a39ae774).","timestamp":"2026-05-11T08:25:36.127Z","namespace":"db:dataMigrations"}
{"level":"info","message":"Skipping data migration Remove logs collection (0191e638-ed19-721f-9aed-429714253ead).","timestamp":"2026-05-11T08:25:36.138Z","namespace":"db:dataMigrations"}
{"level":"info","message":"Skipping data migration Rename user collection to account (01920f6b-ebf7-719b-8da4-d99e4b082486).","timestamp":"2026-05-11T08:25:36.141Z","namespace":"db:dataMigrations"}
{"level":"info","message":"Skipping data migration Rename userToPushSubscription collection to accountToPushSubscription (01920f58-dcc7-7b86-b0fc-03e7536aae93).","timestamp":"2026-05-11T08:25:36.146Z","namespace":"db:dataMigrations"}
{"level":"info","message":"Skipping data migration Replace user with account in controls collection (0192057e-f212-76b1-9e54-b5518c2927c7).","timestamp":"2026-05-11T08:25:36.148Z","namespace":"db:dataMigrations"}
{"level":"info","message":"Skipping data migration Replace user with account in accountToPushSubscription collection (01920a04-a3f5-7b10-8a31-c55dfae82c6d).","timestamp":"2026-05-11T08:25:36.151Z","namespace":"db:dataMigrations"}
{"level":"info","message":"Skipping data migration Deleting index on username (01920f80-0d50-7dee-a6cc-c78dc5200c32).","timestamp":"2026-05-11T08:25:36.153Z","namespace":"db:dataMigrations"}
{"level":"info","message":"Skipping data migration Renaming username to handle (01920fb5-1afb-70e4-9f8a-f47b6b49918b).","timestamp":"2026-05-11T08:25:36.154Z","namespace":"db:dataMigrations"}
{"level":"info","message":"Skipping data migration Fixing jam events (01927134-8082-727f-9df0-1c152a020e33).","timestamp":"2026-05-11T08:25:36.156Z","namespace":"db:dataMigrations"}
{"level":"info","message":"Skipping data migration Fixing notifications (01927158-191a-7ca9-bbd3-0c6cfe505731).","timestamp":"2026-05-11T08:25:36.157Z","namespace":"db:dataMigrations"}
{"level":"info","message":"Skipping data migration Fixing jam events again (0192900c-5b17-7dd8-8afd-d6c6c160ad8e).","timestamp":"2026-05-11T08:25:36.159Z","namespace":"db:dataMigrations"}
{"level":"info","message":"Skipping data migration Fixing notification type (0194d539-06ac-750c-9577-e982464575ae).","timestamp":"2026-05-11T08:25:36.160Z","namespace":"db:dataMigrations"}
{"level":"info","message":"Skipping data migration Copy mentions content to audience for direct messages only (0194f5d4-e347-7c4c-b26c-ec712812ae74).","timestamp":"2026-05-11T08:25:36.162Z","namespace":"db:dataMigrations"}
{"level":"info","message":"Skipping data migration Generate and set createdAt and updatedAt entries for mentions (0194fc1f-13ea-72f7-8954-0609b77af91e).","timestamp":"2026-05-11T08:25:36.163Z","namespace":"db:dataMigrations"}
{"level":"info","message":"Skipping data migration Convert jams to events and remove jams collection (0196795d-274b-7c51-9095-95880f9e815e).","timestamp":"2026-05-11T08:25:36.165Z","namespace":"db:dataMigrations"}
{"level":"info","message":"Skipping data migration Fix malformed hashtags created by old regex pattern (01a19837-edf6-43db-8953-6c19ecaab122).","timestamp":"2026-05-11T08:25:36.166Z","namespace":"db:dataMigrations"}
{"level":"info","message":"Skipping data migration Adding type on existing push subcriptions (01976851-be8c-7115-a82a-27c540d5320a).","timestamp":"2026-05-11T08:25:36.169Z","namespace":"db:dataMigrations"}
{"level":"info","message":"Skipping data migration Add data to post (019802f2-b27a-72c3-9ca1-fc344b72b66b).","timestamp":"2026-05-11T08:25:36.170Z","namespace":"db:dataMigrations"}
{"level":"info","message":"Skipping data migration Setting profiles without type to \"local\" (01988a61-aa54-7b47-abc8-f0e63bf5fdd6).","timestamp":"2026-05-11T08:25:36.172Z","namespace":"db:dataMigrations"}
{"level":"info","message":"Skipping data migration Update group memeberships from capabilities to roles (019898f2-c539-7cfb-ba41-cf58f952dd62).","timestamp":"2026-05-11T08:25:36.173Z","namespace":"db:dataMigrations"}
{"level":"info","message":"Skipping data migration Update group capabilities (01989922-a9a0-7aae-8b9e-6416ed9c67b7).","timestamp":"2026-05-11T08:25:36.174Z","namespace":"db:dataMigrations"}
{"level":"info","message":"Skipping data migration Update jam events (0198a7fc-72d1-7a2f-8c15-7d1bd0f0d109).","timestamp":"2026-05-11T08:25:36.176Z","namespace":"db:dataMigrations"}
{"level":"info","message":"Skipping data migration Refactor theme for allpeep-community config to light/dark structure (8bdf3512-0649-48c8-a9af-b6bfd1f86f1a).","timestamp":"2026-05-11T08:25:36.177Z","namespace":"db:dataMigrations"}
{"level":"info","message":"Skipping data migration Add creator ids to posts for easier filtering (0199c52d-2bf0-74e8-9a2f-ff65fd5b7b6a).","timestamp":"2026-05-11T08:25:36.179Z","namespace":"db:dataMigrations"}
{"level":"info","message":"Skipping data migration Remove jam messages left without profileId because of a bad migration (0199ec4e-aed3-787c-a180-9aed9166a882).","timestamp":"2026-05-11T08:25:36.180Z","namespace":"db:dataMigrations"}
{"level":"info","message":"Skipping data migration Make current users members so they can keep posting (019a2b1f-b21c-7f69-8b24-e186bb59c6b5).","timestamp":"2026-05-11T08:25:36.182Z","namespace":"db:dataMigrations"}
{"level":"info","message":"Skipping data migration Create default profile configs for existing profiles (b1f4c3d2-5e6f-4a7b-8c9d-0e1f2a3b4c5d).","timestamp":"2026-05-11T08:25:36.184Z","namespace":"db:dataMigrations"}
{"level":"info","message":"Skipping data migration Delete guest reports and their reportedProfile edges (41c542ad-1dd5-4407-bac5-dfe2aa83edcf).","timestamp":"2026-05-11T08:25:36.185Z","namespace":"db:dataMigrations"}
{"level":"info","message":"Skipping data migration Deleting Duplicate Group Memberships (bed1669c-8487-4ab9-ba23-8aec8b6e215d).","timestamp":"2026-05-11T08:25:36.187Z","namespace":"db:dataMigrations"}
{"level":"info","message":"Skipping data migration Add reply, RSVP, and vote post capabilities for group members (019c98bd-56bf-7326-a4ea-45fd4fcd2309).","timestamp":"2026-05-11T08:25:36.188Z","namespace":"db:dataMigrations"}
{"level":"info","message":"Skipping data migration Removing all deleted accounts, their push subscriptions, and connecting edges (65c54e29-c0f7-4336-8dbb-c250d8f6c5d5).","timestamp":"2026-05-11T08:25:36.190Z","namespace":"db:dataMigrations"}
{"level":"info","message":"Skipping data migration Rename configuration document keys from allpeep-* to openpeeps-* (a1b2c3d4-e5f6-4a7b-8c9d-0e1f2a3b4c5d).","timestamp":"2026-05-11T08:25:36.191Z","namespace":"db:dataMigrations"}
{"level":"info","message":"Cleaning up dangling edges...","timestamp":"2026-05-11T08:25:36.191Z","namespace":"db:cleanup"}
{"level":"info","message":"Removed 0 dangling edges in accountToPushSubscription [46 ms])","timestamp":"2026-05-11T08:25:36.237Z","namespace":"db:cleanup"}
{"level":"info","message":"Removed 0 dangling edges in createdReport [47 ms])","timestamp":"2026-05-11T08:25:36.238Z","namespace":"db:cleanup"}
{"level":"info","message":"Removed 0 dangling edges in controls [50 ms])","timestamp":"2026-05-11T08:25:36.241Z","namespace":"db:cleanup"}
{"level":"info","message":"Removed 0 dangling edges in userGroups [52 ms])","timestamp":"2026-05-11T08:25:36.243Z","namespace":"db:cleanup"}
{"level":"info","message":"Removed 0 dangling edges in follows [53 ms])","timestamp":"2026-05-11T08:25:36.244Z","namespace":"db:cleanup"}
{"level":"info","message":"Removed 0 dangling edges in entries [61 ms])","timestamp":"2026-05-11T08:25:36.252Z","namespace":"db:cleanup"}
{"level":"info","message":"Removed 0 dangling edges in repost [63 ms])","timestamp":"2026-05-11T08:25:36.254Z","namespace":"db:cleanup"}
{"level":"info","message":"Removed 0 dangling edges in profileAccessTokens [64 ms])","timestamp":"2026-05-11T08:25:36.255Z","namespace":"db:cleanup"}
{"level":"info","message":"Removed 0 dangling edges in hasRead [65 ms])","timestamp":"2026-05-11T08:25:36.256Z","namespace":"db:cleanup"}
{"level":"info","message":"Removed 0 dangling edges in hasRole [70 ms])","timestamp":"2026-05-11T08:25:36.261Z","namespace":"db:cleanup"}
{"level":"info","message":"Removed 0 dangling edges in requestsFollow [72 ms])","timestamp":"2026-05-11T08:25:36.263Z","namespace":"db:cleanup"}
{"level":"info","message":"Removed 0 dangling edges in isReportedObject [73 ms])","timestamp":"2026-05-11T08:25:36.264Z","namespace":"db:cleanup"}
{"level":"info","message":"Removed 0 dangling edges in postHashtags [75 ms])","timestamp":"2026-05-11T08:25:36.266Z","namespace":"db:cleanup"}
{"level":"info","message":"Removed 0 dangling edges in audience [81 ms])","timestamp":"2026-05-11T08:25:36.272Z","namespace":"db:cleanup"}
{"level":"info","message":"Removed 0 dangling edges in isReportedProfile [82 ms])","timestamp":"2026-05-11T08:25:36.273Z","namespace":"db:cleanup"}
{"level":"info","message":"Removed 0 dangling edges in mentions [84 ms])","timestamp":"2026-05-11T08:25:36.275Z","namespace":"db:cleanup"}
{"level":"info","message":"Removed 0 dangling edges in inviteLinkCreators [85 ms])","timestamp":"2026-05-11T08:25:36.276Z","namespace":"db:cleanup"}
{"level":"info","message":"Removed 0 dangling edges in inviteLinkRedeemers [86 ms])","timestamp":"2026-05-11T08:25:36.277Z","namespace":"db:cleanup"}
{"level":"info","message":"Removed 0 dangling edges in jamRecordings [87 ms])","timestamp":"2026-05-11T08:25:36.278Z","namespace":"db:cleanup"}
{"level":"info","message":"Removed 0 dangling edges in hasSeen [88 ms])","timestamp":"2026-05-11T08:25:36.279Z","namespace":"db:cleanup"}
{"level":"info","message":"Removed 0 dangling edges in bookmarks [89 ms])","timestamp":"2026-05-11T08:25:36.280Z","namespace":"db:cleanup"}
{"level":"info","message":"Removed 0 dangling edges in reactions [91 ms])","timestamp":"2026-05-11T08:25:36.282Z","namespace":"db:cleanup"}
{"level":"info","message":"Removed 0 dangling edges in postGroups [93 ms])","timestamp":"2026-05-11T08:25:36.284Z","namespace":"db:cleanup"}
{"level":"info","message":"Removed 0 dangling edges in postSeen [95 ms])","timestamp":"2026-05-11T08:25:36.286Z","namespace":"db:cleanup"}
{"level":"info","message":"Removed 0 dangling edges in replyTo [98 ms])","timestamp":"2026-05-11T08:25:36.289Z","namespace":"db:cleanup"}
{"level":"info","message":"Ensuring collections","timestamp":"2026-05-11T08:25:36.289Z","namespace":"allpeep:db"}
{"level":"info","message":"Ensuring collection dataMigrations","timestamp":"2026-05-11T08:25:36.289Z","namespace":"allpeep:db"}
{"level":"info","message":"Ensuring collection i18n","timestamp":"2026-05-11T08:25:36.291Z","namespace":"allpeep:db"}
{"level":"info","message":"Ensuring collection configs","timestamp":"2026-05-11T08:25:36.292Z","namespace":"allpeep:db"}
{"level":"info","message":"Ensuring collection accounts","timestamp":"2026-05-11T08:25:36.293Z","namespace":"allpeep:db"}
{"level":"info","message":"ensuring index unique-emails","timestamp":"2026-05-11T08:25:36.295Z","namespace":"allpeep:db"}
{"level":"info","message":"Ensuring collection profiles","timestamp":"2026-05-11T08:25:36.296Z","namespace":"allpeep:db"}
{"level":"info","message":"ensuring index unique-activityPub-identifiers","timestamp":"2026-05-11T08:25:36.297Z","namespace":"allpeep:db"}
{"level":"info","message":"ensuring index search-profiles","timestamp":"2026-05-11T08:25:36.298Z","namespace":"allpeep:db"}
{"level":"info","message":"Ensuring collection follows","timestamp":"2026-05-11T08:25:36.299Z","namespace":"allpeep:db"}
{"level":"info","message":"ensuring index unique-follows","timestamp":"2026-05-11T08:25:36.301Z","namespace":"allpeep:db"}
{"level":"info","message":"Ensuring collection requestsFollow","timestamp":"2026-05-11T08:25:36.302Z","namespace":"allpeep:db"}
{"level":"info","message":"Ensuring collection controls","timestamp":"2026-05-11T08:25:36.303Z","namespace":"allpeep:db"}
{"level":"info","message":"Ensuring collection posts","timestamp":"2026-05-11T08:25:36.305Z","namespace":"allpeep:db"}
{"level":"info","message":"ensuring index search-posts","timestamp":"2026-05-11T08:25:36.306Z","namespace":"allpeep:db"}
{"level":"info","message":"Ensuring collection mentions","timestamp":"2026-05-11T08:25:36.308Z","namespace":"allpeep:db"}
{"level":"info","message":"Ensuring collection audience","timestamp":"2026-05-11T08:25:36.310Z","namespace":"allpeep:db"}
{"level":"info","message":"Ensuring collection hashtags","timestamp":"2026-05-11T08:25:36.311Z","namespace":"allpeep:db"}
{"level":"info","message":"Ensuring collection postHashtags","timestamp":"2026-05-11T08:25:36.312Z","namespace":"allpeep:db"}
{"level":"info","message":"Ensuring collection reports","timestamp":"2026-05-11T08:25:36.314Z","namespace":"allpeep:db"}
{"level":"info","message":"Ensuring collection createdReport","timestamp":"2026-05-11T08:25:36.316Z","namespace":"allpeep:db"}
{"level":"info","message":"Ensuring collection isReportedProfile","timestamp":"2026-05-11T08:25:36.317Z","namespace":"allpeep:db"}
{"level":"info","message":"Ensuring collection isReportedObject","timestamp":"2026-05-11T08:25:36.319Z","namespace":"allpeep:db"}
{"level":"info","message":"Ensuring collection entries","timestamp":"2026-05-11T08:25:36.320Z","namespace":"allpeep:db"}
{"level":"info","message":"ensuring index search-entries","timestamp":"2026-05-11T08:25:36.321Z","namespace":"allpeep:db"}
{"level":"info","message":"Ensuring collection reactions","timestamp":"2026-05-11T08:25:36.323Z","namespace":"allpeep:db"}
{"level":"info","message":"ensuring index unique-reactions","timestamp":"2026-05-11T08:25:36.324Z","namespace":"allpeep:db"}
{"level":"info","message":"Ensuring collection replyTo","timestamp":"2026-05-11T08:25:36.325Z","namespace":"allpeep:db"}
{"level":"info","message":"ensuring index unique-replies","timestamp":"2026-05-11T08:25:36.326Z","namespace":"allpeep:db"}
{"level":"info","message":"Ensuring collection repost","timestamp":"2026-05-11T08:25:36.327Z","namespace":"allpeep:db"}
{"level":"info","message":"ensuring index unique-reposts","timestamp":"2026-05-11T08:25:36.329Z","namespace":"allpeep:db"}
{"level":"info","message":"Ensuring collection mediaAttachments","timestamp":"2026-05-11T08:25:36.330Z","namespace":"allpeep:db"}
{"level":"info","message":"Ensuring collection roles","timestamp":"2026-05-11T08:25:36.331Z","namespace":"allpeep:db"}
{"level":"info","message":"Ensuring collection accessTokens","timestamp":"2026-05-11T08:25:36.332Z","namespace":"allpeep:db"}
{"level":"info","message":"Ensuring collection profileAccessTokens","timestamp":"2026-05-11T08:25:36.334Z","namespace":"allpeep:db"}
{"level":"info","message":"ensuring index unique-profile-access-tokens","timestamp":"2026-05-11T08:25:36.335Z","namespace":"allpeep:db"}
{"level":"info","message":"Ensuring collection hasRole","timestamp":"2026-05-11T08:25:36.336Z","namespace":"allpeep:db"}
{"level":"info","message":"Ensuring collection notifications","timestamp":"2026-05-11T08:25:36.337Z","namespace":"allpeep:db"}
{"level":"info","message":"Ensuring collection pushSubscriptions","timestamp":"2026-05-11T08:25:36.339Z","namespace":"allpeep:db"}
{"level":"info","message":"Ensuring collection accountToPushSubscription","timestamp":"2026-05-11T08:25:36.340Z","namespace":"allpeep:db"}
{"level":"info","message":"Ensuring collection jamEvents","timestamp":"2026-05-11T08:25:36.342Z","namespace":"allpeep:db"}
{"level":"info","message":"Ensuring collection inviteLinks","timestamp":"2026-05-11T08:25:36.343Z","namespace":"allpeep:db"}
{"level":"info","message":"ensuring index unique-invite-link-slugs","timestamp":"2026-05-11T08:25:36.344Z","namespace":"allpeep:db"}
{"level":"info","message":"Ensuring collection inviteLinkCreators","timestamp":"2026-05-11T08:25:36.345Z","namespace":"allpeep:db"}
{"level":"info","message":"Ensuring collection inviteLinkRedeemers","timestamp":"2026-05-11T08:25:36.347Z","namespace":"allpeep:db"}
{"level":"info","message":"Ensuring collection groups","timestamp":"2026-05-11T08:25:36.348Z","namespace":"allpeep:db"}
{"level":"info","message":"ensuring index unique-group-handles","timestamp":"2026-05-11T08:25:36.349Z","namespace":"allpeep:db"}
{"level":"info","message":"ensuring index search-groups","timestamp":"2026-05-11T08:25:36.350Z","namespace":"allpeep:db"}
{"level":"info","message":"Ensuring collection postGroups","timestamp":"2026-05-11T08:25:36.352Z","namespace":"allpeep:db"}
{"level":"info","message":"Ensuring collection userGroups","timestamp":"2026-05-11T08:25:36.353Z","namespace":"allpeep:db"}
{"level":"info","message":"Ensuring collection hasSeen","timestamp":"2026-05-11T08:25:36.354Z","namespace":"allpeep:db"}
{"level":"info","message":"Ensuring collection hasRead","timestamp":"2026-05-11T08:25:36.356Z","namespace":"allpeep:db"}
{"level":"info","message":"Ensuring collection bookmarks","timestamp":"2026-05-11T08:25:36.357Z","namespace":"allpeep:db"}
{"level":"info","message":"Ensuring collection profileSettings","timestamp":"2026-05-11T08:25:36.358Z","namespace":"allpeep:db"}
{"level":"info","message":"Ensuring collection jamRecordings","timestamp":"2026-05-11T08:25:36.359Z","namespace":"allpeep:db"}
{"level":"info","message":"Ensuring views","timestamp":"2026-05-11T08:25:36.361Z","namespace":"allpeep:db"}
{"level":"info","message":"Ensuring view postSearch","timestamp":"2026-05-11T08:25:36.361Z","namespace":"allpeep:db"}
{"level":"info","message":"Ensuring view groupSearch","timestamp":"2026-05-11T08:25:36.362Z","namespace":"allpeep:db"}
{"level":"info","message":"Ensuring view profileSearch","timestamp":"2026-05-11T08:25:36.364Z","namespace":"allpeep:db"}
{"level":"info","message":"Server initialized.","timestamp":"2026-05-11T08:25:36.382Z","namespace":"server:init"}
{"level":"info","message":"Loaded 155 route module(s).","timestamp":"2026-05-11T08:25:36.383Z","namespace":"server"}
{"level":"info","message":"Server listening on http://localhost:5176","timestamp":"2026-05-11T08:25:36.392Z","namespace":"server"}
{"level":"info","message":"GET    | 200 | /api/openpeeps/core/v1/server/info | 15ms","timestamp":"2026-05-11T08:25:42.097Z","namespace":"server:request"}
{"level":"info","message":"GET    | 401 | /api/openpeeps/core/v1/posts | 2ms","timestamp":"2026-05-11T08:25:42.110Z","namespace":"server:request"}
{"level":"info","message":"GET    | 403 | /api/openpeeps/core/v1/profiles/current | 1ms","timestamp":"2026-05-11T08:25:42.123Z","namespace":"server:request"}
{"level":"info","message":"GET    | 401 | /api/openpeeps/core/v1/groups | 0ms","timestamp":"2026-05-11T08:25:42.132Z","namespace":"server:request"}
{"level":"info","message":"POST   | 400 | /api/openpeeps/core/v1/auth/login | 2ms","timestamp":"2026-05-11T08:25:42.143Z","namespace":"server:request"}
